cart_id,user_id,created_at,updated_at
1,8,2022-02-13 23:41:11,2022-11-21 16:04:26
2,814,2022-02-22 07:06:25,2022-11-23 23:33:37
3,147,2022-03-27 07:53:31,2022-08-24 13:04:16
4,451,2022-05-14 01:08:04,2022-08-04 19:33:17
5,455,2022-04-23 23:42:52,2022-11-10 18:55:25
6,163,2022-02-16 21:44:31,2022-09-06 07:30:43
7,304,2022-05-02 19:26:40,2022-09-28 13:44:51
8,573,2022-05-22 22:50:51,2022-10-16 22:36:48
9,107,2022-04-20 16:02:09,2022-10-29 18:26:17
10,49,2022-01-09 01:33:55,2022-06-08 06:31:42
11,5,2022-05-29 00:32:02,2022-07-30 20:03:51
12,234,2022-01-21 04:42:57,2022-06-03 08:02:45
13,560,2022-01-19 16:33:35,2022-10-15 20:25:47
14,211,2022-04-16 00:40:42,2022-08-01 13:54:45
15,80,2022-02-12 09:21:53,2022-06-12 17:06:56
16,647,2022-02-09 19:39:44,2022-08-11 10:41:21
17,624,2022-03-31 12:15:22,2022-06-26 09:40:42
18,902,2022-04-29 04:49:31,2022-09-18 20:37:22
19,549,2022-04-29 20:41:36,2022-12-17 11:18:25
20,475,2022-03-11 09:47:25,2022-11-21 03:09:27
21,318,2022-03-03 20:36:15,2022-11-14 16:15:09
22,718,2022-01-29 05:50:17,2022-12-03 19:05:59
23,516,2022-02-17 06:25:23,2022-07-28 22:18:44
24,292,2022-05-20 12:18:02,2022-11-13 14:43:28
25,45,2022-04-30 19:19:10,2022-07-27 03:15:08
26,407,2022-04-11 14:46:05,2022-07-04 15:40:34
27,818,2022-01-23 13:54:24,2022-10-02 21:53:18
28,850,2022-02-10 10:07:42,2022-08-11 13:40:12
29,246,2022-05-11 17:54:19,2022-07-26 04:42:29
30,170,2022-01-16 14:53:11,2022-08-27 00:17:10
31,29,2022-01-02 00:12:37,2022-11-28 09:56:42
32,124,2022-02-24 04:39:27,2022-10-15 18:11:40
33,724,2022-05-17 05:51:33,2022-11-01 06:11:38
34,906,2022-03-13 19:36:20,2022-08-25 18:42:23
35,608,2022-02-12 22:30:04,2022-06-26 07:34:15
36,538,2022-03-28 08:13:29,2022-06-03 14:40:50
37,122,2022-05-19 00:53:55,2022-12-15 13:48:55
38,886,2022-02-12 04:55:09,2022-12-21 08:29:17
39,653,2022-01-02 03:04:54,2022-06-05 10:31:12
40,837,2022-01-13 21:58:16,2022-06-05 03:51:43
41,341,2022-05-24 01:46:47,2022-07-04 05:33:03
42,741,2022-03-07 08:51:44,2022-07-20 06:02:12
43,404,2022-01-26 12:01:08,2022-09-26 23:44:15
44,508,2022-01-17 17:19:42,2022-06-07 06:04:01
45,906,2022-05-05 12:56:53,2022-11-28 07:21:56
46,855,2022-03-30 10:15:56,2022-10-11 10:08:13
47,875,2022-02-06 09:04:38,2022-08-29 14:32:27
48,358,2022-01-30 04:45:39,2022-10-26 18:05:32
49,288,2022-04-05 18:21:25,2022-07-21 05:09:08
50,938,2022-04-28 11:24:02,2022-11-27 04:08:08
51,616,2022-01-27 22:37:28,2022-06-23 05:47:01
52,112,2022-01-19 04:25:42,2022-09-14 13:42:51
53,607,2022-05-03 06:03:34,2022-07-09 21:23:10
54,169,2022-03-18 02:34:56,2022-06-10 04:29:54
55,347,2022-02-17 06:26:58,2022-09-27 16:05:28
56,142,2022-02-24 23:23:28,2022-08-01 09:49:33
57,362,2022-03-15 18:16:03,2022-10-04 08:46:10
58,435,2022-01-09 05:56:31,2022-07-06 12:54:06
59,819,2022-05-28 07:49:07,2022-11-21 22:27:04
60,758,2022-04-17 16:39:40,2022-07-05 07:43:13
61,170,2022-03-30 16:55:07,2022-06-30 04:51:16
62,138,2022-02-13 09:40:08,2022-08-18 08:14:55
63,624,2022-04-18 07:01:25,2022-11-29 19:20:45
64,368,2022-01-21 16:44:33,2022-11-29 20:27:15
65,55,2022-04-29 15:45:43,2022-09-13 19:08:37
66,710,2022-01-22 20:57:07,2022-09-07 15:22:29
67,466,2022-04-20 08:37:26,2022-10-29 07:33:52
68,974,2022-02-27 12:23:14,2022-07-20 21:17:42
69,747,2022-03-18 16:39:48,2022-08-02 00:47:52
70,322,2022-01-10 09:27:56,2022-07-23 18:52:40
71,745,2022-04-09 12:40:54,2022-10-28 04:58:02
72,792,2022-05-18 18:11:39,2022-12-28 09:43:27
73,433,2022-05-01 20:00:55,2022-09-27 21:27:49
74,13,2022-03-18 16:02:41,2022-11-01 08:53:59
75,457,2022-03-06 13:49:51,2022-12-27 19:43:09
76,527,2022-02-28 18:06:17,2022-10-21 05:41:58
77,414,2022-03-16 20:03:12,2022-11-30 07:36:26
78,428,2022-03-21 01:59:25,2022-07-13 21:14:15
79,157,2022-05-05 01:48:37,2022-10-05 13:26:21
80,387,2022-01-27 12:00:55,2022-10-06 09:14:10
81,152,2022-02-15 16:31:35,2022-11-26 19:18:49
82,838,2022-02-07 02:29:34,2022-11-17 08:07:11
83,298,2022-04-16 14:01:43,2022-06-29 17:40:39
84,432,2022-01-31 22:04:03,2022-12-20 06:52:19
85,715,2022-01-19 08:06:17,2022-08-13 08:37:40
86,447,2022-01-25 07:33:38,2022-11-22 02:57:54
87,200,2022-05-25 05:20:13,2022-07-17 09:10:19
88,643,2022-02-05 08:04:41,2022-12-14 13:20:29
89,916,2022-04-29 00:37:28,2022-11-15 07:59:58
90,640,2022-02-17 16:14:21,2022-09-09 09:24:02
91,321,2022-02-02 10:46:50,2022-08-27 04:59:55
92,401,2022-05-07 03:11:35,2022-06-09 10:54:24
93,830,2022-05-10 17:49:16,2022-12-17 02:08:21
94,189,2022-04-07 06:11:25,2022-09-04 19:43:06
95,623,2022-03-12 05:12:43,2022-11-08 23:58:48
96,738,2022-02-28 21:55:25,2022-11-10 22:19:37
97,743,2022-01-14 07:42:45,2022-09-19 13:19:17
98,461,2022-04-01 21:16:30,2022-08-23 05:32:00
99,911,2022-05-02 14:08:06,2022-09-29 10:56:46
100,198,2022-05-12 09:35:50,2022-06-11 02:54:47
101,894,2022-03-11 19:27:07,2022-06-06 07:59:19
102,759,2022-04-07 00:57:35,2022-10-03 03:11:23
103,23,2022-05-21 02:31:00,2022-08-16 14:47:58
104,966,2022-01-12 18:42:29,2022-08-15 17:55:47
105,312,2022-03-13 18:59:44,2022-12-13 15:34:58
106,692,2022-03-23 05:38:36,2022-10-01 19:26:31
107,467,2022-03-10 14:21:45,2022-07-06 12:13:42
108,804,2022-04-17 00:04:18,2022-10-07 13:38:01
109,555,2022-01-09 21:35:13,2022-09-15 07:32:21
110,881,2022-01-20 07:24:48,2022-09-13 08:07:39
111,79,2022-03-31 15:03:57,2022-12-02 13:37:25
112,162,2022-04-27 00:34:09,2022-07-15 01:50:01
113,77,2022-03-18 20:20:12,2022-09-22 14:59:21
114,171,2022-02-18 08:15:04,2022-10-05 07:16:48
115,362,2022-04-19 23:01:52,2022-09-14 21:07:01
116,894,2022-02-05 07:08:56,2022-11-13 00:39:10
117,312,2022-02-23 11:55:12,2022-09-16 22:02:43
118,413,2022-05-06 04:05:22,2022-09-03 06:26:45
119,351,2022-05-14 23:08:53,2022-12-20 21:11:33
120,88,2022-04-15 06:36:25,2022-07-27 13:54:39
121,745,2022-04-27 03:23:02,2022-12-19 09:25:41
122,14,2022-05-08 10:23:59,2022-07-07 14:07:15
123,709,2022-04-10 13:44:46,2022-06-22 11:19:29
124,566,2022-01-07 08:14:38,2022-08-19 13:35:53
125,200,2022-04-23 12:07:43,2022-06-16 04:02:17
126,740,2022-02-04 21:25:10,2022-10-24 12:30:38
127,438,2022-05-29 03:15:02,2022-12-10 18:08:22
128,473,2022-01-01 19:17:05,2022-06-21 00:30:44
129,847,2022-04-27 17:48:36,2022-06-03 21:30:02
130,178,2022-02-14 06:44:19,2022-10-11 04:41:25
131,743,2022-02-07 04:11:42,2022-12-20 00:20:30
132,833,2022-02-28 18:17:29,2022-08-06 12:02:21
133,281,2022-02-27 09:53:52,2022-08-18 03:03:49
134,403,2022-04-12 23:12:31,2022-07-26 13:50:34
135,583,2022-03-13 22:32:25,2022-06-05 02:01:49
136,294,2022-05-23 09:55:34,2022-07-18 09:14:20
137,551,2022-02-13 21:16:10,2022-12-25 05:37:15
138,987,2022-03-26 15:02:27,2022-08-01 00:43:25
139,17,2022-04-08 07:16:06,2022-10-20 20:16:34
140,249,2022-03-14 00:21:58,2022-06-19 22:57:56
141,218,2022-01-15 22:26:45,2022-11-08 15:51:33
142,901,2022-02-01 13:15:18,2022-09-06 22:22:17
143,862,2022-01-03 18:16:23,2022-10-18 18:59:17
144,709,2022-03-11 09:39:47,2022-10-06 17:11:57
145,455,2022-02-18 05:35:20,2022-08-28 19:24:00
146,224,2022-03-03 01:11:48,2022-08-02 18:17:05
147,135,2022-02-21 03:42:42,2022-06-30 02:39:29
148,91,2022-05-12 08:53:14,2022-06-21 13:52:58
149,418,2022-01-09 09:08:03,2022-07-02 21:59:50
150,467,2022-03-23 22:41:28,2022-09-27 19:15:50
151,307,2022-05-28 12:30:12,2022-09-10 10:17:31
152,969,2022-02-18 23:17:26,2022-10-24 06:44:41
153,505,2022-04-10 07:54:54,2022-08-05 11:06:01
154,424,2022-03-22 21:21:41,2022-06-04 15:23:36
155,212,2022-03-19 02:18:32,2022-11-01 02:38:53
156,882,2022-03-21 21:20:32,2022-08-19 14:43:34
157,212,2022-05-24 02:33:51,2022-07-16 04:57:46
158,3,2022-04-08 06:12:25,2022-10-22 20:02:39
159,753,2022-03-10 19:32:25,2022-08-01 01:46:36
160,9,2022-01-26 18:08:22,2022-11-25 03:11:20
161,844,2022-05-21 03:38:19,2022-12-05 23:30:46
162,597,2022-03-09 11:27:26,2022-06-22 01:51:39
163,324,2022-02-18 00:31:16,2022-07-18 14:27:13
164,551,2022-04-16 06:02:14,2022-08-30 16:06:01
165,156,2022-05-18 01:15:54,2022-12-25 23:00:27
166,203,2022-01-20 23:21:10,2022-07-22 05:04:51
167,709,2022-03-17 23:56:24,2022-06-27 20:37:22
168,409,2022-05-27 22:25:37,2022-08-05 13:36:46
169,529,2022-01-18 16:23:46,2022-08-02 21:02:17
170,510,2022-03-17 00:08:05,2022-12-06 00:52:03
171,815,2022-01-30 06:21:22,2022-09-21 11:56:59
172,734,2022-05-28 15:43:11,2022-06-09 19:58:15
173,791,2022-04-26 13:08:37,2022-12-20 01:49:17
174,515,2022-02-19 10:16:46,2022-11-15 03:52:37
175,389,2022-01-17 01:31:52,2022-06-15 07:06:00
176,655,2022-03-13 02:35:35,2022-07-13 03:15:25
177,856,2022-04-19 11:10:53,2022-11-08 21:01:55
178,852,2022-01-23 12:44:43,2022-09-05 21:11:52
179,27,2022-02-16 15:37:53,2022-10-29 07:53:35
180,431,2022-01-19 19:15:34,2022-07-02 19:16:34
181,310,2022-05-08 18:26:10,2022-12-21 10:20:32
182,604,2022-02-17 21:06:14,2022-11-06 06:33:46
183,89,2022-05-03 10:09:48,2022-06-03 00:54:36
184,912,2022-04-01 06:52:52,2022-12-24 08:28:05
185,642,2022-05-22 04:27:23,2022-10-07 12:33:56
186,689,2022-05-14 11:57:13,2022-09-11 03:01:47
187,157,2022-01-30 13:15:00,2022-12-24 04:24:42
188,47,2022-02-15 01:02:33,2022-08-28 05:55:36
189,496,2022-05-31 20:02:23,2022-06-12 06:34:04
190,917,2022-04-22 07:47:15,2022-06-30 12:38:51
191,344,2022-04-03 16:09:26,2022-10-01 22:16:36
192,324,2022-02-13 19:26:30,2022-10-22 15:22:21
193,639,2022-02-19 04:45:50,2022-07-10 04:22:58
194,341,2022-04-13 15:02:18,2022-11-25 19:26:31
195,336,2022-02-09 19:24:04,2022-07-30 02:42:24
196,722,2022-02-08 16:12:18,2022-07-21 22:18:15
197,665,2022-02-22 22:33:04,2022-08-10 16:59:11
198,169,2022-04-17 23:22:57,2022-11-03 14:52:49
199,142,2022-05-25 09:39:21,2022-08-24 16:39:40
200,774,2022-04-19 00:49:54,2022-11-09 17:20:40
201,123,2022-02-14 13:23:39,2022-12-07 05:48:16
202,970,2022-03-03 01:26:18,2022-06-14 21:39:38
203,715,2022-04-15 08:24:20,2022-12-24 03:25:08
204,976,2022-02-21 13:28:57,2022-10-21 19:51:16
205,79,2022-05-12 12:18:47,2022-11-18 19:55:06
206,534,2022-05-01 10:00:16,2022-12-28 12:59:59
207,39,2022-02-26 08:46:43,2022-06-24 12:31:06
208,663,2022-02-15 11:52:30,2022-10-29 11:42:56
209,413,2022-04-24 00:53:44,2022-06-10 05:30:37
210,776,2022-01-17 02:08:07,2022-11-09 07:34:34
211,631,2022-04-24 06:28:01,2022-12-06 17:36:31
212,102,2022-02-23 03:22:58,2022-08-09 13:28:04
213,392,2022-03-26 23:56:43,2022-08-21 12:28:41
214,859,2022-05-22 13:48:46,2022-10-17 15:12:21
215,258,2022-01-02 16:39:23,2022-07-14 01:19:53
216,717,2022-04-30 07:33:04,2022-10-21 12:10:29
217,131,2022-04-04 07:21:43,2022-10-25 04:09:28
218,796,2022-05-27 22:31:59,2022-10-12 23:41:16
219,589,2022-05-09 10:27:56,2022-06-19 10:33:24
220,678,2022-02-22 02:01:27,2022-09-02 12:16:17
221,343,2022-01-21 13:05:38,2022-12-13 02:14:06
222,499,2022-05-20 21:53:28,2022-08-21 23:18:25
223,592,2022-02-12 03:31:46,2022-10-23 01:41:59
224,28,2022-04-24 01:16:10,2022-08-16 07:23:24
225,784,2022-02-15 02:32:55,2022-10-31 04:38:43
226,43,2022-01-13 13:17:29,2022-10-30 05:43:52
227,471,2022-03-08 11:35:54,2022-12-08 05:19:32
228,671,2022-05-11 03:49:33,2022-12-06 04:25:44
229,500,2022-01-22 17:29:05,2022-10-01 13:14:02
230,566,2022-04-21 01:44:15,2022-11-01 22:29:00
231,216,2022-03-14 18:34:37,2022-07-27 19:12:17
232,913,2022-03-02 18:11:18,2022-10-23 23:54:38
233,4,2022-02-06 23:58:26,2022-07-20 09:39:23
234,216,2022-03-01 16:59:36,2022-11-09 12:12:48
235,26,2022-01-22 20:22:57,2022-08-27 16:02:01
236,449,2022-03-15 16:00:09,2022-12-05 17:54:14
237,536,2022-04-09 13:58:55,2022-10-09 17:30:03
238,162,2022-02-27 11:10:37,2022-12-17 00:02:29
239,821,2022-02-28 04:11:45,2022-09-12 11:14:20
240,150,2022-03-05 00:02:01,2022-08-27 18:14:36
241,297,2022-02-14 14:11:54,2022-11-04 21:15:46
242,710,2022-01-16 10:32:20,2022-10-24 12:18:09
243,809,2022-05-15 23:15:01,2022-08-19 16:11:27
244,59,2022-05-01 12:18:31,2022-08-09 03:20:45
245,342,2022-04-03 20:41:18,2022-08-19 08:32:45
246,301,2022-04-05 10:46:46,2022-10-12 01:17:58
247,539,2022-04-29 01:26:17,2022-08-12 17:06:48
248,243,2022-03-20 06:22:01,2022-08-02 18:01:26
249,743,2022-03-02 17:47:06,2022-10-20 19:09:54
250,431,2022-04-16 13:48:40,2022-10-28 01:13:42
251,604,2022-03-26 05:23:41,2022-06-05 10:36:08
252,614,2022-02-27 10:01:10,2022-10-16 08:58:12
253,95,2022-02-06 19:52:26,2022-06-17 13:56:02
254,614,2022-04-02 10:19:24,2022-09-28 20:21:05
255,942,2022-04-29 13:15:03,2022-09-27 13:00:03
256,187,2022-04-10 13:18:30,2022-08-23 09:47:10
257,858,2022-02-10 07:37:00,2022-08-22 18:49:56
258,837,2022-05-17 01:19:18,2022-06-16 08:37:17
259,822,2022-02-17 07:00:58,2022-06-09 00:13:06
260,532,2022-04-07 01:36:26,2022-11-13 23:57:58
261,448,2022-03-04 02:17:44,2022-12-29 18:15:24
262,245,2022-02-14 15:54:35,2022-07-31 00:20:07
263,290,2022-05-21 16:21:18,2022-10-22 18:22:27
264,369,2022-01-28 03:11:36,2022-11-25 07:08:53
265,124,2022-01-21 00:05:04,2022-11-25 14:32:36
266,770,2022-02-27 16:26:34,2022-12-07 04:56:32
267,321,2022-04-30 00:51:47,2022-08-30 07:34:05
268,83,2022-05-02 02:14:11,2022-10-12 11:59:18
269,587,2022-04-29 18:45:25,2022-10-09 14:58:55
270,776,2022-03-20 18:24:36,2022-12-19 06:00:44
271,968,2022-01-07 23:01:53,2022-12-22 21:55:25
272,736,2022-03-17 16:49:09,2022-06-15 19:39:59
273,507,2022-02-06 00:17:11,2022-07-24 10:05:11
274,335,2022-03-04 19:32:24,2022-06-16 06:55:12
275,769,2022-04-09 16:37:38,2022-08-25 13:21:23
276,233,2022-03-18 07:04:03,2022-08-25 14:30:18
277,12,2022-01-27 00:18:40,2022-09-11 05:30:42
278,537,2022-03-10 14:55:44,2022-12-21 23:29:56
279,193,2022-04-20 22:42:48,2022-07-24 12:29:13
280,638,2022-05-15 17:00:20,2022-07-21 06:22:40
281,187,2022-02-28 01:48:23,2022-11-15 04:07:53
282,248,2022-02-18 07:26:40,2022-06-20 19:38:19
283,607,2022-03-05 14:21:39,2022-08-03 09:44:22
284,595,2022-03-28 02:53:44,2022-11-05 15:31:48
285,710,2022-02-04 17:34:51,2022-07-04 09:21:49
286,16,2022-01-15 01:22:09,2022-12-04 21:32:33
287,132,2022-02-25 12:57:50,2022-10-08 18:29:43
288,322,2022-05-10 11:43:27,2022-07-10 23:49:53
289,826,2022-01-11 08:04:49,2022-09-16 17:54:12
290,64,2022-04-26 22:15:30,2022-08-24 00:16:09
291,776,2022-04-03 12:51:08,2022-12-16 12:20:20
292,951,2022-05-17 07:09:45,2022-08-08 04:52:10
293,294,2022-03-02 15:19:57,2022-11-02 22:37:23
294,761,2022-01-27 01:36:15,2022-07-06 13:17:37
295,201,2022-04-02 17:29:19,2022-06-11 17:55:39
296,101,2022-03-09 08:04:33,2022-10-26 12:11:41
297,232,2022-01-04 07:00:03,2022-08-10 07:32:01
298,318,2022-04-17 01:27:57,2022-08-06 19:39:08
299,48,2022-04-28 01:00:51,2022-06-12 16:29:50
300,987,2022-04-26 19:52:46,2022-08-23 06:45:11
301,843,2022-02-06 03:15:56,2022-10-31 11:16:32
302,86,2022-04-15 00:14:11,2022-12-05 09:45:36
303,125,2022-03-24 09:10:17,2022-07-22 17:58:55
304,69,2022-03-17 08:29:52,2022-09-20 15:05:31
305,411,2022-03-20 20:20:32,2022-11-07 20:10:21
306,345,2022-02-02 08:18:43,2022-12-28 07:48:02
307,746,2022-05-03 05:22:58,2022-11-07 12:10:36
308,452,2022-02-25 12:48:57,2022-06-08 15:07:30
309,821,2022-03-11 09:53:57,2022-09-15 08:30:00
310,951,2022-03-30 06:31:33,2022-11-06 06:54:14
311,963,2022-05-26 21:34:13,2022-07-03 15:11:11
312,335,2022-05-07 22:38:04,2022-10-12 20:37:36
313,137,2022-03-13 03:26:45,2022-06-30 18:12:35
314,318,2022-03-23 02:37:18,2022-12-26 09:51:29
315,586,2022-03-30 17:53:52,2022-12-25 20:20:50
316,501,2022-04-25 11:58:18,2022-08-17 13:56:23
317,252,2022-03-01 12:15:34,2022-07-23 21:08:41
318,549,2022-04-06 14:42:06,2022-12-14 20:23:12
319,135,2022-04-09 15:40:05,2022-10-12 10:04:56
320,203,2022-04-06 22:15:31,2022-09-26 11:30:52
321,857,2022-01-10 19:46:47,2022-11-17 03:16:51
322,607,2022-03-29 01:00:30,2022-12-18 18:53:36
323,886,2022-01-12 06:19:24,2022-12-28 10:34:47
324,486,2022-03-22 01:06:29,2022-11-08 10:28:17
325,826,2022-04-09 22:48:07,2022-11-01 13:18:50
326,650,2022-03-31 10:55:16,2022-11-29 18:09:31
327,170,2022-02-08 12:44:33,2022-10-21 18:53:33
328,867,2022-05-01 20:08:34,2022-11-19 17:29:23
329,696,2022-04-17 22:25:25,2022-11-28 13:38:23
330,572,2022-03-18 02:37:12,2022-06-10 15:17:01
331,697,2022-03-02 11:19:58,2022-08-13 17:41:48
332,380,2022-02-19 03:23:12,2022-09-17 12:37:27
333,916,2022-04-30 23:22:23,2022-06-24 16:50:51
334,516,2022-03-17 08:09:49,2022-06-08 01:11:16
335,224,2022-04-13 17:29:24,2022-12-18 21:35:41
336,955,2022-02-04 12:46:17,2022-12-12 13:08:21
337,319,2022-03-01 17:18:06,2022-06-07 07:36:52
338,180,2022-01-29 00:11:38,2022-12-07 11:40:22
339,365,2022-05-25 18:08:46,2022-11-22 22:36:13
340,872,2022-01-24 23:06:49,2022-08-01 07:26:50
341,510,2022-02-11 10:23:18,2022-11-29 19:05:57
342,678,2022-01-13 07:16:53,2022-06-01 21:10:01
343,903,2022-04-15 09:14:19,2022-07-07 19:00:41
344,888,2022-05-04 05:44:25,2022-10-03 04:03:10
345,334,2022-01-30 10:08:48,2022-10-12 21:24:51
346,499,2022-04-19 14:10:20,2022-10-09 23:11:47
347,149,2022-04-10 09:44:07,2022-10-08 22:48:03
348,591,2022-02-03 04:31:47,2022-08-06 10:51:36
349,731,2022-01-17 19:43:14,2022-06-16 04:42:23
350,22,2022-03-11 16:44:21,2022-11-07 01:20:45
351,747,2022-02-05 07:22:07,2022-12-23 19:06:42
352,700,2022-05-14 12:06:50,2022-10-13 14:54:51
353,887,2022-05-04 04:48:44,2022-09-13 09:49:09
354,859,2022-01-31 14:11:03,2022-08-02 05:03:35
355,912,2022-05-04 11:41:48,2022-12-03 01:47:36
356,205,2022-03-02 19:32:54,2022-07-11 18:55:05
357,201,2022-03-13 13:59:24,2022-10-05 13:33:18
358,758,2022-05-07 20:13:55,2022-12-07 04:34:44
359,608,2022-03-01 21:25:15,2022-09-25 19:10:01
360,170,2022-03-11 04:39:04,2022-09-21 10:20:58
361,936,2022-02-15 13:04:18,2022-10-14 18:02:22
362,912,2022-02-06 14:43:17,2022-10-16 05:13:03
363,154,2022-05-31 16:16:49,2022-11-14 20:05:14
364,935,2022-02-13 11:48:09,2022-06-29 06:59:32
365,730,2022-03-21 07:59:43,2022-12-07 09:23:08
366,335,2022-04-20 07:06:26,2022-10-17 00:24:25
367,541,2022-03-16 21:47:29,2022-11-24 10:54:15
368,546,2022-04-07 13:19:58,2022-08-30 12:21:29
369,768,2022-04-05 13:58:05,2022-08-15 03:33:17
370,328,2022-03-03 01:23:32,2022-11-04 16:18:33
371,816,2022-02-18 13:24:46,2022-09-20 21:43:32
372,291,2022-04-11 23:59:53,2022-06-03 18:22:04
373,875,2022-04-29 19:41:46,2022-07-25 12:51:55
374,456,2022-03-09 13:08:30,2022-11-08 22:08:36
375,136,2022-03-29 01:39:56,2022-08-03 17:39:46
376,424,2022-05-09 19:04:35,2022-09-28 04:12:12
377,674,2022-03-05 18:12:47,2022-09-21 00:14:29
378,329,2022-04-12 23:49:35,2022-08-02 00:13:48
379,112,2022-03-28 04:00:44,2022-09-22 19:46:27
380,937,2022-04-17 22:58:28,2022-10-08 01:34:45
381,689,2022-01-30 18:28:22,2022-08-23 04:17:31
382,159,2022-02-22 05:48:47,2022-10-06 13:58:23
383,277,2022-01-27 15:16:17,2022-09-05 08:24:12
384,442,2022-03-05 10:48:19,2022-06-07 23:33:43
385,575,2022-02-15 00:53:07,2022-06-15 01:40:20
386,395,2022-03-23 13:04:58,2022-11-28 15:31:44
387,841,2022-02-27 02:17:54,2022-07-17 00:27:43
388,877,2022-05-29 18:42:26,2022-11-17 04:59:02
389,626,2022-04-25 15:23:19,2022-06-24 21:24:49
390,384,2022-02-13 12:29:56,2022-07-16 02:31:26
391,821,2022-03-11 11:27:59,2022-07-16 05:35:02
392,172,2022-02-21 18:58:58,2022-12-14 21:43:37
393,79,2022-01-04 01:45:31,2022-10-05 04:03:47
394,545,2022-03-10 22:18:49,2022-07-02 01:33:51
395,206,2022-04-08 20:28:45,2022-11-07 07:16:47
396,216,2022-02-18 05:24:40,2022-12-21 07:37:04
397,617,2022-01-20 10:16:43,2022-08-31 23:46:30
398,651,2022-05-04 23:00:18,2022-06-30 02:54:58
399,540,2022-02-01 01:54:14,2022-06-03 11:54:20
400,809,2022-05-13 10:32:12,2022-09-19 13:04:38
401,744,2022-03-24 05:28:44,2022-09-12 22:49:42
402,234,2022-03-23 02:23:09,2022-12-13 00:33:03
403,844,2022-04-15 09:41:53,2022-08-10 14:18:16
404,22,2022-03-24 09:31:18,2022-10-11 04:25:44
405,759,2022-05-26 08:05:49,2022-09-09 22:00:36
406,626,2022-01-22 23:35:01,2022-09-18 16:25:37
407,862,2022-01-10 22:52:56,2022-12-11 02:38:42
408,899,2022-04-07 17:43:08,2022-08-10 03:12:25
409,652,2022-04-15 10:59:06,2022-11-24 22:50:04
410,892,2022-04-10 04:26:01,2022-11-29 07:04:36
411,136,2022-01-19 16:20:29,2022-06-03 03:39:26
412,103,2022-02-19 12:09:31,2022-09-27 09:23:52
413,889,2022-04-06 22:56:29,2022-06-22 11:17:21
414,426,2022-04-27 11:35:38,2022-08-07 22:43:44
415,661,2022-04-27 12:42:42,2022-11-04 12:41:07
416,523,2022-02-22 17:31:33,2022-12-27 15:06:32
417,11,2022-03-25 10:23:39,2022-12-20 02:57:09
418,961,2022-03-03 16:27:34,2022-12-20 14:25:54
419,442,2022-03-18 19:14:57,2022-08-05 08:53:24
420,318,2022-04-22 15:16:44,2022-07-08 07:08:09
421,947,2022-01-19 10:12:17,2022-09-21 16:23:19
422,239,2022-04-20 15:39:04,2022-10-06 12:53:13
423,908,2022-05-04 11:52:17,2022-08-17 12:51:46
424,763,2022-03-05 05:48:03,2022-06-24 08:58:47
425,979,2022-01-30 19:53:07,2022-10-25 09:35:36
426,372,2022-03-04 07:54:06,2022-12-30 08:23:41
427,805,2022-02-25 23:55:36,2022-08-14 04:09:01
428,228,2022-01-24 11:08:08,2022-12-23 17:35:22
429,701,2022-03-07 00:46:46,2022-11-23 03:45:08
430,269,2022-05-15 23:05:08,2022-09-05 14:32:38
431,345,2022-02-16 00:12:20,2022-07-15 23:48:34
432,509,2022-03-21 10:14:53,2022-12-03 15:23:58
433,614,2022-02-25 05:49:05,2022-08-24 14:11:55
434,402,2022-05-04 12:36:50,2022-06-16 13:18:06
435,384,2022-03-30 13:48:28,2022-09-10 05:40:46
436,292,2022-03-20 13:19:06,2022-09-26 12:50:02
437,591,2022-04-22 08:58:40,2022-07-01 01:41:28
438,58,2022-01-19 11:19:48,2022-09-16 20:09:37
439,378,2022-02-13 00:28:20,2022-09-08 14:54:46
440,512,2022-03-01 01:14:32,2022-09-15 21:18:06
441,182,2022-04-17 00:07:23,2022-07-14 01:37:11
442,112,2022-01-10 15:40:46,2022-10-11 14:36:29
443,892,2022-04-18 21:50:06,2022-06-11 02:39:52
444,516,2022-02-02 11:24:02,2022-07-19 20:09:36
445,808,2022-05-21 09:33:13,2022-10-29 02:13:51
446,925,2022-01-19 13:26:35,2022-08-18 03:18:19
447,545,2022-02-16 13:33:41,2022-08-03 00:52:02
448,579,2022-01-01 20:08:51,2022-12-12 04:25:07
449,317,2022-04-20 13:53:42,2022-11-30 06:43:23
450,387,2022-04-14 14:45:03,2022-07-27 19:16:38
451,169,2022-05-08 00:58:13,2022-07-15 11:34:50
452,628,2022-04-23 15:08:38,2022-06-17 02:18:21
453,246,2022-03-17 19:43:33,2022-09-02 13:58:20
454,541,2022-04-20 06:45:54,2022-11-08 20:22:39
455,573,2022-02-09 22:03:54,2022-06-23 23:10:10
456,952,2022-03-24 05:38:36,2022-09-08 19:06:50
457,80,2022-03-19 01:11:44,2022-06-22 00:24:16
458,58,2022-01-29 18:25:46,2022-06-18 23:25:43
459,7,2022-02-05 15:01:37,2022-06-18 09:25:46
460,824,2022-03-15 15:29:14,2022-10-04 09:14:18
461,77,2022-03-14 20:11:40,2022-11-04 04:25:32
462,975,2022-02-14 05:12:38,2022-09-16 02:37:52
463,301,2022-02-07 05:41:45,2022-12-04 13:59:21
464,846,2022-03-27 07:10:34,2022-08-15 02:34:35
465,563,2022-04-10 22:40:05,2022-12-19 13:23:04
466,154,2022-02-14 22:30:05,2022-06-12 22:01:24
467,853,2022-04-14 12:45:16,2022-12-27 04:34:09
468,185,2022-05-23 02:37:21,2022-09-03 23:26:29
469,98,2022-03-16 14:20:08,2022-10-14 21:47:30
470,612,2022-04-01 08:04:25,2022-12-28 12:01:40
471,533,2022-05-16 03:48:38,2022-09-15 06:31:07
472,302,2022-04-17 00:37:51,2022-08-10 08:43:42
473,542,2022-03-20 05:18:39,2022-10-25 17:02:14
474,678,2022-01-28 23:31:14,2022-11-15 14:53:30
475,166,2022-05-28 01:11:29,2022-11-06 16:14:16
476,786,2022-03-24 03:36:09,2022-07-28 14:30:57
477,936,2022-01-04 12:25:08,2022-10-01 11:33:27
478,640,2022-05-10 19:45:06,2022-06-05 00:02:38
479,807,2022-04-14 03:37:59,2022-10-02 11:00:09
480,944,2022-01-07 04:57:02,2022-11-11 01:59:40
481,530,2022-03-19 14:57:15,2022-08-05 02:40:03
482,775,2022-02-14 18:28:24,2022-08-19 19:01:31
483,296,2022-03-24 05:46:52,2022-06-09 06:30:42
484,53,2022-03-12 03:10:18,2022-06-15 08:09:33
485,485,2022-04-11 22:51:15,2022-08-24 01:31:39
486,913,2022-01-04 06:52:40,2022-09-20 05:44:24
487,735,2022-02-18 07:34:33,2022-12-15 18:03:16
488,444,2022-05-31 21:49:06,2022-12-22 23:38:29
489,978,2022-01-21 05:34:10,2022-08-15 11:24:10
490,648,2022-02-05 15:55:02,2022-07-25 07:31:21
491,688,2022-02-27 04:40:57,2022-10-15 13:39:35
492,576,2022-01-05 06:40:42,2022-11-18 18:53:24
493,73,2022-04-11 11:54:01,2022-12-30 02:50:15
494,860,2022-01-15 23:12:56,2022-07-24 11:03:12
495,893,2022-01-07 19:24:51,2022-11-13 17:31:05
496,291,2022-04-08 21:56:25,2022-09-12 14:15:06
497,77,2022-03-19 01:00:52,2022-07-25 17:25:35
498,395,2022-02-08 12:19:24,2022-11-12 10:00:36
499,298,2022-02-01 10:55:18,2022-11-30 13:15:37
500,447,2022-05-29 05:31:17,2022-09-04 10:12:12
501,90,2022-03-16 23:18:47,2022-09-10 10:54:33
502,190,2022-02-19 05:30:11,2022-09-20 23:41:47
503,918,2022-05-08 07:38:48,2022-08-23 19:37:16
504,929,2022-02-07 15:32:23,2022-11-14 19:14:55
505,463,2022-01-10 01:29:49,2022-06-03 20:59:04
506,228,2022-01-24 09:31:11,2022-07-03 05:50:31
507,155,2022-05-29 14:25:42,2022-09-02 01:54:57
508,225,2022-02-07 19:41:22,2022-09-05 14:37:10
509,400,2022-03-03 22:28:27,2022-10-19 12:20:14
510,749,2022-05-30 16:19:20,2022-09-15 15:46:54
511,19,2022-04-13 20:18:47,2022-11-02 00:00:55
512,783,2022-05-08 03:18:12,2022-07-19 20:01:43
513,792,2022-04-12 09:01:29,2022-10-15 06:05:32
514,566,2022-01-02 16:39:27,2022-10-13 21:24:42
515,312,2022-01-04 09:21:46,2022-07-21 14:20:43
516,40,2022-05-30 18:37:11,2022-12-20 21:56:07
517,595,2022-05-08 15:08:59,2022-10-07 14:14:38
518,393,2022-03-08 19:14:15,2022-10-01 22:20:26
519,226,2022-01-03 03:33:06,2022-12-01 12:15:48
520,340,2022-05-20 22:34:46,2022-09-26 15:52:14
521,478,2022-04-10 10:49:51,2022-09-26 00:36:26
522,423,2022-03-10 05:45:39,2022-07-17 03:07:07
523,149,2022-03-15 16:05:32,2022-06-06 02:51:35
524,288,2022-01-20 05:42:48,2022-06-20 10:23:46
525,439,2022-05-08 20:54:13,2022-11-28 10:44:25
526,809,2022-01-31 22:21:01,2022-06-28 01:56:29
527,397,2022-01-02 10:54:00,2022-08-18 16:45:34
528,49,2022-05-27 21:43:45,2022-08-22 05:52:58
529,583,2022-01-06 13:38:38,2022-09-14 10:23:27
530,573,2022-01-04 11:46:53,2022-12-04 11:35:12
531,292,2022-04-20 04:12:53,2022-06-09 19:46:31
532,820,2022-03-28 22:00:02,2022-06-21 19:26:19
533,217,2022-03-03 21:51:41,2022-10-12 13:09:25
534,401,2022-01-26 22:46:48,2022-06-17 23:14:10
535,516,2022-03-03 07:27:45,2022-09-30 17:40:06
536,750,2022-03-18 11:56:24,2022-09-21 02:17:53
537,560,2022-04-18 23:00:17,2022-10-13 10:39:34
538,847,2022-01-15 20:47:02,2022-12-04 05:17:02
539,926,2022-03-13 08:15:04,2022-07-01 05:22:04
540,476,2022-01-06 23:41:23,2022-12-18 01:33:53
541,183,2022-04-08 10:51:17,2022-06-26 06:37:25
542,928,2022-03-01 23:39:53,2022-10-22 23:09:29
543,796,2022-04-21 16:34:33,2022-10-29 17:14:10
544,303,2022-03-02 00:13:55,2022-08-18 23:53:44
545,704,2022-01-21 12:32:33,2022-06-02 02:40:21
546,250,2022-04-10 06:59:31,2022-06-25 13:19:54
547,786,2022-02-27 05:13:31,2022-09-18 00:52:56
548,792,2022-03-23 01:30:30,2022-08-12 17:11:03
549,116,2022-01-25 16:07:41,2022-09-21 21:35:50
550,629,2022-05-23 07:00:45,2022-08-29 19:00:13
551,2,2022-05-09 11:18:25,2022-11-05 21:49:51
552,402,2022-02-08 13:16:06,2022-09-25 13:02:35
553,641,2022-03-16 14:44:50,2022-06-13 11:42:05
554,575,2022-05-30 09:32:39,2022-10-27 05:31:14
555,685,2022-01-12 05:48:56,2022-10-28 13:34:43
556,562,2022-04-12 01:05:23,2022-12-17 18:16:07
557,404,2022-05-28 13:14:04,2022-09-18 21:41:21
558,843,2022-03-16 20:39:53,2022-10-06 17:49:36
559,522,2022-04-17 06:21:09,2022-07-25 16:23:45
560,938,2022-05-05 23:28:25,2022-10-16 21:18:23
561,532,2022-03-18 07:32:14,2022-06-11 16:15:21
562,513,2022-02-14 16:40:15,2022-06-05 06:12:57
563,49,2022-05-03 21:09:37,2022-09-15 18:56:22
564,109,2022-03-19 11:04:53,2022-10-05 20:06:07
565,489,2022-02-20 15:58:14,2022-07-15 09:40:46
566,546,2022-05-21 02:28:23,2022-08-06 23:05:28
567,240,2022-01-09 11:26:42,2022-10-18 11:43:17
568,167,2022-01-01 01:43:43,2022-10-08 13:12:43
569,237,2022-05-11 18:02:47,2022-09-03 09:38:54
570,47,2022-01-18 13:29:48,2022-10-13 18:30:32
571,355,2022-01-19 19:40:35,2022-08-29 09:07:35
572,391,2022-05-18 17:53:33,2022-12-13 06:44:11
573,371,2022-03-25 10:25:14,2022-12-17 11:03:00
574,629,2022-01-01 05:57:04,2022-10-15 09:12:01
575,251,2022-03-12 08:30:26,2022-12-06 03:13:00
576,427,2022-01-10 10:11:34,2022-09-26 22:26:19
577,653,2022-05-01 03:57:03,2022-07-30 20:42:32
578,407,2022-03-30 16:53:59,2022-11-14 23:35:27
579,369,2022-05-24 10:32:11,2022-11-25 15:36:58
580,977,2022-05-23 08:08:24,2022-08-20 05:25:22
581,514,2022-03-17 02:18:42,2022-12-18 11:10:04
582,714,2022-02-03 05:39:16,2022-09-18 03:54:29
583,281,2022-05-21 17:52:47,2022-12-20 23:29:37
584,908,2022-03-05 05:57:35,2022-07-09 17:30:41
585,530,2022-05-03 09:09:06,2022-12-17 21:44:22
586,180,2022-03-27 21:42:24,2022-08-19 03:18:02
587,622,2022-03-14 22:21:18,2022-12-08 05:11:52
588,508,2022-01-05 11:50:56,2022-12-14 08:01:46
589,861,2022-03-29 22:48:36,2022-09-14 15:08:24
590,447,2022-03-18 09:39:26,2022-11-09 01:58:31
591,804,2022-03-26 08:23:22,2022-06-28 16:19:50
592,933,2022-03-22 05:01:12,2022-08-27 12:46:06
593,764,2022-03-17 11:52:34,2022-12-18 12:00:06
594,983,2022-01-26 17:04:03,2022-06-19 08:17:36
595,285,2022-03-14 13:57:53,2022-08-07 19:46:21
596,91,2022-05-08 16:12:59,2022-12-13 16:08:39
597,144,2022-03-03 06:36:36,2022-12-23 04:06:53
598,991,2022-03-07 17:45:20,2022-08-17 12:06:25
599,816,2022-04-03 01:46:38,2022-10-06 02:55:22
600,175,2022-02-03 23:31:57,2022-11-30 09:56:01
601,555,2022-02-08 11:28:45,2022-09-07 01:37:35
602,194,2022-05-19 23:51:09,2022-07-25 04:48:13
603,804,2022-02-28 06:53:05,2022-06-10 19:29:28
604,521,2022-04-17 14:51:26,2022-11-19 11:10:02
605,190,2022-03-25 13:48:05,2022-08-18 05:19:42
606,843,2022-03-24 18:27:09,2022-08-13 00:38:55
607,905,2022-01-09 08:15:14,2022-09-06 01:21:50
608,290,2022-01-14 17:31:09,2022-11-17 14:19:45
609,517,2022-02-26 06:26:27,2022-08-13 19:35:12
610,196,2022-05-28 18:44:11,2022-12-08 20:35:57
611,934,2022-01-02 02:31:19,2022-06-04 07:37:54
612,348,2022-03-17 21:18:24,2022-11-11 20:17:57
613,668,2022-01-17 23:45:04,2022-12-25 05:52:19
614,749,2022-03-29 17:08:07,2022-09-03 21:43:06
615,972,2022-02-17 21:36:25,2022-10-10 03:57:31
616,211,2022-02-03 02:11:39,2022-12-11 17:12:56
617,651,2022-02-03 22:04:05,2022-08-21 00:37:29
618,188,2022-04-12 05:22:39,2022-11-04 16:22:24
619,947,2022-03-09 09:32:35,2022-10-06 22:12:38
620,268,2022-03-28 13:24:35,2022-08-25 15:28:26
621,706,2022-05-27 04:17:54,2022-11-07 01:26:15
622,634,2022-05-26 18:25:32,2022-12-15 21:17:39
623,222,2022-01-07 23:58:40,2022-10-07 14:16:37
624,749,2022-03-13 17:44:31,2022-10-17 01:46:21
625,750,2022-05-20 11:48:04,2022-10-13 01:30:51
626,29,2022-05-18 04:32:28,2022-12-26 07:37:52
627,711,2022-05-23 12:48:13,2022-10-12 09:47:21
628,698,2022-01-31 21:39:42,2022-11-23 04:40:01
629,556,2022-01-30 04:54:44,2022-08-07 23:03:26
630,313,2022-01-27 10:26:26,2022-06-14 08:04:12
631,165,2022-04-14 21:54:52,2022-06-16 11:24:51
632,572,2022-03-23 18:14:08,2022-07-21 06:22:15
633,869,2022-02-27 02:40:37,2022-12-24 20:15:18
634,728,2022-01-13 20:02:55,2022-12-07 05:10:33
635,178,2022-05-04 15:40:04,2022-12-09 01:44:51
636,430,2022-03-28 03:48:52,2022-10-10 18:57:51
637,590,2022-05-02 10:28:52,2022-08-16 12:21:23
638,402,2022-05-20 08:42:42,2022-10-21 14:17:10
639,142,2022-01-04 21:39:28,2022-10-14 01:59:02
640,423,2022-05-27 05:32:01,2022-06-27 15:07:30
641,82,2022-05-21 09:20:02,2022-11-19 04:49:47
642,602,2022-05-26 19:19:56,2022-11-28 11:47:25
643,596,2022-01-12 03:12:46,2022-11-15 15:20:27
644,149,2022-04-15 09:14:10,2022-12-08 11:17:17
645,973,2022-04-07 21:16:44,2022-10-14 05:36:52
646,196,2022-04-28 08:33:28,2022-12-17 13:46:38
647,137,2022-02-20 06:44:11,2022-11-22 01:09:47
648,688,2022-05-18 21:04:25,2022-11-17 18:51:19
649,872,2022-05-24 12:44:16,2022-12-21 08:34:45
650,902,2022-04-10 06:00:45,2022-06-04 18:47:32
651,763,2022-03-19 23:59:18,2022-09-03 13:58:26
652,545,2022-02-06 12:47:54,2022-08-24 15:03:53
653,345,2022-03-12 21:22:20,2022-06-21 00:29:25
654,129,2022-02-01 16:51:16,2022-07-21 11:55:24
655,591,2022-05-20 19:57:41,2022-08-08 22:13:19
656,674,2022-03-14 13:13:48,2022-08-21 05:51:46
657,256,2022-01-25 00:53:53,2022-11-28 08:51:50
658,199,2022-05-05 12:22:21,2022-07-28 15:51:17
659,187,2022-05-19 23:36:27,2022-11-10 18:48:59
660,502,2022-03-26 18:40:45,2022-08-27 15:54:21
661,677,2022-05-02 06:53:32,2022-09-18 03:30:36
662,297,2022-02-07 15:45:34,2022-06-29 00:35:17
663,353,2022-01-25 07:48:52,2022-07-12 19:37:07
664,107,2022-05-22 07:17:38,2022-06-04 01:28:45
665,689,2022-04-30 13:54:34,2022-12-30 03:00:45
666,935,2022-05-30 22:37:10,2022-11-11 06:59:24
667,130,2022-05-30 08:09:58,2022-06-23 18:20:55
668,726,2022-03-16 16:01:48,2022-12-05 08:37:26
669,691,2022-04-05 11:35:07,2022-08-04 17:05:29
670,998,2022-03-17 01:30:26,2022-07-15 12:27:49
671,589,2022-01-30 08:52:02,2022-09-21 14:25:22
672,5,2022-01-26 01:26:08,2022-07-06 17:43:29
673,674,2022-05-21 16:04:43,2022-12-06 21:14:03
674,353,2022-01-09 05:02:59,2022-09-13 20:55:24
675,482,2022-02-09 20:22:18,2022-11-30 16:38:34
676,75,2022-05-25 21:13:42,2022-07-09 13:05:26
677,193,2022-01-24 01:06:27,2022-09-22 03:54:51
678,821,2022-03-10 19:10:10,2022-10-30 23:40:32
679,258,2022-05-19 20:53:02,2022-07-16 03:02:45
680,453,2022-02-04 06:32:24,2022-08-07 06:38:17
681,291,2022-03-03 14:33:32,2022-07-01 23:19:08
682,706,2022-01-31 17:45:13,2022-06-06 05:21:33
683,641,2022-04-24 12:33:42,2022-08-29 06:23:24
684,891,2022-05-17 21:52:54,2022-10-28 13:20:45
685,51,2022-02-17 16:40:13,2022-07-11 00:46:44
686,770,2022-05-01 10:23:25,2022-06-09 13:28:35
687,81,2022-01-03 03:47:01,2022-09-04 00:31:46
688,942,2022-02-02 20:38:37,2022-09-11 19:29:16
689,842,2022-03-09 08:11:58,2022-11-10 22:38:40
690,396,2022-01-30 00:17:17,2022-09-11 23:38:25
691,57,2022-04-16 06:19:08,2022-08-01 04:27:09
692,693,2022-04-03 18:00:29,2022-07-27 20:58:12
693,436,2022-04-29 05:30:21,2022-11-01 19:38:48
694,904,2022-05-12 20:46:36,2022-09-21 00:21:35
695,798,2022-02-19 03:47:52,2022-07-16 15:56:41
696,35,2022-04-26 14:21:11,2022-07-12 08:05:07
697,158,2022-01-02 12:30:31,2022-07-12 19:04:40
698,59,2022-04-22 12:28:59,2022-11-05 16:19:50
699,431,2022-01-17 12:31:17,2022-12-13 01:45:25
700,231,2022-04-03 22:08:27,2022-06-19 11:05:47
701,960,2022-03-30 19:51:10,2022-09-03 12:25:30
702,903,2022-05-19 17:16:36,2022-07-08 05:38:24
703,753,2022-05-16 13:51:28,2022-10-11 14:57:27
704,697,2022-02-22 05:03:03,2022-11-20 21:30:38
705,511,2022-03-09 16:45:44,2022-06-28 13:25:26
706,998,2022-01-27 12:34:47,2022-07-27 04:35:27
707,237,2022-05-16 11:13:35,2022-08-16 07:13:43
708,621,2022-03-13 05:15:08,2022-10-24 06:00:40
709,652,2022-05-07 22:54:19,2022-11-25 14:30:22
710,381,2022-04-06 20:41:11,2022-11-13 10:18:57
711,93,2022-03-11 20:53:52,2022-09-08 18:40:16
712,598,2022-01-28 01:15:16,2022-06-27 11:15:52
713,920,2022-01-18 13:17:56,2022-10-26 06:31:53
714,369,2022-02-02 16:43:32,2022-07-06 20:32:02
715,458,2022-04-03 10:35:37,2022-10-20 20:28:46
716,944,2022-05-23 06:01:00,2022-10-12 00:04:52
717,779,2022-03-15 17:47:12,2022-12-21 15:12:08
718,164,2022-03-11 04:40:15,2022-11-26 11:22:57
719,179,2022-01-14 21:17:50,2022-10-09 22:47:58
720,856,2022-01-17 22:51:03,2022-10-17 16:23:10
721,580,2022-02-04 12:14:52,2022-09-20 14:46:13
722,490,2022-01-08 20:48:04,2022-11-10 23:14:36
723,867,2022-01-10 16:40:50,2022-11-15 21:50:24
724,747,2022-03-16 16:02:03,2022-11-21 17:13:25
725,692,2022-03-12 13:46:04,2022-11-30 16:32:46
726,570,2022-01-25 00:32:18,2022-09-23 14:41:20
727,56,2022-05-29 04:42:27,2022-11-14 23:17:48
728,581,2022-01-26 06:50:17,2022-12-24 05:38:07
729,999,2022-05-25 10:52:36,2022-08-27 21:53:41
730,894,2022-03-11 03:59:21,2022-06-30 15:45:39
731,823,2022-01-16 14:36:29,2022-07-05 08:05:49
732,618,2022-05-25 21:44:20,2022-11-23 01:01:35
733,736,2022-01-10 18:15:34,2022-09-06 02:01:27
734,823,2022-03-03 20:22:37,2022-07-30 05:57:27
735,163,2022-04-23 07:04:58,2022-06-23 01:59:50
736,455,2022-02-09 13:18:21,2022-06-23 19:40:12
737,676,2022-04-15 15:46:29,2022-12-21 17:25:35
738,387,2022-01-23 22:09:43,2022-11-17 02:15:58
739,785,2022-01-27 10:37:08,2022-09-13 14:34:19
740,226,2022-01-05 12:49:47,2022-10-24 18:43:54
741,699,2022-01-11 18:54:06,2022-10-21 07:31:17
742,935,2022-03-23 19:15:40,2022-06-14 18:01:07
743,294,2022-04-09 00:40:16,2022-06-21 06:05:41
744,758,2022-04-26 18:05:03,2022-07-05 07:53:56
745,546,2022-01-09 01:38:55,2022-06-19 18:31:00
746,746,2022-05-10 01:35:06,2022-11-14 13:02:19
747,988,2022-02-19 19:50:21,2022-11-02 13:27:36
748,104,2022-03-29 18:47:17,2022-10-07 11:23:42
749,170,2022-03-21 11:16:10,2022-06-14 21:00:49
750,849,2022-04-06 10:43:18,2022-10-08 16:24:58
751,455,2022-01-10 21:05:32,2022-12-12 13:20:45
752,739,2022-05-29 05:54:21,2022-06-24 17:04:04
753,639,2022-05-18 04:20:01,2022-12-28 11:03:44
754,594,2022-04-29 14:59:28,2022-08-02 00:17:44
755,581,2022-05-19 12:37:09,2022-09-13 22:53:50
756,534,2022-01-09 00:55:07,2022-11-24 09:01:34
757,228,2022-05-06 06:02:50,2022-09-12 05:32:22
758,154,2022-01-03 21:16:45,2022-10-03 21:38:57
759,599,2022-02-12 02:48:29,2022-11-15 04:21:08
760,583,2022-05-23 20:43:35,2022-08-19 13:22:24
761,427,2022-05-18 14:03:50,2022-08-21 07:47:45
762,73,2022-05-15 15:56:42,2022-09-29 01:53:51
763,769,2022-01-18 20:30:25,2022-10-13 01:20:40
764,809,2022-04-08 10:08:16,2022-12-22 15:15:49
765,904,2022-03-09 12:54:24,2022-10-31 20:18:42
766,96,2022-05-13 03:04:59,2022-09-01 05:57:58
767,136,2022-03-30 05:56:45,2022-08-23 08:10:31
768,273,2022-03-04 03:47:30,2022-09-09 05:50:01
769,666,2022-03-26 16:06:05,2022-06-20 04:25:55
770,909,2022-03-31 10:52:24,2022-10-22 07:41:18
771,101,2022-03-08 01:41:06,2022-07-29 00:24:01
772,867,2022-02-11 00:24:13,2022-11-02 22:34:42
773,868,2022-02-10 12:52:15,2022-06-03 17:36:01
774,587,2022-05-03 08:19:51,2022-10-04 03:13:43
775,233,2022-03-27 01:36:34,2022-10-03 20:24:06
776,931,2022-02-16 21:09:59,2022-07-16 20:59:15
777,518,2022-02-14 16:18:02,2022-08-14 18:19:00
778,929,2022-02-03 01:00:27,2022-10-07 16:34:25
779,692,2022-03-25 07:46:53,2022-08-07 13:22:42
780,913,2022-04-30 12:12:34,2022-09-17 14:38:21
781,457,2022-02-16 08:22:22,2022-10-09 18:01:54
782,267,2022-03-13 19:16:45,2022-12-29 12:33:24
783,993,2022-04-26 14:49:21,2022-08-05 21:41:34
784,66,2022-03-03 01:38:16,2022-11-16 21:59:52
785,674,2022-04-22 08:15:37,2022-09-05 06:11:58
786,829,2022-03-24 20:37:56,2022-07-04 18:03:39
787,164,2022-02-06 23:18:26,2022-09-26 13:47:02
788,62,2022-05-24 00:25:13,2022-10-15 11:51:21
789,865,2022-02-17 17:28:24,2022-07-30 02:44:10
790,228,2022-01-10 03:03:02,2022-08-11 13:40:58
791,197,2022-04-14 19:00:18,2022-09-11 15:45:11
792,857,2022-02-02 01:36:28,2022-06-19 00:28:50
793,555,2022-05-09 00:14:31,2022-11-24 10:02:32
794,492,2022-02-03 03:47:22,2022-08-14 16:42:11
795,158,2022-02-10 23:24:52,2022-12-25 23:37:21
796,473,2022-03-23 23:22:01,2022-09-11 14:05:13
797,984,2022-05-21 09:58:14,2022-12-24 18:17:15
798,91,2022-01-26 18:43:07,2022-12-06 21:45:25
799,474,2022-02-10 14:57:48,2022-11-23 06:45:09
800,170,2022-05-03 01:10:22,2022-08-09 11:53:48
801,31,2022-03-23 12:46:42,2022-11-21 00:18:08
802,74,2022-01-21 04:58:05,2022-08-26 18:30:24
803,779,2022-04-30 12:24:48,2022-12-28 09:07:27
804,416,2022-05-15 23:32:10,2022-06-19 19:21:53
805,690,2022-02-18 19:56:00,2022-07-16 14:56:14
806,3,2022-04-27 11:53:07,2022-09-13 04:41:02
807,983,2022-01-21 11:43:02,2022-09-13 05:53:02
808,678,2022-04-24 12:34:49,2022-11-10 14:29:37
809,89,2022-04-03 07:45:11,2022-12-01 23:07:23
810,5,2022-03-01 06:45:47,2022-12-05 05:17:27
811,26,2022-05-30 08:52:20,2022-09-08 13:41:54
812,16,2022-04-12 00:19:21,2022-08-28 19:58:46
813,417,2022-05-29 10:02:26,2022-07-12 02:04:17
814,244,2022-02-21 06:35:24,2022-09-28 19:16:35
815,10,2022-01-25 22:05:12,2022-07-19 04:34:11
816,693,2022-04-26 15:59:35,2022-06-28 10:26:22
817,870,2022-05-20 14:57:38,2022-11-16 18:13:40
818,349,2022-05-10 17:25:27,2022-10-17 10:49:43
819,434,2022-01-07 11:03:22,2022-12-07 15:41:52
820,564,2022-05-04 21:27:04,2022-07-14 14:27:31
821,841,2022-04-12 13:04:22,2022-11-03 13:40:27
822,468,2022-04-08 01:38:13,2022-08-21 13:16:40
823,301,2022-01-31 22:22:33,2022-11-30 03:39:03
824,603,2022-04-20 14:45:37,2022-08-04 09:49:09
825,44,2022-04-23 01:16:40,2022-10-12 02:00:02
826,819,2022-05-28 06:10:46,2022-09-01 00:55:35
827,551,2022-03-22 12:47:04,2022-08-10 00:24:56
828,510,2022-01-21 16:57:05,2022-10-06 11:36:16
829,32,2022-01-14 15:03:56,2022-08-04 16:14:26
830,629,2022-01-04 07:52:14,2022-09-16 18:25:20
831,93,2022-01-26 09:55:54,2022-12-10 08:04:06
832,714,2022-03-07 19:34:08,2022-09-30 00:33:52
833,758,2022-03-06 09:32:39,2022-07-23 05:09:23
834,774,2022-01-01 23:37:03,2022-08-16 21:57:57
835,176,2022-01-01 06:16:23,2022-07-22 23:19:21
836,867,2022-05-16 13:07:34,2022-07-30 13:17:36
837,400,2022-01-22 08:34:17,2022-10-25 05:01:11
838,259,2022-01-04 06:23:10,2022-12-05 05:02:12
839,4,2022-02-19 15:04:02,2022-08-06 02:21:25
840,294,2022-04-23 11:00:06,2022-10-03 11:23:22
841,142,2022-02-05 23:34:21,2022-09-16 20:57:52
842,330,2022-03-20 03:59:37,2022-12-17 23:09:04
843,976,2022-03-18 11:43:47,2022-09-29 19:27:26
844,154,2022-01-20 00:24:24,2022-06-27 13:30:06
845,689,2022-01-13 22:47:06,2022-06-25 23:25:50
846,127,2022-02-19 03:26:30,2022-06-13 03:03:06
847,458,2022-01-14 02:50:36,2022-10-31 10:49:25
848,773,2022-05-05 20:40:24,2022-09-08 20:48:39
849,540,2022-01-21 16:12:32,2022-06-11 02:00:09
850,249,2022-01-30 19:40:27,2022-09-28 06:58:36
851,57,2022-04-15 10:13:06,2022-07-24 05:52:55
852,185,2022-02-11 08:09:32,2022-08-31 13:59:40
853,303,2022-03-16 16:32:47,2022-06-23 02:49:37
854,356,2022-02-27 22:06:53,2022-09-03 09:12:27
855,834,2022-04-27 14:47:14,2022-07-14 17:23:21
856,791,2022-03-28 18:03:04,2022-08-09 02:33:37
857,410,2022-02-04 19:27:32,2022-12-21 00:11:45
858,855,2022-02-19 07:49:13,2022-12-08 07:06:04
859,369,2022-05-24 20:07:04,2022-12-23 09:27:20
860,517,2022-04-27 04:19:39,2022-06-28 15:13:23
861,817,2022-05-12 16:52:58,2022-07-11 20:24:16
862,420,2022-05-01 23:41:53,2022-06-20 12:27:09
863,184,2022-05-20 18:08:32,2022-12-19 06:25:41
864,649,2022-03-20 14:06:09,2022-12-28 23:49:38
865,890,2022-05-18 15:35:52,2022-06-16 03:15:54
866,177,2022-03-26 18:32:18,2022-12-23 16:21:40
867,112,2022-01-24 01:39:54,2022-12-02 11:36:04
868,901,2022-05-17 14:37:38,2022-12-10 14:28:51
869,828,2022-01-06 13:02:25,2022-08-14 01:21:48
870,4,2022-04-16 07:07:30,2022-06-08 12:37:52
871,788,2022-01-02 16:35:34,2022-09-17 12:12:34
872,354,2022-03-28 20:36:27,2022-10-25 15:27:28
873,894,2022-01-22 09:08:14,2022-10-01 11:30:06
874,328,2022-05-08 03:15:11,2022-12-01 14:47:13
875,131,2022-03-05 08:40:09,2022-11-28 01:03:08
876,120,2022-04-10 10:21:31,2022-06-02 06:33:10
877,860,2022-05-05 07:16:22,2022-07-23 00:58:11
878,111,2022-02-18 17:09:07,2022-07-07 20:01:56
879,818,2022-04-11 13:15:16,2022-07-04 06:23:47
880,786,2022-05-11 23:22:28,2022-07-13 03:43:23
881,378,2022-03-06 05:18:07,2022-06-30 02:41:52
882,694,2022-02-16 11:44:42,2022-08-28 20:03:17
883,137,2022-05-30 23:22:59,2022-08-12 04:04:40
884,658,2022-01-14 15:29:04,2022-12-13 17:01:10
885,254,2022-01-04 11:40:14,2022-09-29 23:17:43
886,723,2022-03-27 07:12:02,2022-11-15 23:57:10
887,402,2022-04-27 22:48:56,2022-10-11 21:53:24
888,66,2022-05-12 14:06:01,2022-10-05 13:01:04
889,482,2022-01-20 09:54:08,2022-08-05 16:03:14
890,621,2022-01-15 03:16:14,2022-11-27 20:38:19
891,286,2022-05-07 00:34:20,2022-09-23 17:27:35
892,362,2022-05-02 09:42:05,2022-12-09 01:38:19
893,96,2022-03-07 16:05:47,2022-08-31 14:17:31
894,493,2022-04-20 12:07:08,2022-11-27 17:26:23
895,197,2022-01-29 00:07:09,2022-10-23 10:32:05
896,341,2022-03-26 09:56:33,2022-09-02 00:29:42
897,98,2022-05-30 10:54:14,2022-09-02 19:35:27
898,164,2022-04-08 14:22:04,2022-08-15 17:37:30
899,207,2022-03-09 13:13:07,2022-12-06 08:38:21
900,751,2022-02-28 10:03:32,2022-09-30 04:34:17
901,419,2022-01-31 17:54:59,2022-07-08 07:07:38
902,933,2022-04-15 05:55:07,2022-11-14 13:15:20
903,4,2022-05-31 05:29:13,2022-09-23 09:48:40
904,268,2022-02-22 08:10:36,2022-12-27 16:39:57
905,827,2022-01-25 08:00:15,2022-09-15 19:07:44
906,505,2022-04-06 19:05:39,2022-06-27 03:24:15
907,151,2022-01-18 21:55:49,2022-09-17 02:31:41
908,953,2022-03-30 17:18:49,2022-10-02 06:12:46
909,662,2022-03-26 22:26:36,2022-09-05 16:31:49
910,704,2022-01-21 13:32:09,2022-07-18 20:43:08
911,843,2022-04-29 15:15:18,2022-07-12 06:27:53
912,962,2022-01-15 07:42:48,2022-09-30 14:04:42
913,997,2022-02-11 00:16:07,2022-12-08 02:28:36
914,854,2022-05-21 13:08:19,2022-08-01 19:38:42
915,492,2022-03-26 17:10:46,2022-06-06 01:08:12
916,443,2022-02-03 20:54:41,2022-12-05 23:05:41
917,339,2022-02-19 15:09:45,2022-06-28 20:16:06
918,443,2022-05-18 12:07:51,2022-11-16 05:04:54
919,62,2022-02-28 14:48:57,2022-10-15 16:28:11
920,654,2022-03-31 02:06:35,2022-10-06 01:36:54
921,544,2022-03-28 19:37:54,2022-11-30 18:27:35
922,51,2022-04-20 01:51:30,2022-12-18 00:18:22
923,618,2022-03-23 09:05:10,2022-09-16 03:24:37
924,680,2022-02-26 09:44:02,2022-08-25 19:45:45
925,301,2022-05-07 20:55:46,2022-07-12 13:46:08
926,567,2022-01-26 05:44:31,2022-10-29 17:14:18
927,435,2022-04-28 20:35:58,2022-06-25 09:22:29
928,413,2022-03-29 21:17:06,2022-11-05 16:17:07
929,909,2022-01-22 15:01:20,2022-10-25 11:18:02
930,484,2022-05-13 00:56:18,2022-06-23 02:36:46
931,327,2022-05-01 07:17:14,2022-11-08 04:30:23
932,627,2022-05-17 01:32:02,2022-10-09 17:19:58
933,670,2022-01-09 01:24:26,2022-08-30 20:26:08
934,116,2022-04-18 12:55:09,2022-06-03 04:40:24
935,496,2022-01-04 16:29:51,2022-12-02 10:03:38
936,498,2022-02-19 05:54:31,2022-08-29 12:32:35
937,414,2022-05-08 20:04:20,2022-12-14 01:08:23
938,981,2022-01-03 08:14:31,2022-10-17 19:40:10
939,377,2022-05-19 17:37:39,2022-11-18 02:45:13
940,876,2022-01-27 12:59:27,2022-06-30 10:12:58
941,924,2022-04-14 22:54:39,2022-06-20 22:53:00
942,802,2022-05-23 15:55:39,2022-10-11 03:05:59
943,221,2022-04-29 04:30:32,2022-11-27 01:59:10
944,475,2022-03-11 02:26:20,2022-06-13 21:00:45
945,211,2022-05-01 01:23:46,2022-08-12 04:53:54
946,698,2022-05-23 13:51:46,2022-08-23 12:49:52
947,780,2022-04-03 08:29:53,2022-09-22 11:22:57
948,194,2022-04-11 04:17:58,2022-12-14 13:12:30
949,399,2022-05-16 21:25:08,2022-06-25 10:28:29
950,934,2022-01-09 23:31:12,2022-09-28 06:14:25
951,58,2022-03-18 04:55:43,2022-10-23 13:51:25
952,894,2022-01-16 20:55:13,2022-12-26 17:23:08
953,361,2022-03-19 07:50:34,2022-07-04 04:32:05
954,336,2022-04-28 21:10:43,2022-10-15 18:31:50
955,571,2022-02-16 04:30:46,2022-09-30 07:09:08
956,386,2022-05-05 13:43:38,2022-11-03 18:22:19
957,412,2022-04-06 23:32:31,2022-10-01 22:14:10
958,111,2022-03-06 16:26:49,2022-12-13 17:51:24
959,936,2022-01-27 06:56:38,2022-09-01 11:55:42
960,816,2022-02-27 06:00:35,2022-11-25 02:42:03
961,161,2022-03-04 02:15:20,2022-06-19 02:26:07
962,709,2022-01-03 18:09:19,2022-12-20 05:56:04
963,544,2022-02-07 16:25:21,2022-06-07 18:59:34
964,488,2022-05-04 20:47:48,2022-08-03 11:25:06
965,121,2022-02-26 05:31:19,2022-08-01 15:55:52
966,429,2022-05-10 06:46:10,2022-06-17 12:26:52
967,122,2022-04-28 10:03:38,2022-06-07 08:50:44
968,341,2022-04-28 15:03:07,2022-11-29 07:26:59
969,868,2022-01-21 08:58:52,2022-12-27 10:45:16
970,899,2022-04-21 00:53:45,2022-09-24 07:29:11
971,865,2022-02-22 21:05:53,2022-09-26 21:11:56
972,57,2022-04-26 13:59:22,2022-10-19 16:03:45
973,54,2022-02-07 15:36:32,2022-06-04 05:10:26
974,827,2022-01-09 06:49:08,2022-10-02 06:37:32
975,742,2022-04-03 08:49:18,2022-11-12 18:50:32
976,909,2022-01-16 09:42:32,2022-10-06 21:59:47
977,992,2022-05-07 12:02:23,2022-08-05 14:36:27
978,335,2022-05-03 07:08:38,2022-07-16 14:24:01
979,333,2022-05-27 08:55:07,2022-07-31 19:51:03
980,218,2022-04-21 22:17:14,2022-06-30 22:05:49
981,601,2022-03-24 10:55:24,2022-06-19 13:41:41
982,948,2022-02-18 03:28:43,2022-08-01 00:23:54
983,515,2022-02-18 09:40:33,2022-09-03 11:51:51
984,471,2022-01-23 07:23:56,2022-06-28 04:03:50
985,866,2022-02-07 03:20:01,2022-09-18 08:25:33
986,259,2022-01-09 23:41:52,2022-11-14 19:20:34
987,82,2022-01-13 21:59:40,2022-07-19 02:16:29
988,167,2022-02-23 05:51:10,2022-08-04 23:05:25
989,529,2022-02-03 09:17:12,2022-11-08 00:01:36
990,475,2022-01-07 17:14:08,2022-08-06 09:40:41
991,5,2022-04-22 03:06:38,2022-11-20 12:29:44
992,375,2022-01-29 05:03:53,2022-09-05 20:40:28
993,333,2022-05-16 01:57:05,2022-09-20 01:56:33
994,292,2022-01-27 11:40:46,2022-09-02 10:25:00
995,451,2022-01-05 00:51:14,2022-12-21 21:50:42
996,523,2022-04-22 01:27:13,2022-11-16 16:35:02
997,6,2022-05-01 10:18:13,2022-07-23 13:18:29
998,775,2022-05-22 08:10:01,2022-08-31 14:49:08
999,711,2022-01-28 01:15:50,2022-10-02 23:57:07
1000,777,2022-02-08 05:38:42,2022-09-19 23:30:56
