cart_item_id,cart_id,product_id,quantity,created_at,updated_at
1001,92,431,72,2021-12-26 09:40:21,2022-03-24 03:17:01
1002,39,243,35,2021-08-30 13:55:02,2022-05-25 22:34:06
1003,612,450,83,2021-02-21 21:52:25,2022-02-27 06:58:08
1004,638,441,86,2021-02-28 21:04:25,2022-01-19 22:22:13
1005,338,229,50,2021-02-28 22:39:26,2022-09-17 03:03:57
1006,88,49,74,2021-04-20 02:25:33,2022-10-24 05:41:31
1007,496,458,20,2021-02-05 21:14:44,2022-05-29 22:38:23
1008,958,155,91,2021-07-04 01:47:31,2022-10-04 12:26:29
1009,536,105,93,2021-11-07 14:32:27,2022-02-10 09:12:14
1010,483,42,49,2021-07-27 04:04:53,2022-09-17 02:59:17
1011,707,216,5,2021-07-25 08:36:39,2022-01-25 02:30:36
1012,743,334,3,2021-09-03 02:34:09,2022-05-11 00:05:58
1013,801,64,97,2021-06-28 13:18:20,2022-02-02 17:44:33
1014,144,364,63,2021-04-21 02:55:46,2022-05-14 17:57:28
1015,877,33,91,2021-03-11 20:45:43,2022-05-15 20:51:23
1016,605,220,74,2021-11-27 23:29:44,2022-05-28 04:28:24
1017,997,41,60,2021-08-10 08:26:36,2022-08-01 20:15:34
1018,906,493,51,2021-02-26 12:31:45,2022-06-13 07:06:23
1019,558,61,96,2021-12-30 07:26:06,2022-05-12 11:52:42
1020,66,419,89,2021-03-12 10:08:46,2022-06-17 13:49:39
1021,543,160,21,2021-08-31 12:50:43,2022-01-24 02:01:56
1022,909,166,40,2021-01-01 23:33:47,2022-09-23 03:21:01
1023,921,372,89,2021-12-15 16:26:44,2022-12-17 12:26:58
1024,65,443,28,2021-12-13 12:29:52,2022-02-20 14:50:58
1025,882,100,71,2021-08-23 23:50:50,2022-03-29 04:33:50
1026,950,234,1,2021-05-14 14:29:46,2022-05-29 18:10:08
1027,574,3,5,2021-07-29 01:09:37,2022-06-27 09:54:34
1028,305,85,36,2021-05-17 05:16:22,2022-02-21 02:54:12
1029,890,245,26,2021-11-10 23:54:12,2022-09-22 23:45:01
1030,798,484,83,2021-07-14 14:05:36,2022-05-09 00:45:47
1031,571,291,17,2021-09-22 19:15:21,2022-06-23 12:44:14
1032,975,406,48,2021-01-13 20:47:01,2022-07-30 18:08:51
1033,49,273,68,2021-10-17 14:39:34,2022-06-10 11:56:45
1034,13,4,26,2021-01-09 09:13:46,2022-07-27 17:27:41
1035,107,448,5,2021-07-25 21:32:30,2022-03-12 23:14:45
1036,853,162,83,2021-11-11 21:42:03,2022-03-29 08:45:09
1037,49,121,85,2021-07-29 03:42:30,2022-01-04 20:01:06
1038,889,190,98,2021-12-23 08:23:19,2022-07-04 14:46:12
1039,263,486,80,2021-05-21 00:44:11,2022-08-23 11:00:33
1040,632,228,83,2021-01-08 02:46:31,2022-04-07 05:30:37
1041,906,91,97,2021-08-10 10:07:45,2022-01-03 07:56:26
1042,771,79,69,2021-08-28 03:21:29,2022-02-23 16:27:15
1043,528,216,94,2021-11-22 19:48:41,2022-01-21 00:23:37
1044,627,166,18,2021-01-11 00:31:46,2022-09-15 08:16:49
1045,782,198,38,2021-08-01 20:19:39,2022-01-12 03:48:49
1046,923,275,22,2021-12-06 15:06:30,2022-08-04 16:14:51
1047,767,369,53,2021-11-04 10:29:52,2022-04-21 18:18:28
1048,983,104,39,2021-06-27 10:02:37,2022-07-19 08:09:13
1049,932,194,98,2021-11-23 20:09:50,2022-10-21 16:42:17
1050,793,496,35,2021-06-12 14:37:54,2022-07-03 15:44:52
1051,30,168,44,2021-03-28 22:18:01,2022-07-20 20:57:55
1052,447,361,37,2021-08-11 15:38:35,2022-02-21 03:48:49
1053,70,145,54,2021-02-25 09:39:52,2022-03-20 00:18:11
1054,169,377,2,2021-06-02 01:42:56,2022-12-02 12:16:01
1055,215,190,74,2021-02-13 01:14:46,2022-09-29 07:37:08
1056,961,205,97,2021-09-17 23:07:48,2022-10-03 12:06:45
1057,929,345,7,2021-07-22 14:08:32,2022-04-19 11:50:32
1058,309,274,69,2021-10-31 16:20:08,2022-10-31 22:04:24
1059,824,376,55,2021-11-06 15:48:24,2022-07-18 09:33:16
1060,881,107,17,2021-07-10 08:13:26,2022-04-15 04:14:34
1061,83,468,97,2021-09-25 12:45:08,2022-01-22 15:32:56
1062,865,287,65,2021-02-23 06:56:04,2022-01-18 11:55:17
1063,570,137,10,2021-12-30 12:09:46,2022-09-22 06:24:41
1064,772,427,30,2021-11-06 15:54:14,2022-02-25 15:46:50
1065,740,423,72,2021-12-09 08:54:41,2022-04-29 00:27:03
1066,931,304,24,2021-05-31 18:02:08,2022-12-09 16:26:07
1067,573,224,26,2021-03-01 07:26:58,2022-08-28 13:21:50
1068,145,68,67,2021-03-01 06:50:47,2022-10-21 08:24:37
1069,317,20,21,2021-05-31 09:36:09,2022-02-07 07:23:38
1070,166,425,100,2021-04-06 06:10:10,2022-04-30 04:29:31
1071,601,483,44,2021-11-08 14:55:21,2022-01-12 01:10:43
1072,802,80,25,2021-10-09 17:13:01,2022-02-07 10:47:18
1073,223,193,95,2021-03-31 16:39:40,2022-08-23 18:18:39
1074,458,91,14,2021-08-22 00:33:14,2022-01-23 09:10:39
1075,258,215,69,2021-10-06 01:50:27,2022-05-02 23:36:00
1076,412,104,65,2021-01-30 14:05:30,2022-05-10 01:39:02
1077,439,402,55,2021-02-21 08:20:01,2022-03-04 13:33:38
1078,948,11,58,2021-11-12 14:42:53,2022-06-24 22:34:05
1079,954,266,73,2021-07-16 06:28:12,2022-05-31 08:15:40
1080,439,247,52,2021-04-09 06:45:13,2022-08-21 20:12:07
1081,592,131,5,2021-06-15 13:46:11,2022-01-28 02:14:32
1082,956,372,46,2021-03-05 14:01:47,2022-05-01 01:47:05
1083,726,491,17,2021-12-27 11:23:23,2022-03-30 17:22:16
1084,802,391,54,2021-05-27 20:08:18,2022-03-10 14:27:54
1085,309,97,29,2021-07-09 22:37:39,2022-10-15 14:18:39
1086,572,491,6,2021-09-08 12:00:58,2022-07-15 01:02:36
1087,822,2,19,2021-12-09 02:49:58,2022-09-19 18:30:31
1088,653,303,46,2021-05-02 13:20:38,2022-06-20 05:18:53
1089,360,377,32,2021-03-28 21:12:08,2022-10-11 23:09:42
1090,738,316,18,2021-08-20 09:09:19,2022-12-20 06:24:18
1091,875,67,86,2021-11-24 10:17:19,2022-11-23 13:39:57
1092,474,84,66,2021-02-08 06:11:30,2022-08-28 22:51:50
1093,581,42,10,2021-07-04 00:23:48,2022-11-23 10:13:23
1094,364,80,14,2021-05-26 06:31:13,2022-07-31 01:56:20
1095,720,155,88,2021-07-01 00:59:39,2022-10-01 15:40:18
1096,995,332,100,2021-11-16 03:24:47,2022-06-21 18:57:54
1097,988,247,71,2021-10-28 06:47:01,2022-01-03 11:35:15
1098,330,277,51,2021-09-11 12:46:55,2022-10-24 14:59:35
1099,547,403,89,2021-09-18 10:29:07,2022-05-22 13:03:31
1100,215,175,5,2021-12-25 00:07:51,2022-06-07 08:42:48
1101,18,307,74,2021-06-07 08:23:10,2022-11-16 17:33:38
1102,177,303,20,2021-04-30 14:35:16,2022-09-19 06:35:28
1103,120,101,24,2021-01-26 16:26:23,2022-08-19 01:00:47
1104,453,429,70,2021-09-05 14:43:27,2022-10-14 15:47:57
1105,759,166,32,2021-10-18 11:10:39,2022-11-09 07:58:41
1106,371,160,69,2021-09-07 23:08:12,2022-01-02 07:57:55
1107,947,281,56,2021-11-18 12:24:31,2022-10-01 22:33:29
1108,231,83,88,2021-05-02 12:41:02,2022-05-24 17:39:04
1109,609,488,39,2021-11-09 07:29:45,2022-12-15 21:54:43
1110,354,64,91,2021-09-03 10:55:00,2022-05-12 07:54:42
1111,760,474,77,2021-05-14 12:44:22,2022-05-29 07:45:49
1112,23,233,42,2021-07-04 03:03:11,2022-09-19 06:07:37
1113,892,149,55,2021-04-16 07:35:24,2022-07-10 15:16:42
1114,888,159,66,2021-01-06 10:28:11,2022-06-24 15:03:21
1115,315,350,70,2021-04-17 03:42:53,2022-04-14 02:15:42
1116,102,377,93,2021-06-27 17:22:49,2022-06-04 21:35:00
1117,146,262,73,2021-05-13 22:34:33,2022-09-02 20:08:51
1118,859,51,37,2021-11-21 21:47:08,2022-02-20 19:56:32
1119,893,265,86,2021-02-11 00:54:36,2022-07-14 11:25:11
1120,613,185,69,2021-02-23 07:27:25,2022-12-26 11:24:04
1121,566,399,46,2021-07-09 17:16:45,2022-07-18 18:27:50
1122,923,102,46,2021-11-22 07:40:52,2022-05-26 08:13:59
1123,781,385,54,2021-03-14 08:51:56,2022-04-08 10:54:37
1124,785,308,14,2021-03-28 04:42:00,2022-10-13 05:07:56
1125,505,27,62,2021-11-29 16:22:09,2022-11-28 12:00:10
1126,320,252,83,2021-11-10 05:30:22,2022-11-16 04:37:46
1127,413,7,24,2021-10-07 18:56:03,2022-03-28 21:08:42
1128,499,274,100,2021-03-29 11:27:40,2022-09-27 00:59:27
1129,785,215,10,2021-01-01 15:19:27,2022-05-26 12:30:08
1130,231,381,46,2021-10-15 22:44:37,2022-05-14 09:41:47
1131,430,441,4,2021-01-06 12:10:33,2022-07-29 14:43:43
1132,78,499,29,2021-12-21 15:37:43,2022-08-10 21:22:54
1133,888,159,58,2021-01-23 10:39:58,2022-11-15 00:55:17
1134,711,344,62,2021-09-02 01:45:33,2022-08-02 09:29:49
1135,833,277,59,2021-11-15 06:34:09,2022-11-04 11:02:48
1136,773,409,42,2021-11-02 01:02:44,2022-04-02 04:21:03
1137,933,269,12,2021-02-01 01:40:12,2022-05-03 21:33:29
1138,452,127,54,2021-10-20 08:54:13,2022-04-14 08:37:01
1139,42,38,61,2021-07-08 06:00:59,2022-11-10 16:58:28
1140,223,150,70,2021-09-17 05:54:03,2022-01-17 15:22:50
1141,555,422,45,2021-10-22 14:09:53,2022-05-09 00:21:48
1142,4,356,71,2021-06-10 18:12:39,2022-08-14 00:09:58
1143,494,4,75,2021-06-03 02:36:47,2022-11-09 17:53:16
1144,806,356,40,2021-08-29 04:19:29,2022-12-24 13:57:54
1145,593,426,46,2021-10-27 22:49:19,2022-06-30 07:51:46
1146,404,62,20,2021-04-03 14:20:39,2022-12-21 03:27:45
1147,194,19,84,2021-09-25 04:13:05,2022-05-19 08:41:38
1148,916,319,6,2021-11-27 17:58:12,2022-04-10 13:56:26
1149,704,85,99,2021-06-17 16:48:57,2022-10-31 22:33:25
1150,113,2,99,2021-07-19 03:31:01,2022-05-21 19:09:51
1151,360,217,31,2021-09-03 16:08:57,2022-05-06 02:30:28
1152,579,65,61,2021-05-24 06:47:19,2022-07-05 06:08:26
1153,1,489,90,2021-03-22 00:28:57,2022-07-12 21:38:34
1154,45,241,43,2021-02-07 00:37:09,2022-08-07 17:59:34
1155,162,254,22,2021-11-26 18:15:48,2022-07-12 13:18:10
1156,217,171,43,2021-06-27 03:28:31,2022-10-18 18:46:55
1157,302,395,99,2021-09-13 21:25:47,2022-09-24 06:50:50
1158,55,482,6,2021-04-04 03:47:46,2022-01-17 11:39:57
1159,926,127,52,2021-09-14 08:51:10,2022-06-04 13:45:41
1160,626,214,37,2021-11-12 11:23:36,2022-12-08 06:50:19
1161,166,348,22,2021-10-31 10:17:57,2022-12-05 12:00:00
1162,532,405,25,2021-12-20 02:34:50,2022-07-24 00:26:23
1163,89,19,60,2021-05-02 16:51:23,2022-07-04 12:48:47
1164,150,148,46,2021-11-12 05:53:34,2022-04-29 09:53:29
1165,144,23,56,2021-04-01 00:10:58,2022-05-03 23:02:03
1166,642,111,36,2021-02-24 21:55:06,2022-09-18 09:40:59
1167,278,2,6,2021-03-28 02:00:04,2022-06-22 16:16:34
1168,877,88,66,2021-05-06 16:54:16,2022-02-12 20:32:13
1169,710,16,78,2021-10-12 12:02:09,2022-08-21 02:55:40
1170,440,12,78,2021-12-28 01:13:42,2022-04-20 20:32:33
1171,76,422,72,2021-03-08 20:31:46,2022-10-24 13:02:03
1172,859,452,87,2021-05-16 20:28:30,2022-07-31 15:37:45
1173,327,318,41,2021-03-18 15:23:45,2022-12-10 02:59:29
1174,814,396,7,2021-10-30 07:11:42,2022-04-10 23:28:08
1175,758,206,72,2021-09-21 04:20:02,2022-12-26 12:32:21
1176,398,287,95,2021-06-20 11:38:53,2022-10-20 21:56:09
1177,456,407,76,2021-04-14 11:51:48,2022-03-16 11:14:46
1178,279,103,84,2021-02-24 01:18:41,2022-12-02 21:18:37
1179,223,234,3,2021-05-01 17:20:54,2022-08-26 23:41:43
1180,951,40,19,2021-01-05 12:43:48,2022-01-28 19:28:51
1181,738,9,76,2021-01-25 06:17:14,2022-03-15 14:02:27
1182,901,105,89,2021-03-29 12:41:17,2022-04-24 02:40:31
1183,822,49,86,2021-09-05 05:04:08,2022-05-28 22:04:12
1184,155,113,92,2021-02-17 06:31:48,2022-03-11 11:33:33
1185,804,323,63,2021-09-03 07:04:34,2022-03-12 01:53:31
1186,733,19,77,2021-10-30 18:46:20,2022-04-10 07:29:15
1187,591,217,56,2021-04-01 05:06:12,2022-11-11 04:09:16
1188,451,271,45,2021-03-13 10:21:42,2022-05-27 00:07:37
1189,788,215,61,2021-08-18 11:15:55,2022-09-12 07:19:56
1190,691,77,37,2021-10-10 18:31:12,2022-09-18 05:33:05
1191,106,78,16,2021-05-09 21:08:46,2022-08-15 19:44:59
1192,309,85,42,2021-01-30 14:47:38,2022-11-08 13:00:26
1193,735,455,43,2021-03-01 15:43:25,2022-01-18 10:37:56
1194,741,460,11,2021-01-28 13:53:13,2022-04-12 02:45:52
1195,501,449,23,2021-06-05 13:17:00,2022-11-25 18:34:26
1196,558,471,6,2021-04-28 05:35:58,2022-02-07 16:09:44
1197,631,185,84,2021-12-28 15:25:46,2022-04-10 21:54:44
1198,670,321,63,2021-07-29 03:01:44,2022-01-04 04:09:32
1199,588,218,89,2021-10-17 07:55:39,2022-07-27 03:49:45
1200,770,42,37,2021-08-07 14:04:32,2022-03-06 12:13:45
1201,866,329,69,2021-10-29 00:17:43,2022-06-19 12:28:22
1202,651,273,70,2021-07-27 23:47:21,2022-01-30 18:29:20
1203,624,272,88,2021-03-28 06:37:05,2022-05-19 02:39:09
1204,515,170,64,2021-01-24 00:51:46,2022-05-12 02:07:57
1205,186,82,11,2021-12-10 06:21:38,2022-02-13 23:49:22
1206,468,65,3,2021-09-18 10:01:10,2022-09-29 15:49:03
1207,124,285,41,2021-06-10 00:32:36,2022-10-28 10:11:40
1208,781,294,16,2021-02-10 06:33:17,2022-08-18 01:37:05
1209,394,91,40,2021-06-06 00:55:21,2022-11-04 22:22:48
1210,486,240,59,2021-07-05 05:32:50,2022-08-16 09:57:32
1211,710,84,75,2021-09-12 16:10:12,2022-12-25 01:50:48
1212,865,8,30,2021-09-07 13:54:32,2022-04-20 09:57:58
1213,228,365,53,2021-01-31 14:19:45,2022-03-17 13:02:29
1214,759,192,31,2021-03-21 00:56:29,2022-03-18 19:45:30
1215,423,259,29,2021-05-11 21:29:05,2022-04-01 08:22:44
1216,436,436,71,2021-07-30 19:30:30,2022-10-03 17:35:11
1217,106,442,20,2021-02-23 23:47:56,2022-06-09 21:48:50
1218,594,394,36,2021-01-12 15:00:44,2022-06-02 06:42:59
1219,734,400,74,2021-04-03 18:58:46,2022-11-11 03:03:31
1220,341,30,13,2021-12-14 17:34:15,2022-02-19 12:08:59
1221,652,337,31,2021-02-08 07:57:15,2022-04-18 13:33:00
1222,141,130,63,2021-03-17 03:02:16,2022-02-23 14:46:55
1223,28,484,48,2021-06-16 16:17:13,2022-03-23 00:29:11
1224,241,107,58,2021-07-12 15:37:21,2022-04-19 13:39:38
1225,494,258,51,2021-02-13 17:17:37,2022-11-30 01:06:45
1226,932,114,46,2021-07-11 10:16:39,2022-09-12 02:00:39
1227,148,354,84,2021-11-01 16:59:52,2022-10-22 19:30:21
1228,568,40,57,2021-11-14 00:01:47,2022-06-26 14:44:55
1229,724,85,31,2021-04-17 17:24:46,2022-08-30 04:14:30
1230,728,441,55,2021-07-10 15:08:57,2022-02-28 18:02:51
1231,18,430,45,2021-12-05 11:50:33,2022-08-30 07:39:32
1232,356,402,54,2021-10-20 04:24:52,2022-05-30 03:38:23
1233,618,242,31,2021-06-10 03:46:17,2022-12-27 20:23:18
1234,451,272,45,2021-11-04 06:06:16,2022-06-22 12:48:59
1235,804,159,58,2021-06-21 10:04:23,2022-12-28 15:43:53
1236,491,253,48,2021-07-25 10:23:50,2022-07-05 07:03:47
1237,862,230,62,2021-07-09 01:29:37,2022-03-27 23:31:38
1238,917,2,39,2021-01-16 02:53:29,2022-05-18 14:17:22
1239,395,424,60,2021-10-03 07:57:12,2022-08-06 13:32:21
1240,897,456,75,2021-01-15 15:23:01,2022-03-24 04:19:51
1241,327,428,6,2021-06-17 16:56:52,2022-08-17 06:53:54
1242,782,325,28,2021-06-05 09:44:05,2022-04-02 15:24:44
1243,219,468,9,2021-10-03 16:59:58,2022-10-12 09:04:42
1244,863,348,22,2021-02-13 07:17:14,2022-03-20 21:15:56
1245,790,198,82,2021-02-11 22:31:27,2022-02-26 22:20:02
1246,252,58,74,2021-10-05 06:15:12,2022-05-08 02:00:48
1247,54,199,72,2021-07-29 20:59:10,2022-05-11 03:23:57
1248,377,480,57,2021-03-22 18:53:03,2022-05-27 07:55:45
1249,915,461,27,2021-02-27 08:52:06,2022-06-24 21:06:03
1250,51,197,76,2021-10-26 09:13:06,2022-10-30 08:58:46
1251,307,103,67,2021-10-04 14:52:35,2022-10-02 02:00:22
1252,978,314,25,2021-01-19 06:58:42,2022-11-26 03:27:19
1253,537,117,38,2021-06-02 07:09:55,2022-09-27 07:12:38
1254,67,237,31,2021-03-08 03:39:58,2022-11-25 08:53:44
1255,972,488,89,2021-06-06 08:35:24,2022-07-01 19:05:14
1256,268,77,26,2021-02-24 23:38:41,2022-07-12 00:47:02
1257,409,26,92,2021-03-31 22:26:16,2022-08-31 04:06:20
1258,269,32,71,2021-04-07 01:01:54,2022-08-06 04:38:41
1259,904,75,87,2021-08-15 07:12:30,2022-10-17 19:33:01
1260,540,118,3,2021-06-22 23:09:20,2022-04-20 22:40:19
1261,808,341,42,2021-04-20 17:12:48,2022-11-11 18:37:10
1262,276,161,74,2021-06-10 11:52:50,2022-02-17 02:35:32
1263,67,220,47,2021-01-17 19:06:58,2022-02-28 18:33:59
1264,779,489,82,2021-10-05 19:55:14,2022-11-12 02:15:23
1265,318,23,31,2021-11-24 18:21:49,2022-01-23 18:47:29
1266,269,482,55,2021-10-25 09:39:09,2022-03-16 07:44:20
1267,539,396,28,2021-06-26 16:10:13,2022-01-08 12:13:24
1268,83,152,6,2021-01-19 10:09:20,2022-03-26 23:47:21
1269,287,59,20,2021-11-21 01:34:21,2022-03-23 19:25:24
1270,766,311,43,2021-05-19 14:34:19,2022-12-10 21:44:43
1271,496,235,24,2021-08-31 03:30:27,2022-10-12 17:04:49
1272,976,358,52,2021-11-12 06:26:22,2022-09-26 05:27:09
1273,512,295,1,2021-07-22 15:28:51,2022-11-05 08:08:33
1274,1000,304,82,2021-01-06 15:10:00,2022-07-23 02:18:01
1275,853,322,56,2021-12-29 11:09:25,2022-02-04 22:34:13
1276,212,330,53,2021-10-20 12:44:34,2022-08-18 04:56:12
1277,198,96,40,2021-06-25 21:49:21,2022-10-30 10:00:26
1278,178,363,99,2021-07-04 08:46:50,2022-05-07 12:31:32
1279,226,398,28,2021-10-19 02:05:23,2022-05-17 19:21:03
1280,371,148,73,2021-01-16 02:07:43,2022-11-25 15:33:55
1281,280,450,74,2021-08-16 19:38:35,2022-02-06 01:00:29
1282,589,488,55,2021-06-09 20:11:58,2022-06-27 14:52:53
1283,527,184,48,2021-11-16 11:47:55,2022-12-12 02:10:08
1284,532,202,32,2021-05-31 16:52:48,2022-05-06 15:10:24
1285,116,365,38,2021-04-08 13:53:07,2022-08-24 11:29:37
1286,797,90,51,2021-02-21 18:04:20,2022-05-23 06:29:54
1287,170,359,93,2021-08-08 23:52:59,2022-09-08 15:30:37
1288,7,343,13,2021-06-21 19:01:20,2022-04-24 07:47:57
1289,175,182,34,2021-12-07 07:51:01,2022-09-24 23:42:08
1290,701,220,7,2021-10-29 19:44:40,2022-07-23 05:38:45
1291,135,240,59,2021-11-09 06:30:53,2022-11-20 00:36:42
1292,777,10,63,2021-06-04 13:16:44,2022-05-08 11:04:49
1293,71,307,68,2021-05-21 20:17:07,2022-10-07 07:15:46
1294,669,213,22,2021-02-10 05:00:30,2022-01-17 03:56:12
1295,603,145,15,2021-05-23 08:04:44,2022-09-04 04:47:41
1296,604,77,81,2021-12-10 02:03:06,2022-05-29 11:23:44
1297,278,265,11,2021-03-19 12:37:35,2022-03-26 16:25:36
1298,121,465,82,2021-11-27 23:24:53,2022-05-07 05:35:51
1299,257,194,30,2021-01-22 03:14:41,2022-06-17 11:30:43
1300,424,194,70,2021-12-02 08:47:56,2022-01-27 05:59:03
1301,801,376,16,2021-09-17 12:17:40,2022-02-20 15:55:16
1302,91,40,23,2021-01-08 14:12:40,2022-05-22 21:42:06
1303,160,471,51,2021-06-06 19:19:51,2022-08-19 12:35:05
1304,949,499,27,2021-07-16 20:02:59,2022-11-16 03:40:54
1305,281,91,41,2021-02-23 23:41:01,2022-04-20 13:36:45
1306,900,249,52,2021-07-15 10:37:08,2022-03-11 11:26:47
1307,837,273,81,2021-04-08 04:26:25,2022-10-08 01:03:04
1308,490,448,74,2021-11-21 19:26:04,2022-05-30 11:22:07
1309,977,68,1,2021-03-11 11:44:10,2022-04-30 21:15:34
1310,154,71,34,2021-10-24 05:49:14,2022-07-15 00:54:41
1311,911,379,30,2021-11-18 12:55:26,2022-10-15 13:45:41
1312,397,42,57,2021-02-09 10:11:33,2022-07-03 18:50:37
1313,847,5,84,2021-12-05 09:45:23,2022-09-15 12:35:22
1314,335,280,99,2021-09-04 01:33:52,2022-10-16 18:35:18
1315,285,462,69,2021-02-03 09:28:26,2022-07-15 19:50:40
1316,112,417,50,2021-09-05 10:57:28,2022-06-29 01:32:41
1317,850,224,11,2021-09-10 23:35:46,2022-05-14 09:38:24
1318,200,355,38,2021-07-09 12:19:21,2022-09-10 02:56:22
1319,961,179,15,2021-11-01 03:26:50,2022-03-08 03:06:05
1320,458,140,7,2021-03-28 06:04:45,2022-07-25 18:49:13
1321,203,478,43,2021-04-13 21:16:21,2022-12-05 03:26:33
1322,338,131,30,2021-08-11 06:29:56,2022-07-05 01:54:59
1323,422,61,83,2021-03-14 03:58:17,2022-08-03 06:22:14
1324,403,148,47,2021-09-12 19:49:17,2022-11-22 20:31:08
1325,816,455,18,2021-04-17 15:26:14,2022-09-06 00:42:20
1326,841,55,32,2021-04-20 20:38:31,2022-05-10 03:55:16
1327,332,39,16,2021-08-30 13:57:09,2022-07-16 17:58:56
1328,867,209,77,2021-03-04 20:09:36,2022-09-28 16:56:15
1329,736,490,42,2021-04-02 14:59:13,2022-04-03 08:59:33
1330,681,385,63,2021-12-07 20:55:51,2022-06-05 14:58:18
1331,909,358,31,2021-08-22 01:46:19,2022-11-20 08:28:24
1332,405,480,71,2021-10-30 05:49:45,2022-02-15 21:18:20
1333,825,404,89,2021-06-15 22:10:56,2022-04-04 18:39:46
1334,650,326,65,2021-06-26 14:32:08,2022-09-04 17:20:08
1335,484,95,11,2021-01-10 23:48:18,2022-02-21 19:55:47
1336,403,212,27,2021-01-24 19:48:04,2022-07-07 09:41:14
1337,998,139,78,2021-08-02 20:32:52,2022-08-02 23:35:28
1338,905,274,41,2021-11-18 10:22:34,2022-02-09 21:32:52
1339,863,16,20,2021-11-12 06:42:02,2022-06-23 17:19:59
1340,816,235,100,2021-09-09 01:49:54,2022-07-04 03:00:42
1341,909,285,46,2021-12-06 13:35:14,2022-03-15 08:26:42
1342,625,143,76,2021-06-23 20:08:03,2022-02-27 22:56:45
1343,618,86,75,2021-07-06 06:22:44,2022-07-30 10:02:51
1344,533,427,75,2021-04-21 02:58:06,2022-07-16 23:04:27
1345,749,361,9,2021-12-03 23:43:49,2022-11-08 12:03:27
1346,391,358,20,2021-09-09 08:04:03,2022-12-02 16:19:36
1347,683,129,34,2021-11-21 22:18:40,2022-11-07 17:29:52
1348,561,127,46,2021-01-04 15:02:56,2022-06-15 15:32:44
1349,997,449,84,2021-10-02 07:21:47,2022-09-26 01:26:09
1350,572,255,45,2021-07-13 02:21:50,2022-02-04 05:02:53
1351,931,94,88,2021-04-27 18:06:34,2022-08-02 19:23:15
1352,791,164,100,2021-03-07 08:10:17,2022-04-16 23:50:09
1353,749,441,35,2021-12-19 16:43:01,2022-11-01 12:38:12
1354,461,422,12,2021-06-08 02:45:12,2022-04-22 19:12:34
1355,820,151,47,2021-07-07 22:35:01,2022-10-20 12:20:29
1356,261,198,78,2021-07-17 11:31:54,2022-08-18 04:45:03
1357,429,243,74,2021-12-12 14:20:28,2022-12-02 18:53:49
1358,972,282,10,2021-06-11 19:52:33,2022-09-26 15:19:49
1359,646,138,49,2021-11-04 10:25:34,2022-12-01 06:04:57
1360,374,33,70,2021-06-14 16:10:27,2022-03-06 10:25:40
1361,475,311,24,2021-10-19 23:22:54,2022-01-05 18:58:49
1362,594,220,57,2021-01-22 12:53:56,2022-09-17 22:09:48
1363,755,273,61,2021-07-31 21:14:33,2022-11-30 00:39:51
1364,181,389,41,2021-09-04 15:36:25,2022-05-23 00:17:02
1365,606,274,30,2021-02-11 04:15:16,2022-07-18 07:18:18
1366,66,222,12,2021-02-21 17:23:39,2022-07-18 07:07:10
1367,900,39,75,2021-04-01 17:10:14,2022-03-24 12:42:59
1368,131,500,34,2021-03-10 08:10:51,2022-04-19 04:08:04
1369,485,23,25,2021-10-02 16:51:06,2022-07-13 14:09:40
1370,87,416,60,2021-09-22 02:39:37,2022-10-20 23:46:34
1371,23,64,32,2021-11-18 07:47:25,2022-09-03 04:15:22
1372,702,437,62,2021-01-10 11:32:53,2022-02-04 22:25:02
1373,410,188,50,2021-06-07 02:25:05,2022-09-16 15:14:05
1374,751,275,87,2021-09-02 18:05:26,2022-12-02 15:37:08
1375,95,128,22,2021-03-25 06:24:42,2022-06-16 10:05:04
1376,676,310,85,2021-12-17 01:10:01,2022-09-05 06:00:52
1377,588,461,55,2021-07-29 02:12:40,2022-08-30 18:31:44
1378,637,330,24,2021-03-09 19:41:53,2022-04-17 18:44:43
1379,306,423,93,2021-05-10 23:14:01,2022-11-25 17:11:12
1380,240,460,99,2021-03-10 23:06:17,2022-06-27 12:20:24
1381,525,330,49,2021-08-30 02:57:23,2022-12-14 02:13:16
1382,465,236,74,2021-09-15 10:17:08,2022-09-20 17:21:31
1383,459,345,61,2021-04-26 23:43:16,2022-10-24 13:59:15
1384,83,493,53,2021-01-16 23:07:59,2022-03-05 10:39:36
1385,715,179,6,2021-04-15 23:08:13,2022-11-09 14:45:17
1386,853,250,35,2021-01-12 16:22:24,2022-04-09 14:53:40
1387,646,250,77,2021-09-27 17:57:22,2022-12-18 07:50:17
1388,444,62,41,2021-11-30 00:00:57,2022-12-14 10:34:37
1389,482,328,50,2021-10-11 04:26:16,2022-01-30 08:55:44
1390,167,394,90,2021-03-28 18:02:24,2022-10-14 11:21:21
1391,919,107,49,2021-11-12 20:58:13,2022-09-02 00:44:44
1392,160,195,11,2021-07-25 10:54:16,2022-01-20 17:17:57
1393,92,420,96,2021-05-19 23:26:14,2022-01-17 19:50:32
1394,151,466,46,2021-09-13 15:01:46,2022-06-11 09:57:24
1395,429,62,29,2021-05-15 20:25:34,2022-01-06 11:19:16
1396,846,71,68,2021-04-12 07:01:34,2022-07-30 05:04:18
1397,530,196,85,2021-12-23 21:02:41,2022-02-24 16:05:34
1398,755,500,6,2021-01-04 18:01:57,2022-11-09 11:19:36
1399,654,225,62,2021-10-26 10:39:51,2022-10-22 02:59:49
1400,609,300,34,2021-09-09 22:56:17,2022-11-27 13:08:30
1401,712,453,92,2021-05-31 22:04:26,2022-12-17 13:14:32
1402,319,217,67,2021-05-31 00:24:38,2022-11-15 18:34:12
1403,177,6,93,2021-05-12 06:35:29,2022-05-31 06:11:19
1404,622,404,29,2021-06-13 08:28:16,2022-12-11 18:50:53
1405,798,410,100,2021-12-04 08:57:37,2022-03-16 02:34:54
1406,84,186,57,2021-10-19 09:24:16,2022-06-30 12:58:50
1407,993,491,52,2021-06-27 11:01:42,2022-12-16 05:47:38
1408,306,421,81,2021-06-11 02:51:25,2022-01-19 03:40:27
1409,77,498,49,2021-02-10 07:34:20,2022-08-10 11:44:38
1410,775,276,51,2021-04-14 13:06:31,2022-06-25 14:23:47
1411,110,111,78,2021-05-15 21:28:49,2022-05-15 21:52:16
1412,39,143,21,2021-04-15 13:12:35,2022-10-28 04:31:41
1413,976,404,30,2021-10-09 14:37:05,2022-03-31 11:23:21
1414,359,297,60,2021-05-27 02:56:09,2022-03-17 12:14:10
1415,708,103,25,2021-10-10 22:52:04,2022-07-24 20:21:47
1416,726,104,8,2021-11-13 21:46:47,2022-06-30 15:05:46
1417,288,448,30,2021-03-21 14:57:18,2022-05-15 13:27:27
1418,496,318,69,2021-03-09 15:04:01,2022-01-29 07:05:44
1419,901,404,75,2021-06-13 14:21:11,2022-05-19 01:56:41
1420,799,91,80,2021-12-05 05:19:58,2022-02-04 17:14:00
1421,562,445,18,2021-10-27 13:02:21,2022-03-29 05:59:05
1422,605,492,47,2021-07-19 03:56:12,2022-01-04 18:37:17
1423,947,487,71,2021-10-21 16:04:49,2022-04-23 19:52:27
1424,898,217,23,2021-11-28 15:27:09,2022-08-24 22:37:52
1425,374,377,13,2021-05-27 13:03:34,2022-10-15 02:55:18
1426,136,86,34,2021-07-25 05:36:01,2022-09-15 04:42:26
1427,859,178,23,2021-07-03 14:03:23,2022-03-13 05:27:03
1428,324,244,80,2021-07-11 04:51:57,2022-11-07 20:10:12
1429,390,172,86,2021-05-29 09:23:05,2022-03-07 21:13:25
1430,142,266,96,2021-10-05 21:46:23,2022-08-08 16:17:04
1431,748,24,37,2021-08-25 20:48:41,2022-10-28 12:29:25
1432,824,88,62,2021-04-18 06:26:17,2022-06-18 03:26:12
1433,211,498,39,2021-07-02 02:38:56,2022-04-19 17:50:40
1434,692,362,46,2021-12-18 21:20:58,2022-12-10 16:58:48
1435,861,46,19,2021-03-13 09:46:22,2022-05-27 21:13:11
1436,598,220,71,2021-05-15 14:31:06,2022-03-01 02:25:50
1437,716,254,98,2021-05-24 04:51:37,2022-04-17 07:36:46
1438,602,21,87,2021-12-16 18:45:16,2022-08-28 20:50:59
1439,986,424,9,2021-03-17 16:03:34,2022-12-23 05:01:21
1440,236,35,63,2021-07-25 19:04:38,2022-05-28 17:36:25
1441,908,58,54,2021-04-14 02:48:30,2022-10-21 10:22:23
1442,271,243,59,2021-01-19 08:27:17,2022-11-30 21:04:45
1443,457,115,91,2021-01-02 19:48:31,2022-03-24 00:58:42
1444,680,50,9,2021-11-15 20:18:54,2022-05-11 02:31:49
1445,675,355,77,2021-04-02 20:18:08,2022-07-15 18:32:06
1446,809,490,39,2021-08-18 06:43:30,2022-10-15 14:00:18
1447,13,497,73,2021-06-22 13:52:06,2022-01-29 23:21:17
1448,674,500,30,2021-12-05 14:03:21,2022-09-27 12:56:06
1449,874,213,36,2021-08-27 11:26:32,2022-07-22 11:30:23
1450,798,178,61,2021-04-14 12:19:06,2022-04-18 06:49:51
1451,16,188,44,2021-05-21 14:45:29,2022-06-01 06:53:39
1452,736,94,57,2021-01-07 21:47:50,2022-12-08 19:38:33
1453,77,387,99,2021-04-06 14:21:28,2022-05-10 13:38:14
1454,186,401,9,2021-07-28 23:16:12,2022-03-08 05:12:39
1455,178,230,95,2021-11-30 07:12:20,2022-03-07 10:24:18
1456,485,29,56,2021-07-30 03:34:08,2022-08-09 23:29:54
1457,194,366,58,2021-05-20 09:59:05,2022-02-17 05:53:44
1458,223,479,68,2021-04-25 02:54:16,2022-05-29 02:53:11
1459,633,461,19,2021-05-19 06:53:53,2022-03-19 06:35:05
1460,82,13,21,2021-12-25 02:30:37,2022-01-16 21:29:49
1461,668,327,47,2021-08-29 01:48:17,2022-01-17 09:13:51
1462,685,223,94,2021-11-24 01:51:38,2022-06-06 09:39:59
1463,989,350,66,2021-09-15 19:28:29,2022-08-19 00:39:33
1464,644,333,73,2021-07-02 16:32:05,2022-02-03 12:36:58
1465,313,465,72,2021-08-18 03:42:18,2022-03-19 06:49:33
1466,697,298,76,2021-04-22 18:57:08,2022-08-08 10:00:07
1467,721,481,32,2021-02-27 06:54:59,2022-05-08 06:08:08
1468,702,177,8,2021-02-08 04:11:08,2022-11-30 14:13:16
1469,63,320,47,2021-02-20 08:15:40,2022-04-09 04:26:49
1470,894,34,59,2021-06-20 22:06:08,2022-06-21 04:20:11
1471,51,412,52,2021-02-27 07:58:35,2022-06-27 00:50:02
1472,312,214,94,2021-05-12 18:25:49,2022-09-28 03:48:25
1473,541,334,62,2021-06-04 06:07:50,2022-06-19 04:57:42
1474,586,234,75,2021-03-24 22:58:13,2022-10-14 10:27:17
1475,844,190,63,2021-01-21 22:15:38,2022-06-12 20:24:28
1476,291,238,71,2021-04-13 18:15:23,2022-02-08 08:14:27
1477,108,268,28,2021-07-28 11:03:03,2022-04-02 20:06:21
1478,331,139,20,2021-12-22 13:30:29,2022-06-21 23:26:56
1479,858,345,13,2021-12-08 04:34:33,2022-10-29 20:21:32
1480,469,16,75,2021-11-21 00:10:16,2022-03-22 22:02:42
1481,588,175,71,2021-04-18 19:31:51,2022-02-27 03:09:27
1482,846,475,49,2021-05-29 10:30:42,2022-05-16 21:25:27
1483,870,166,75,2021-12-16 05:11:02,2022-10-30 19:59:55
1484,602,290,48,2021-07-22 17:43:44,2022-07-27 23:05:10
1485,136,324,43,2021-10-01 09:10:18,2022-04-19 23:35:08
1486,417,16,55,2021-08-07 00:39:51,2022-05-11 15:09:51
1487,473,180,76,2021-06-26 22:50:32,2022-09-09 17:20:30
1488,31,35,76,2021-08-23 01:48:18,2022-11-19 20:01:27
1489,916,236,37,2021-06-01 14:32:43,2022-08-28 07:47:33
1490,440,391,20,2021-10-03 02:59:51,2022-05-04 04:22:51
1491,237,400,91,2021-01-13 02:04:25,2022-05-14 15:03:30
1492,341,224,20,2021-03-07 20:33:18,2022-09-08 19:29:24
1493,635,292,63,2021-11-07 01:29:06,2022-07-16 15:12:14
1494,359,70,74,2021-10-29 04:54:15,2022-10-08 18:06:11
1495,209,269,94,2021-10-24 06:32:15,2022-11-17 19:29:23
1496,807,418,50,2021-12-12 19:05:26,2022-01-22 17:06:49
1497,591,441,96,2021-08-12 02:22:53,2022-01-29 15:12:11
1498,231,328,18,2021-11-29 21:51:32,2022-11-22 02:04:25
1499,214,168,30,2021-10-16 19:19:01,2022-04-02 07:13:21
1500,516,9,22,2021-04-13 06:05:22,2022-09-14 16:29:56
1501,806,254,50,2021-08-11 09:13:54,2022-06-06 00:31:13
1502,58,156,15,2021-05-01 00:41:42,2022-05-11 14:21:53
1503,933,135,71,2021-12-14 13:16:43,2022-11-30 18:41:18
1504,589,332,8,2021-09-11 17:02:13,2022-05-11 08:42:20
1505,927,370,5,2021-07-19 07:55:14,2022-12-26 21:25:26
1506,424,240,69,2021-09-03 09:31:36,2022-03-19 07:59:36
1507,437,154,14,2021-08-26 23:44:58,2022-01-13 22:24:22
1508,627,327,31,2021-09-10 06:13:54,2022-08-18 15:40:52
1509,614,112,41,2021-09-24 16:54:03,2022-03-14 07:28:02
1510,318,122,40,2021-07-02 01:03:46,2022-06-04 02:23:56
1511,553,271,57,2021-01-19 00:39:34,2022-10-17 20:18:03
1512,25,155,38,2021-03-30 21:31:52,2022-12-21 04:37:42
1513,279,91,14,2021-09-14 12:35:57,2022-06-28 20:06:17
1514,576,427,84,2021-02-23 19:22:14,2022-04-25 15:44:17
1515,9,17,44,2021-10-18 00:15:57,2022-08-15 04:46:54
1516,571,66,10,2021-04-01 16:56:33,2022-08-17 08:32:19
1517,112,422,92,2021-02-24 21:20:47,2022-09-07 06:36:26
1518,671,165,79,2021-06-27 18:23:45,2022-02-04 10:20:51
1519,569,281,46,2021-04-02 09:48:56,2022-11-11 04:27:10
1520,54,370,16,2021-09-14 13:01:39,2022-03-01 00:06:06
1521,776,346,96,2021-03-09 19:46:08,2022-03-12 08:32:15
1522,33,249,6,2021-07-10 14:11:13,2022-04-03 13:55:34
1523,138,452,82,2021-04-22 13:52:31,2022-07-30 07:27:10
1524,509,9,46,2021-12-11 01:07:42,2022-06-06 14:05:38
1525,729,444,100,2021-07-08 11:56:55,2022-11-13 14:16:16
1526,403,126,25,2021-02-11 08:27:13,2022-04-04 11:54:30
1527,768,5,100,2021-12-04 02:57:44,2022-12-24 21:58:05
1528,539,432,61,2021-12-07 09:41:21,2022-11-05 13:32:31
1529,176,55,42,2021-09-15 04:55:52,2022-04-01 22:50:34
1530,480,432,7,2021-12-02 06:59:59,2022-07-25 06:12:00
1531,505,246,30,2021-11-26 18:38:42,2022-04-13 19:17:09
1532,245,6,43,2021-09-10 11:23:10,2022-09-11 02:32:47
1533,10,123,58,2021-02-23 14:45:29,2022-04-01 12:05:20
1534,191,368,95,2021-02-17 23:05:40,2022-10-30 06:37:20
1535,369,191,5,2021-07-01 16:23:15,2022-08-24 06:01:08
1536,138,365,80,2021-05-11 23:27:42,2022-04-07 08:47:52
1537,749,34,95,2021-03-11 18:17:23,2022-02-21 18:08:44
1538,980,95,28,2021-09-16 20:24:52,2022-10-19 23:35:05
1539,936,309,42,2021-06-08 19:07:04,2022-03-24 19:54:43
1540,351,216,75,2021-05-22 16:18:23,2022-04-03 01:05:20
1541,872,471,42,2021-11-16 23:57:21,2022-11-04 19:39:57
1542,224,198,91,2021-06-07 02:54:28,2022-07-12 10:11:57
1543,564,134,85,2021-07-23 02:47:19,2022-03-22 20:26:58
1544,941,384,9,2021-11-27 20:43:07,2022-05-06 11:27:17
1545,498,405,56,2021-04-15 06:54:47,2022-02-27 11:58:34
1546,649,254,70,2021-06-08 16:07:07,2022-12-19 06:12:12
1547,688,166,47,2021-10-19 17:49:21,2022-09-14 09:44:54
1548,60,167,1,2021-10-28 16:07:55,2022-04-09 16:48:32
1549,739,382,64,2021-03-04 23:31:00,2022-08-29 02:41:09
1550,497,409,45,2021-08-10 13:01:19,2022-03-16 00:28:23
1551,953,397,22,2021-06-11 06:17:31,2022-01-05 20:08:21
1552,947,95,58,2021-02-17 05:20:34,2022-11-19 03:02:48
1553,10,193,17,2021-02-12 00:50:23,2022-03-29 18:45:21
1554,984,486,37,2021-12-09 01:54:36,2022-02-14 04:13:17
1555,234,500,83,2021-12-12 12:31:50,2022-07-30 19:57:05
1556,787,225,72,2021-10-06 08:31:14,2022-03-13 16:45:17
1557,72,26,68,2021-04-15 19:58:56,2022-12-26 03:38:53
1558,721,367,91,2021-10-24 14:19:59,2022-04-09 14:41:19
1559,333,161,31,2021-02-08 02:21:49,2022-06-03 04:51:53
1560,834,363,11,2021-10-16 20:22:05,2022-10-02 02:48:08
1561,362,311,68,2021-03-12 07:58:01,2022-10-14 06:26:43
1562,355,193,17,2021-09-10 00:58:09,2022-07-23 23:55:53
1563,619,434,90,2021-02-18 18:54:19,2022-12-28 08:33:44
1564,80,372,29,2021-12-07 12:39:00,2022-06-22 23:08:04
1565,399,95,5,2021-09-25 16:32:28,2022-07-23 07:35:00
1566,196,210,50,2021-01-11 23:33:22,2022-10-01 13:32:02
1567,226,131,91,2021-01-14 14:12:14,2022-08-26 17:10:01
1568,893,468,7,2021-02-25 15:06:01,2022-10-26 00:39:07
1569,91,187,77,2021-02-13 20:11:27,2022-04-22 04:56:19
1570,275,334,85,2021-07-24 01:52:39,2022-10-28 03:14:47
1571,489,275,36,2021-07-16 15:28:56,2022-03-07 16:41:27
1572,178,199,78,2021-01-20 19:51:33,2022-10-30 18:57:00
1573,594,434,6,2021-03-14 18:27:01,2022-03-24 09:44:23
1574,200,41,40,2021-02-19 15:19:06,2022-11-08 19:02:26
1575,697,442,62,2021-11-02 05:35:09,2022-01-05 07:37:42
1576,68,175,69,2021-01-01 02:55:38,2022-04-20 01:04:44
1577,864,285,70,2021-04-27 05:42:02,2022-12-21 04:14:12
1578,701,233,55,2021-12-20 04:54:50,2022-03-18 09:32:38
1579,121,286,69,2021-06-04 20:25:14,2022-07-10 18:13:03
1580,164,51,46,2021-04-05 09:05:05,2022-11-26 21:17:05
1581,748,112,43,2021-11-03 11:58:51,2022-01-11 19:38:26
1582,541,248,78,2021-12-14 08:33:16,2022-08-20 12:34:10
1583,250,204,48,2021-11-13 12:38:26,2022-06-09 17:18:32
1584,475,433,90,2021-09-16 00:33:14,2022-10-07 20:29:17
1585,211,114,33,2021-12-29 13:36:00,2022-07-19 04:08:53
1586,737,483,41,2021-02-17 13:00:37,2022-01-26 01:37:55
1587,988,210,93,2021-02-26 17:33:21,2022-06-23 12:53:18
1588,157,145,5,2021-11-11 17:51:06,2022-01-20 09:01:21
1589,445,209,71,2021-01-01 04:22:16,2022-06-18 07:28:05
1590,324,94,44,2021-11-14 23:52:00,2022-12-15 02:24:12
1591,380,488,59,2021-02-20 14:14:31,2022-03-06 04:33:08
1592,614,211,20,2021-04-29 19:00:19,2022-10-15 10:37:37
1593,842,235,58,2021-10-12 06:14:26,2022-06-13 18:03:07
1594,884,5,57,2021-10-05 17:03:12,2022-12-24 10:10:44
1595,48,209,72,2021-10-08 07:32:25,2022-01-23 09:43:03
1596,713,195,86,2021-08-23 23:45:40,2022-04-10 07:05:05
1597,851,35,78,2021-05-09 02:40:18,2022-12-13 07:18:15
1598,584,424,88,2021-05-13 09:11:51,2022-06-13 09:32:25
1599,599,405,21,2021-03-07 12:37:22,2022-01-28 19:42:53
1600,935,16,79,2021-07-15 11:32:00,2022-05-27 03:16:57
1601,678,295,7,2021-05-17 06:23:15,2022-12-25 21:12:45
1602,439,75,65,2021-03-15 16:33:39,2022-11-21 17:18:00
1603,587,143,60,2021-12-13 09:12:44,2022-04-12 02:26:02
1604,629,258,87,2021-04-15 09:09:05,2022-10-09 02:57:01
1605,741,178,94,2021-08-04 12:08:29,2022-07-05 00:21:38
1606,38,249,75,2021-09-24 05:26:04,2022-05-12 19:18:44
1607,826,28,77,2021-05-17 22:06:51,2022-11-12 11:23:48
1608,664,93,91,2021-04-01 20:58:46,2022-03-17 07:26:19
1609,197,131,29,2021-07-24 03:13:10,2022-06-18 17:10:36
1610,50,302,39,2021-11-27 16:26:14,2022-01-06 19:28:05
1611,151,234,49,2021-10-30 13:34:37,2022-08-02 17:21:29
1612,101,178,35,2021-01-01 17:08:23,2022-01-29 04:49:28
1613,379,55,17,2021-10-07 02:12:21,2022-08-24 00:25:10
1614,894,168,48,2021-01-14 12:12:42,2022-10-11 09:27:51
1615,203,468,72,2021-09-19 11:56:55,2022-04-01 12:05:58
1616,762,89,6,2021-11-24 06:18:06,2022-03-02 10:49:47
1617,239,151,30,2021-03-29 13:20:01,2022-09-24 12:41:03
1618,883,429,51,2021-03-29 11:17:52,2022-08-31 23:25:38
1619,291,267,68,2021-01-21 05:14:31,2022-10-30 23:34:31
1620,523,361,58,2021-12-19 14:25:05,2022-06-12 04:38:09
1621,356,43,72,2021-01-18 11:59:24,2022-03-27 23:08:37
1622,155,109,25,2021-05-03 23:03:34,2022-06-27 02:08:53
1623,546,107,22,2021-03-27 12:59:38,2022-12-17 01:27:18
1624,125,66,60,2021-10-29 15:02:04,2022-04-13 09:16:28
1625,189,456,49,2021-01-08 16:43:56,2022-07-21 03:30:36
1626,641,480,11,2021-08-02 11:06:10,2022-08-09 13:22:08
1627,329,158,17,2021-06-13 18:03:40,2022-05-09 18:34:30
1628,98,232,5,2021-08-01 05:38:28,2022-01-20 08:16:49
1629,320,25,3,2021-02-03 00:11:49,2022-08-25 22:09:23
1630,654,68,82,2021-11-08 16:57:35,2022-06-06 23:13:34
1631,775,286,7,2021-12-12 21:41:14,2022-05-01 13:05:15
1632,312,362,42,2021-09-18 17:21:02,2022-06-17 23:10:10
1633,437,353,54,2021-11-04 07:21:53,2022-09-20 15:00:09
1634,810,130,79,2021-02-07 18:21:52,2022-06-04 11:50:21
1635,214,77,15,2021-12-24 16:19:04,2022-06-17 21:59:17
1636,770,380,1,2021-10-17 02:00:51,2022-02-04 09:32:49
1637,518,140,13,2021-02-03 06:26:03,2022-05-04 19:42:55
1638,837,445,9,2021-06-09 00:47:03,2022-06-11 04:56:43
1639,381,73,60,2021-08-21 19:45:04,2022-03-08 06:19:24
1640,912,57,85,2021-11-11 00:51:41,2022-03-04 18:05:02
1641,219,143,25,2021-01-08 15:45:43,2022-01-17 17:17:42
1642,690,272,14,2021-11-03 11:37:33,2022-08-29 23:26:07
1643,135,92,23,2021-07-29 01:26:22,2022-04-11 04:17:14
1644,535,64,37,2021-09-22 04:46:04,2022-11-07 13:45:08
1645,320,398,72,2021-02-03 17:52:11,2022-01-16 12:27:03
1646,165,383,97,2021-11-07 02:54:08,2022-06-10 23:03:56
1647,330,477,52,2021-06-15 04:10:55,2022-12-15 03:47:37
1648,147,369,80,2021-12-28 02:02:43,2022-03-06 09:51:31
1649,220,67,7,2021-02-08 13:04:01,2022-11-18 02:58:23
1650,220,67,76,2021-12-26 13:11:59,2022-08-06 22:58:37
1651,860,451,25,2021-03-24 04:55:20,2022-07-01 09:38:29
1652,804,85,19,2021-05-02 00:34:44,2022-05-05 05:08:13
1653,304,477,71,2021-11-09 17:43:49,2022-10-19 18:29:36
1654,540,124,92,2021-10-09 11:53:41,2022-04-06 00:39:19
1655,400,318,65,2021-09-28 06:41:59,2022-08-29 08:20:43
1656,315,49,97,2021-10-15 21:21:06,2022-08-20 11:41:36
1657,777,109,65,2021-08-31 08:16:19,2022-11-08 10:50:20
1658,522,407,11,2021-05-13 13:38:04,2022-06-30 06:13:49
1659,487,19,30,2021-04-16 09:53:33,2022-12-13 20:09:32
1660,557,238,20,2021-04-22 00:48:13,2022-08-02 15:13:19
1661,444,194,94,2021-03-27 01:37:23,2022-08-26 01:35:24
1662,401,59,81,2021-01-02 18:29:12,2022-06-25 18:20:11
1663,262,14,62,2021-03-23 03:48:45,2022-12-21 15:03:57
1664,352,219,77,2021-05-13 21:26:57,2022-06-12 23:46:10
1665,967,311,58,2021-03-12 14:25:15,2022-08-22 15:40:41
1666,967,92,7,2021-10-03 02:05:34,2022-09-04 11:16:22
1667,31,396,76,2021-08-04 05:32:02,2022-09-28 19:14:35
1668,614,478,85,2021-01-18 14:00:01,2022-07-04 08:01:42
1669,451,280,46,2021-01-14 04:09:50,2022-07-08 21:59:31
1670,439,423,95,2021-01-22 13:39:12,2022-07-19 03:10:53
1671,539,117,1,2021-12-15 10:47:11,2022-11-19 08:13:36
1672,736,158,58,2021-11-06 08:10:35,2022-05-27 21:30:27
1673,903,115,81,2021-03-14 12:36:08,2022-07-09 13:33:07
1674,646,393,97,2021-09-24 06:45:45,2022-01-26 12:20:01
1675,985,234,69,2021-06-28 00:07:06,2022-12-21 02:04:36
1676,789,266,65,2021-02-14 00:13:39,2022-09-13 23:51:56
1677,850,302,45,2021-05-21 03:32:12,2022-04-19 10:41:01
1678,666,457,46,2021-07-14 13:08:09,2022-10-24 02:12:29
1679,950,299,17,2021-11-01 01:58:13,2022-12-06 05:41:47
1680,232,422,86,2021-10-08 05:27:19,2022-01-12 15:49:17
1681,533,52,56,2021-11-14 02:14:48,2022-11-04 13:43:40
1682,1000,448,42,2021-08-28 21:12:24,2022-04-22 09:34:41
1683,952,12,9,2021-08-28 05:50:17,2022-11-14 01:27:10
1684,792,234,51,2021-11-09 07:43:52,2022-09-07 10:39:42
1685,187,322,94,2021-05-18 12:15:06,2022-04-10 12:34:30
1686,339,239,11,2021-07-04 01:39:16,2022-12-16 17:02:18
1687,182,121,7,2021-12-08 22:13:20,2022-12-30 11:40:11
1688,854,91,80,2021-08-22 00:04:17,2022-10-15 01:28:07
1689,676,274,51,2021-03-03 23:34:32,2022-02-18 07:07:32
1690,889,277,51,2021-06-25 21:09:40,2022-03-18 17:19:23
1691,14,97,36,2021-02-17 19:51:39,2022-04-05 02:02:11
1692,702,476,26,2021-01-17 13:36:40,2022-12-29 03:56:03
1693,341,182,53,2021-05-31 07:26:48,2022-08-23 00:26:24
1694,119,482,57,2021-04-01 06:16:56,2022-01-02 06:47:10
1695,25,191,82,2021-02-07 11:06:30,2022-10-16 01:41:25
1696,152,120,15,2021-11-16 03:52:54,2022-03-19 10:13:57
1697,626,94,88,2021-12-17 21:50:57,2022-10-08 06:12:02
1698,23,418,84,2021-10-30 13:08:30,2022-12-27 10:52:25
1699,184,319,51,2021-06-07 18:27:14,2022-01-04 00:56:12
1700,882,11,3,2021-03-13 01:14:42,2022-07-26 00:48:20
1701,342,366,40,2021-02-15 14:15:30,2022-05-28 05:51:37
1702,1000,45,74,2021-10-26 06:34:39,2022-11-20 23:41:01
1703,507,52,5,2021-05-10 16:36:08,2022-08-21 12:57:19
1704,392,379,33,2021-06-21 19:18:25,2022-09-22 11:19:45
1705,279,98,68,2021-12-17 02:11:16,2022-08-28 13:34:57
1706,164,115,7,2021-10-05 00:34:23,2022-04-28 12:52:47
1707,93,282,23,2021-10-08 05:54:31,2022-03-14 20:39:45
1708,283,120,27,2021-03-04 18:36:13,2022-12-02 14:15:51
1709,655,391,73,2021-07-09 09:44:09,2022-07-02 00:59:36
1710,142,214,1,2021-08-18 19:28:56,2022-05-22 10:45:15
1711,844,240,96,2021-10-26 07:46:26,2022-08-31 09:29:24
1712,409,117,40,2021-05-27 08:40:57,2022-10-13 08:34:03
1713,838,216,5,2021-07-15 11:27:05,2022-03-31 00:37:16
1714,645,197,36,2021-05-08 22:56:42,2022-12-07 20:28:15
1715,705,127,36,2021-03-24 16:43:28,2022-01-11 07:58:04
1716,577,292,85,2021-03-20 16:26:19,2022-12-20 20:28:38
1717,732,387,87,2021-03-16 03:36:33,2022-08-03 06:39:40
1718,656,291,44,2021-02-28 10:22:04,2022-12-06 13:27:06
1719,883,262,65,2021-07-12 22:26:57,2022-09-03 08:45:03
1720,264,40,81,2021-09-03 12:28:06,2022-03-15 00:28:40
1721,899,166,45,2021-02-22 20:52:15,2022-08-13 03:39:32
1722,86,455,33,2021-06-22 23:40:06,2022-12-08 00:28:43
1723,162,333,12,2021-04-26 04:44:19,2022-12-18 08:27:52
1724,280,457,93,2021-07-19 10:12:38,2022-02-26 18:24:10
1725,760,350,73,2021-01-23 17:11:23,2022-01-24 16:48:04
1726,216,173,53,2021-09-20 08:52:28,2022-01-26 20:32:26
1727,138,44,28,2021-06-12 18:26:42,2022-12-08 07:33:19
1728,791,357,88,2021-11-16 11:19:08,2022-08-30 10:58:01
1729,438,470,58,2021-09-05 00:38:49,2022-02-05 03:28:57
1730,203,468,7,2021-11-13 11:12:17,2022-09-20 05:52:37
1731,590,42,42,2021-12-26 07:55:51,2022-06-10 08:53:48
1732,526,324,11,2021-08-20 21:39:30,2022-04-15 21:02:08
1733,36,47,31,2021-04-17 19:20:22,2022-12-17 00:23:27
1734,426,33,58,2021-10-07 03:04:30,2022-02-23 17:22:09
1735,289,22,50,2021-03-16 12:22:31,2022-01-05 18:54:50
1736,305,99,99,2021-06-29 09:17:38,2022-08-08 10:09:13
1737,605,21,63,2021-09-10 17:01:45,2022-10-31 23:30:47
1738,955,339,74,2021-01-02 03:26:51,2022-09-01 03:56:56
1739,529,256,51,2021-11-18 13:53:47,2022-03-25 08:44:42
1740,287,264,41,2021-12-08 09:27:30,2022-08-03 11:34:31
1741,837,115,38,2021-12-02 16:27:54,2022-01-20 02:13:14
1742,782,291,8,2021-08-30 05:19:23,2022-03-30 20:08:10
1743,870,408,71,2021-08-25 23:07:39,2022-08-20 01:12:41
1744,49,422,14,2021-06-23 00:01:21,2022-05-21 11:40:48
1745,983,290,78,2021-05-13 22:58:59,2022-11-20 00:52:50
1746,289,425,44,2021-08-08 12:12:48,2022-08-23 13:24:31
1747,826,216,90,2021-06-26 13:02:39,2022-07-03 02:42:18
1748,907,454,22,2021-01-18 23:20:15,2022-11-29 16:13:05
1749,264,162,96,2021-04-05 13:30:41,2022-12-05 20:55:10
1750,512,85,49,2021-11-21 01:37:26,2022-10-24 00:24:06
1751,131,120,64,2021-04-09 08:31:18,2022-05-31 05:27:18
1752,565,327,86,2021-10-24 08:17:37,2022-09-24 10:02:30
1753,144,47,89,2021-08-25 11:59:36,2022-08-13 02:47:07
1754,939,97,87,2021-04-11 02:23:33,2022-11-30 00:05:20
1755,352,424,28,2021-04-29 19:45:22,2022-03-12 03:59:51
1756,711,483,29,2021-01-18 04:28:49,2022-06-02 01:40:10
1757,907,290,4,2021-10-12 00:46:59,2022-05-12 00:31:52
1758,97,347,30,2021-03-08 05:40:12,2022-08-14 21:52:23
1759,107,205,65,2021-05-12 04:55:10,2022-08-15 19:37:53
1760,313,454,85,2021-02-02 13:43:08,2022-04-24 20:56:50
1761,609,90,73,2021-04-17 00:54:09,2022-11-25 04:34:50
1762,893,499,69,2021-09-12 12:24:29,2022-04-03 21:30:54
1763,19,440,87,2021-12-02 01:52:22,2022-09-03 07:20:51
1764,181,396,62,2021-03-26 11:23:23,2022-07-23 17:50:42
1765,19,330,86,2021-04-17 08:45:41,2022-06-09 06:44:30
1766,596,105,69,2021-07-08 16:39:25,2022-01-23 12:43:57
1767,591,40,6,2021-10-25 01:38:42,2022-01-02 00:59:40
1768,40,447,90,2021-06-15 17:08:03,2022-06-03 20:21:00
1769,990,493,28,2021-08-24 09:34:37,2022-01-13 18:24:18
1770,243,354,33,2021-09-25 11:45:22,2022-04-21 20:19:03
1771,146,233,82,2021-12-19 17:44:39,2022-08-29 07:03:32
1772,538,368,83,2021-12-29 16:43:15,2022-01-21 05:06:12
1773,425,322,72,2021-11-01 00:28:37,2022-07-21 16:14:34
1774,554,144,3,2021-12-05 08:25:07,2022-04-09 08:09:58
1775,164,149,91,2021-05-23 04:09:44,2022-10-12 11:55:29
1776,250,130,29,2021-04-03 03:01:14,2022-12-30 12:29:53
1777,232,396,89,2021-05-10 15:24:50,2022-05-19 06:08:42
1778,605,452,98,2021-08-17 01:17:48,2022-07-09 09:53:30
1779,584,69,81,2021-09-23 11:35:51,2022-07-20 18:26:00
1780,812,154,62,2021-06-14 21:14:13,2022-06-02 06:35:19
1781,357,155,98,2021-07-10 13:01:16,2022-02-04 05:17:05
1782,593,51,29,2021-05-05 23:22:01,2022-03-23 16:21:37
1783,900,298,71,2021-04-21 12:16:23,2022-06-28 23:34:32
1784,587,222,46,2021-05-21 16:37:01,2022-01-22 19:22:30
1785,589,469,65,2021-11-05 10:00:09,2022-12-21 04:16:20
1786,291,369,50,2021-10-20 18:30:18,2022-11-17 22:59:17
1787,995,469,28,2021-07-09 11:49:14,2022-03-21 17:53:52
1788,509,93,59,2021-02-09 22:56:12,2022-08-16 14:46:04
1789,863,333,23,2021-10-30 12:37:01,2022-09-20 15:49:28
1790,790,440,10,2021-09-01 16:38:29,2022-06-24 05:54:17
1791,590,25,75,2021-09-28 11:41:44,2022-01-16 00:56:19
1792,635,234,7,2021-08-21 00:59:30,2022-04-13 02:51:20
1793,148,49,99,2021-01-05 01:09:12,2022-05-12 09:29:45
1794,933,112,45,2021-11-24 14:39:34,2022-10-31 17:57:51
1795,494,56,28,2021-01-13 00:34:36,2022-02-08 00:31:14
1796,590,214,45,2021-05-03 21:56:57,2022-11-21 14:02:23
1797,891,15,40,2021-08-11 05:12:23,2022-11-05 07:59:47
1798,645,433,57,2021-06-25 20:12:08,2022-01-30 13:06:50
1799,585,469,55,2021-05-16 18:02:04,2022-11-26 13:07:54
1800,125,366,70,2021-07-08 14:06:09,2022-10-06 11:41:03
1801,371,58,88,2021-10-10 03:22:48,2022-05-02 02:45:24
1802,306,185,50,2021-10-29 07:55:33,2022-05-18 21:57:38
1803,865,461,36,2021-06-21 11:13:11,2022-12-01 02:38:53
1804,837,254,56,2021-11-03 13:17:30,2022-07-02 13:00:28
1805,955,65,46,2021-04-14 17:50:47,2022-07-07 17:55:47
1806,340,269,84,2021-07-01 21:13:19,2022-04-09 20:01:19
1807,583,389,13,2021-03-19 06:02:38,2022-01-29 10:11:37
1808,183,486,15,2021-08-17 19:07:01,2022-07-20 21:51:54
1809,636,168,23,2021-06-10 06:04:44,2022-05-24 05:15:41
1810,30,130,89,2021-02-26 04:05:56,2022-07-06 05:28:42
1811,67,248,14,2021-03-21 15:01:42,2022-11-16 04:17:26
1812,574,447,16,2021-08-02 03:16:47,2022-03-08 12:26:00
1813,254,190,90,2021-01-02 07:48:53,2022-04-30 05:20:23
1814,494,11,12,2021-12-28 00:31:40,2022-08-28 15:05:55
1815,371,193,46,2021-11-29 23:58:52,2022-08-21 19:40:29
1816,775,252,88,2021-03-27 14:49:42,2022-08-15 17:43:21
1817,464,407,32,2021-07-06 14:58:29,2022-03-15 15:00:39
1818,307,357,87,2021-10-12 03:17:03,2022-01-30 04:11:13
1819,629,350,75,2021-06-02 15:20:45,2022-08-25 22:11:19
1820,675,71,3,2021-08-01 14:44:30,2022-05-21 15:29:35
1821,74,155,92,2021-04-18 11:07:22,2022-07-05 07:08:03
1822,507,168,14,2021-06-10 21:23:49,2022-01-11 01:08:16
1823,293,362,55,2021-03-12 07:11:38,2022-09-23 23:37:27
1824,278,480,82,2021-11-11 00:27:57,2022-05-30 17:48:12
1825,476,274,65,2021-03-24 08:00:27,2022-11-30 08:08:30
1826,430,95,97,2021-12-15 22:56:03,2022-04-27 18:23:23
1827,918,253,76,2021-04-09 05:39:16,2022-07-13 04:22:14
1828,183,382,53,2021-05-07 18:29:20,2022-05-22 02:20:03
1829,870,231,29,2021-10-29 23:51:22,2022-09-05 14:49:16
1830,810,103,8,2021-01-28 09:45:58,2022-03-21 12:56:35
1831,253,55,79,2021-12-27 02:43:26,2022-10-09 13:41:28
1832,121,63,40,2021-02-22 08:36:46,2022-11-23 19:11:42
1833,224,36,79,2021-10-30 20:20:37,2022-01-04 17:36:41
1834,177,32,11,2021-10-27 16:30:41,2022-01-08 16:17:07
1835,531,354,7,2021-03-09 00:41:47,2022-11-09 10:21:50
1836,449,267,79,2021-01-04 06:47:16,2022-04-20 15:35:31
1837,951,253,41,2021-07-19 23:05:08,2022-03-08 09:24:39
1838,436,198,2,2021-06-03 20:36:53,2022-01-06 21:45:08
1839,553,141,58,2021-12-27 21:37:30,2022-03-29 10:21:29
1840,560,301,34,2021-10-08 01:11:26,2022-12-20 02:32:28
1841,808,392,8,2021-04-29 10:32:50,2022-10-02 19:41:07
1842,98,472,96,2021-08-24 21:29:18,2022-03-08 11:51:09
1843,27,35,7,2021-09-25 02:10:57,2022-04-24 13:01:24
1844,486,192,44,2021-07-13 05:34:12,2022-04-24 23:19:25
1845,482,277,40,2021-10-05 19:02:33,2022-05-15 19:00:17
1846,854,28,67,2021-04-15 11:44:18,2022-02-09 10:57:54
1847,521,350,4,2021-10-30 03:17:59,2022-05-20 17:33:59
1848,295,222,55,2021-04-14 10:17:53,2022-02-06 10:47:46
1849,613,374,92,2021-08-08 17:33:32,2022-01-12 09:18:16
1850,737,478,26,2021-05-02 12:47:10,2022-01-31 14:24:02
1851,233,10,70,2021-04-24 01:58:12,2022-10-27 23:27:03
1852,558,9,92,2021-12-23 18:04:45,2022-12-05 07:33:32
1853,178,296,82,2021-09-03 22:43:08,2022-06-24 17:51:31
1854,583,298,88,2021-01-23 06:54:10,2022-12-07 11:58:49
1855,823,438,87,2021-12-17 21:39:40,2022-06-19 16:07:53
1856,915,278,53,2021-01-10 00:24:04,2022-11-11 14:42:25
1857,809,163,85,2021-07-26 16:52:01,2022-09-19 03:05:48
1858,907,138,53,2021-07-02 23:08:23,2022-11-21 05:49:42
1859,42,48,90,2021-12-06 07:39:19,2022-08-06 17:43:05
1860,767,89,15,2021-02-06 13:54:12,2022-12-21 04:06:55
1861,108,162,52,2021-07-27 04:49:04,2022-01-28 19:01:16
1862,486,15,91,2021-02-19 07:47:13,2022-07-06 11:34:36
1863,525,156,6,2021-05-03 23:27:59,2022-12-11 06:26:06
1864,585,459,46,2021-11-27 02:29:44,2022-06-17 23:27:33
1865,79,27,48,2021-07-12 19:36:41,2022-08-12 15:35:51
1866,254,258,57,2021-10-20 10:31:07,2022-07-28 10:34:04
1867,677,97,77,2021-08-12 12:15:52,2022-01-09 10:42:22
1868,302,256,25,2021-04-04 16:02:16,2022-01-09 02:55:59
1869,568,488,36,2021-06-26 20:07:42,2022-06-17 23:52:26
1870,212,281,75,2021-11-19 12:57:50,2022-09-12 13:57:40
1871,906,246,43,2021-09-28 20:43:50,2022-02-09 16:13:51
1872,840,156,43,2021-11-14 21:04:07,2022-07-03 11:41:22
1873,609,17,65,2021-03-19 12:05:29,2022-08-06 09:29:28
1874,422,348,91,2021-05-26 17:55:28,2022-07-07 06:35:25
1875,50,361,100,2021-09-12 00:22:14,2022-04-15 16:33:43
1876,813,7,10,2021-09-15 10:21:23,2022-02-22 02:33:48
1877,574,443,83,2021-04-29 20:50:22,2022-02-14 18:55:36
1878,596,449,47,2021-02-08 09:55:03,2022-12-10 15:41:14
1879,127,306,6,2021-01-02 17:22:46,2022-03-07 14:09:56
1880,936,160,12,2021-08-04 20:18:29,2022-10-14 03:53:38
1881,189,388,92,2021-04-17 07:19:02,2022-07-05 10:24:48
1882,186,179,77,2021-03-02 22:05:16,2022-04-01 22:52:22
1883,617,167,46,2021-03-09 22:18:59,2022-03-13 17:03:00
1884,422,353,68,2021-10-23 17:35:05,2022-12-19 23:30:20
1885,906,58,32,2021-03-09 23:01:13,2022-11-30 21:21:03
1886,809,197,65,2021-10-02 12:57:11,2022-03-08 08:16:34
1887,439,401,15,2021-03-19 01:24:52,2022-11-07 14:06:46
1888,984,191,82,2021-04-21 09:11:09,2022-12-13 09:40:50
1889,973,153,47,2021-03-10 11:48:02,2022-05-19 11:58:16
1890,695,396,76,2021-01-28 22:17:40,2022-08-21 11:47:09
1891,64,36,96,2021-02-21 13:50:01,2022-10-17 05:54:00
1892,839,427,2,2021-12-29 17:44:14,2022-01-10 02:26:56
1893,948,55,97,2021-11-19 13:29:04,2022-07-01 04:51:19
1894,954,127,1,2021-08-10 19:20:44,2022-04-15 23:28:33
1895,600,444,40,2021-05-26 21:48:08,2022-01-07 18:46:59
1896,349,498,45,2021-06-12 14:23:17,2022-04-21 16:38:39
1897,391,209,38,2021-08-04 17:40:33,2022-01-06 20:16:30
1898,89,27,85,2021-06-16 13:36:11,2022-07-12 21:45:30
1899,267,192,62,2021-04-28 03:47:30,2022-10-05 12:53:45
1900,859,454,47,2021-12-25 04:37:14,2022-04-29 11:35:46
1901,407,394,98,2021-08-02 23:55:40,2022-12-15 21:07:02
1902,392,12,20,2021-02-11 13:48:05,2022-01-06 22:32:41
1903,266,177,62,2021-02-26 06:53:59,2022-02-15 14:57:51
1904,345,494,97,2021-06-29 09:20:25,2022-07-21 21:33:35
1905,752,382,57,2021-05-30 10:02:39,2022-02-13 19:06:24
1906,803,240,46,2021-06-24 01:58:28,2022-03-06 13:58:52
1907,936,264,29,2021-08-31 00:32:18,2022-11-02 10:30:41
1908,665,454,26,2021-02-18 06:43:21,2022-08-20 20:16:36
1909,917,200,61,2021-06-13 17:19:01,2022-08-12 20:11:30
1910,461,479,25,2021-06-08 09:19:06,2022-03-30 12:58:56
1911,137,211,17,2021-02-14 00:06:43,2022-07-05 21:00:07
1912,682,7,83,2021-07-27 14:24:06,2022-05-13 16:27:48
1913,281,445,22,2021-01-11 06:21:43,2022-05-30 12:15:50
1914,268,187,41,2021-07-16 17:11:24,2022-03-01 19:32:47
1915,96,240,4,2021-09-15 22:31:10,2022-11-18 21:31:32
1916,291,340,64,2021-06-18 09:12:11,2022-11-27 04:49:34
1917,393,473,85,2021-06-28 20:58:58,2022-05-19 06:25:01
1918,488,178,12,2021-02-06 08:51:26,2022-05-10 14:19:50
1919,212,213,54,2021-08-13 23:46:33,2022-03-16 00:32:37
1920,414,461,35,2021-08-25 04:06:58,2022-11-17 22:48:22
1921,265,293,36,2021-08-15 08:25:05,2022-04-29 07:01:28
1922,630,121,100,2021-04-25 14:06:42,2022-09-27 01:41:35
1923,304,227,30,2021-06-11 03:02:59,2022-12-01 04:38:40
1924,410,254,73,2021-01-03 16:02:57,2022-12-29 16:21:42
1925,206,374,53,2021-01-25 01:41:07,2022-01-30 11:04:00
1926,725,169,79,2021-03-29 10:17:22,2022-07-16 18:06:18
1927,200,239,71,2021-10-07 03:19:26,2022-10-27 00:40:58
1928,986,329,93,2021-03-02 04:17:14,2022-08-09 21:33:24
1929,3,260,60,2021-07-11 00:37:38,2022-05-24 10:19:10
1930,48,54,67,2021-05-30 19:05:19,2022-06-14 21:39:20
1931,189,477,41,2021-01-14 01:55:41,2022-01-26 17:19:01
1932,803,116,72,2021-05-15 23:45:56,2022-08-14 04:50:36
1933,186,63,59,2021-04-24 19:04:38,2022-04-19 15:10:33
1934,531,323,4,2021-05-03 13:00:38,2022-01-17 04:30:57
1935,709,320,32,2021-03-27 13:17:56,2022-07-27 04:24:53
1936,612,498,87,2021-07-30 04:05:08,2022-07-02 20:11:37
1937,269,392,24,2021-04-10 11:32:57,2022-07-14 18:35:17
1938,142,241,17,2021-09-17 00:31:06,2022-04-13 18:55:25
1939,492,480,87,2021-04-12 22:29:02,2022-09-14 16:34:30
1940,121,484,3,2021-03-14 23:52:41,2022-01-05 19:32:05
1941,523,70,59,2021-09-19 14:37:42,2022-06-25 15:46:12
1942,792,119,66,2021-01-22 14:21:12,2022-04-09 15:47:27
1943,155,281,39,2021-08-11 00:11:10,2022-02-05 03:23:52
1944,80,473,42,2021-02-01 00:01:50,2022-07-27 04:37:31
1945,117,238,46,2021-04-28 12:48:53,2022-07-25 23:01:04
1946,679,90,44,2021-05-04 10:42:05,2022-01-21 03:54:10
1947,151,197,45,2021-05-08 13:57:05,2022-03-25 14:14:36
1948,828,271,38,2021-02-14 23:15:22,2022-11-21 13:43:50
1949,23,124,5,2021-10-27 19:56:36,2022-06-22 19:35:09
1950,352,355,83,2021-09-02 21:38:13,2022-08-18 05:55:51
1951,590,81,77,2021-09-21 18:10:00,2022-11-06 15:26:21
1952,279,75,66,2021-04-22 09:53:27,2022-03-22 23:01:59
1953,983,13,78,2021-09-17 20:18:29,2022-09-20 04:43:08
1954,328,270,20,2021-11-13 21:21:51,2022-07-02 18:28:46
1955,579,479,42,2021-12-24 10:22:37,2022-03-22 17:29:39
1956,165,53,28,2021-03-01 12:48:57,2022-11-29 21:16:16
1957,340,166,71,2021-04-14 08:38:42,2022-04-23 10:59:53
1958,725,233,78,2021-11-10 17:22:44,2022-09-16 04:08:58
1959,315,476,73,2021-02-01 06:13:56,2022-10-24 13:18:17
1960,181,142,15,2021-07-21 23:26:14,2022-11-14 14:54:35
1961,845,415,64,2021-10-20 11:02:03,2022-03-17 17:53:54
1962,246,411,53,2021-01-22 22:45:52,2022-02-18 20:10:29
1963,285,103,62,2021-01-05 09:29:55,2022-06-23 00:12:02
1964,229,148,29,2021-06-17 23:06:45,2022-11-21 14:03:03
1965,134,476,33,2021-05-31 05:34:17,2022-11-07 12:17:48
1966,507,274,82,2021-02-03 08:18:04,2022-08-08 07:08:13
1967,691,267,43,2021-07-21 03:31:54,2022-12-15 11:06:39
1968,767,115,34,2021-04-04 14:43:59,2022-09-20 09:46:25
1969,262,371,76,2021-05-15 16:21:57,2022-07-12 09:29:05
1970,805,296,23,2021-01-04 21:30:51,2022-11-03 19:33:44
1971,610,362,37,2021-07-17 02:04:15,2022-07-01 06:56:06
1972,777,102,3,2021-08-01 13:35:12,2022-05-07 12:54:17
1973,133,485,20,2021-07-17 04:50:56,2022-10-31 08:24:34
1974,158,156,99,2021-09-29 08:30:52,2022-03-14 10:18:19
1975,742,477,19,2021-03-31 12:30:22,2022-10-05 04:54:16
1976,112,220,19,2021-10-19 09:23:14,2022-07-17 12:30:47
1977,250,139,95,2021-06-22 16:20:38,2022-09-27 13:12:58
1978,692,460,88,2021-05-10 19:10:18,2022-03-19 10:59:52
1979,953,293,60,2021-02-17 16:32:01,2022-12-16 19:35:08
1980,803,252,51,2021-12-20 02:17:30,2022-03-06 15:32:06
1981,223,331,98,2021-02-02 08:40:07,2022-03-24 15:28:03
1982,544,391,27,2021-03-19 09:32:13,2022-10-29 23:49:53
1983,803,16,96,2021-06-01 08:27:44,2022-11-24 23:23:12
1984,173,381,58,2021-04-13 08:41:48,2022-12-19 03:33:17
1985,73,414,31,2021-04-13 02:38:31,2022-04-10 04:13:34
1986,498,254,71,2021-01-15 03:08:12,2022-08-01 05:29:42
1987,968,287,88,2021-07-22 13:16:14,2022-05-01 18:54:13
1988,30,386,74,2021-09-30 03:40:42,2022-01-15 05:12:03
1989,577,42,30,2021-07-23 21:56:23,2022-05-21 03:48:05
1990,624,72,37,2021-12-16 23:22:31,2022-12-07 10:46:22
1991,559,474,23,2021-04-23 04:24:07,2022-05-28 10:05:41
1992,637,363,74,2021-08-06 21:09:57,2022-03-30 01:41:49
1993,952,121,35,2021-06-20 18:13:52,2022-05-21 21:21:18
1994,417,56,65,2021-08-25 23:40:43,2022-05-01 09:11:58
1995,998,124,2,2021-08-21 12:01:54,2022-11-11 05:45:29
1996,509,119,41,2021-09-24 23:10:04,2022-03-24 14:04:20
1997,492,348,45,2021-05-16 08:47:56,2022-05-08 11:55:23
1998,844,28,46,2021-07-13 21:51:01,2022-01-07 09:48:00
1999,899,246,50,2021-11-29 08:41:34,2022-10-20 13:26:40
2000,656,226,34,2021-06-18 16:41:25,2022-11-17 00:46:43
