order_detail_id,order_id,product_id,quantity,price,created_at,updated_at
5001,1001,55,24,578.76,2021-06-05 10:35:38,2022-11-15 02:54:45
5002,1002,329,96,386.7,2021-04-21 16:26:46,2022-07-12 10:18:41
5003,1003,224,58,926.71,2021-04-25 11:42:33,2022-10-21 14:47:47
5004,1004,30,74,943.84,2021-12-18 05:12:37,2022-05-22 12:49:07
5005,1005,321,71,236.46,2021-11-22 14:45:47,2022-05-15 20:00:41
5006,1006,74,14,112.89,2021-02-19 08:01:01,2022-09-30 04:21:36
5007,1007,191,36,438.81,2021-12-27 06:49:55,2022-01-02 11:48:35
5008,1008,152,62,492.59,2021-04-10 11:57:15,2022-09-23 20:12:20
5009,1009,436,70,341.35,2021-11-26 14:35:19,2022-09-16 18:51:52
5010,1010,69,26,642.76,2021-01-16 04:43:49,2022-02-22 12:55:58
5011,1011,248,94,646.5,2021-02-18 11:12:32,2022-08-11 08:26:09
5012,1012,357,23,958.89,2021-04-04 12:39:27,2022-11-22 04:02:35
5013,1013,46,84,220.99,2021-08-04 07:14:38,2022-06-24 09:40:30
5014,1014,159,19,464.05,2021-05-18 06:11:57,2022-08-29 08:14:23
5015,1015,350,43,608.53,2021-06-26 14:07:47,2022-09-17 10:21:03
5016,1016,137,66,990.96,2021-04-11 12:24:17,2022-09-05 13:36:02
5017,1017,149,26,481.73,2021-11-14 01:52:32,2022-10-23 11:33:53
5018,1018,16,98,141.71,2021-08-07 22:10:03,2022-05-08 19:35:27
5019,1019,151,14,393.73,2021-08-10 17:55:57,2022-09-30 13:54:39
5020,1020,336,98,872.72,2021-03-30 05:03:18,2022-11-15 11:09:32
5021,1021,345,59,842.68,2021-12-23 05:09:45,2022-08-15 13:50:05
5022,1022,156,91,386.54,2021-12-05 19:30:40,2022-05-03 04:55:11
5023,1023,360,53,710.54,2021-05-13 05:04:29,2022-11-25 15:10:16
5024,1024,8,2,582.76,2021-07-29 12:44:14,2022-04-27 10:27:29
5025,1025,3,33,98.96,2021-02-19 22:32:59,2022-06-01 14:29:04
5026,1026,494,40,340.1,2021-11-16 14:26:56,2022-04-01 05:24:52
5027,1027,349,31,129.41,2021-10-07 03:35:09,2022-07-04 10:52:03
5028,1028,197,7,15.85,2021-12-29 07:12:24,2022-05-09 15:38:25
5029,1029,40,87,881.56,2021-09-24 16:55:54,2022-06-16 02:36:20
5030,1030,403,11,453.63,2021-06-06 05:18:03,2022-08-31 07:28:56
5031,1031,411,25,71.06,2021-02-27 23:27:28,2022-12-28 22:38:34
5032,1032,263,15,647.73,2021-02-20 20:21:33,2022-07-18 12:46:46
5033,1033,396,93,309.13,2021-07-17 00:58:09,2022-10-26 15:53:47
5034,1034,282,92,204.28,2021-04-03 19:32:56,2022-11-04 22:08:18
5035,1035,364,30,500.74,2021-02-13 15:29:47,2022-07-06 14:21:32
5036,1036,347,51,209.17,2021-07-23 20:18:51,2022-08-04 19:33:19
5037,1037,263,76,378.26,2021-10-12 01:50:46,2022-04-03 03:00:12
5038,1038,177,33,921.59,2021-07-23 00:07:25,2022-05-04 08:43:00
5039,1039,293,89,77.55,2021-03-02 03:56:15,2022-01-17 12:46:43
5040,1040,462,99,913.99,2021-09-15 21:50:00,2022-10-06 13:57:15
5041,1041,207,21,495.33,2021-07-31 12:38:08,2022-07-02 17:50:56
5042,1042,299,69,766.86,2021-10-31 23:29:36,2022-12-15 18:51:45
5043,1043,486,74,342.12,2021-05-12 12:55:09,2022-05-07 12:03:04
5044,1044,260,76,407.08,2021-02-14 05:04:54,2022-12-16 00:50:04
5045,1045,158,59,43.99,2021-04-24 03:16:17,2022-03-09 03:37:08
5046,1046,468,86,641.48,2021-04-03 10:27:38,2022-02-19 08:31:28
5047,1047,18,30,989.04,2021-03-14 10:57:39,2022-10-22 21:38:59
5048,1048,492,1,182.49,2021-05-15 04:45:13,2022-11-10 04:47:03
5049,1049,319,74,845.8,2021-05-27 22:38:53,2022-08-23 11:17:46
5050,1050,28,28,834.04,2021-09-05 06:53:58,2022-10-22 16:04:33
5051,1051,299,25,486.0,2021-04-11 17:08:38,2022-03-12 19:03:13
5052,1052,262,83,473.77,2021-10-01 13:08:00,2022-04-30 07:16:52
5053,1053,33,23,986.25,2021-01-26 05:56:41,2022-05-11 06:56:03
5054,1054,391,1,641.18,2021-11-25 22:10:02,2022-12-17 06:49:42
5055,1055,321,91,516.61,2021-11-26 11:43:03,2022-07-25 10:40:41
5056,1056,119,3,265.09,2021-12-19 23:49:01,2022-07-18 17:05:03
5057,1057,117,64,110.32,2021-12-27 11:23:56,2022-08-16 23:23:33
5058,1058,272,98,520.88,2021-07-06 19:15:52,2022-02-12 07:00:56
5059,1059,465,67,172.21,2021-07-20 17:51:53,2022-03-07 22:30:41
5060,1060,69,57,438.59,2021-01-03 04:49:02,2022-06-22 20:18:52
5061,1061,448,72,918.76,2021-05-06 16:34:51,2022-07-14 05:12:36
5062,1062,40,8,313.77,2021-09-21 00:05:02,2022-09-01 08:24:41
5063,1063,250,90,865.73,2021-02-22 19:28:06,2022-06-10 06:15:47
5064,1064,95,59,120.54,2021-02-04 07:00:58,2022-12-14 09:36:49
5065,1065,450,16,51.86,2021-03-07 16:50:24,2022-11-01 22:37:13
5066,1066,278,22,278.96,2021-04-23 09:52:03,2022-12-18 18:09:16
5067,1067,93,48,46.99,2021-08-07 06:36:43,2022-07-20 07:36:09
5068,1068,464,27,99.03,2021-07-23 09:21:43,2022-07-27 18:18:10
5069,1069,115,1,98.5,2021-09-19 23:35:33,2022-03-06 23:20:01
5070,1070,237,17,233.03,2021-12-26 17:28:20,2022-09-10 09:46:18
5071,1071,66,29,798.97,2021-05-02 20:36:09,2022-05-19 05:54:48
5072,1072,131,76,680.69,2021-02-19 01:14:15,2022-05-27 05:23:28
5073,1073,175,70,587.54,2021-05-13 09:48:54,2022-05-22 01:02:03
5074,1074,350,23,27.17,2021-02-06 11:49:33,2022-01-28 11:16:24
5075,1075,465,39,316.15,2021-03-01 06:12:08,2022-07-01 20:52:00
5076,1076,378,18,315.88,2021-07-18 07:40:32,2022-12-14 11:20:13
5077,1077,350,49,675.44,2021-11-07 21:40:29,2022-12-25 02:05:37
5078,1078,445,17,860.81,2021-04-22 15:50:42,2022-08-20 13:25:16
5079,1079,129,88,575.34,2021-10-08 10:45:05,2022-09-14 20:39:23
5080,1080,107,79,855.44,2021-07-02 00:00:13,2022-06-26 07:00:50
5081,1081,140,97,963.68,2021-05-04 12:26:55,2022-08-18 13:02:03
5082,1082,271,71,219.04,2021-09-26 17:52:38,2022-04-13 07:52:25
5083,1083,251,15,210.4,2021-05-08 10:37:11,2022-06-25 21:49:18
5084,1084,300,64,118.88,2021-08-24 15:22:30,2022-12-01 23:53:23
5085,1085,378,6,921.25,2021-12-20 00:13:05,2022-09-28 23:50:11
5086,1086,46,11,142.2,2021-01-13 09:24:28,2022-08-16 20:09:09
5087,1087,383,35,320.23,2021-06-18 00:48:42,2022-06-08 00:24:29
5088,1088,139,58,693.79,2021-05-11 17:58:55,2022-07-09 04:14:43
5089,1089,344,1,843.35,2021-11-21 05:02:46,2022-08-19 15:51:04
5090,1090,440,17,898.34,2021-12-27 23:41:40,2022-01-08 21:40:14
5091,1091,320,94,14.11,2021-12-09 15:53:57,2022-06-22 00:42:06
5092,1092,500,47,260.16,2021-07-17 08:33:24,2022-04-02 18:54:15
5093,1093,360,61,756.14,2021-04-24 03:04:29,2022-06-23 18:58:14
5094,1094,361,42,743.48,2021-04-28 05:16:17,2022-02-15 02:26:50
5095,1095,418,87,853.43,2021-02-09 19:31:47,2022-11-26 17:19:59
5096,1096,478,13,380.42,2021-01-21 22:49:09,2022-01-29 01:27:31
5097,1097,445,14,821.55,2021-11-12 12:43:45,2022-09-10 04:47:33
5098,1098,237,28,986.21,2021-04-23 11:56:51,2022-02-08 04:55:37
5099,1099,208,90,813.87,2021-06-13 13:46:43,2022-07-19 18:43:05
5100,1100,18,93,179.04,2021-06-11 04:30:27,2022-09-10 19:02:11
5101,1101,60,22,489.01,2021-08-18 13:30:05,2022-12-25 21:00:34
5102,1102,100,100,550.71,2021-03-08 00:15:57,2022-09-05 15:48:09
5103,1103,9,17,191.53,2021-09-28 09:14:41,2022-06-17 15:34:22
5104,1104,145,24,542.81,2021-07-02 07:31:04,2022-12-27 13:59:12
5105,1105,366,17,229.86,2021-08-06 10:54:59,2022-12-12 01:06:41
5106,1106,335,30,495.3,2021-09-14 08:53:19,2022-03-28 12:08:27
5107,1107,395,58,369.0,2021-09-07 07:18:45,2022-12-27 23:27:12
5108,1108,438,86,492.24,2021-10-30 17:32:07,2022-07-26 12:02:34
5109,1109,80,13,732.92,2021-03-23 00:02:03,2022-02-25 19:25:06
5110,1110,156,52,530.17,2021-08-29 10:56:21,2022-07-04 07:58:59
5111,1111,256,38,132.29,2021-06-02 11:09:13,2022-03-04 07:30:02
5112,1112,232,29,489.07,2021-05-16 03:34:08,2022-08-24 07:22:38
5113,1113,173,42,969.31,2021-10-31 09:49:26,2022-04-12 22:03:43
5114,1114,5,7,815.03,2021-08-31 02:46:43,2022-10-18 16:41:43
5115,1115,322,55,269.64,2021-12-20 18:43:57,2022-08-22 04:20:05
5116,1116,43,76,746.68,2021-04-13 09:10:10,2022-01-30 19:59:51
5117,1117,122,45,451.18,2021-01-23 03:21:59,2022-10-27 18:32:33
5118,1118,106,70,235.33,2021-01-13 00:54:21,2022-06-21 08:08:20
5119,1119,419,93,378.83,2021-09-14 01:40:42,2022-12-29 16:29:53
5120,1120,49,94,500.09,2021-10-15 22:28:12,2022-08-27 22:57:47
5121,1121,132,15,567.51,2021-10-10 11:35:50,2022-01-23 10:48:16
5122,1122,39,26,176.65,2021-04-15 14:49:34,2022-02-01 20:30:27
5123,1123,172,57,187.29,2021-02-28 09:03:39,2022-03-25 09:59:09
5124,1124,459,11,390.85,2021-01-08 12:06:04,2022-07-14 17:47:42
5125,1125,279,40,74.85,2021-06-16 11:38:46,2022-06-09 13:59:30
5126,1126,297,48,107.43,2021-12-16 23:29:48,2022-06-07 08:56:50
5127,1127,212,59,275.37,2021-12-23 03:24:16,2022-03-01 22:31:36
5128,1128,45,46,143.39,2021-05-21 20:16:01,2022-10-21 09:55:47
5129,1129,277,29,114.87,2021-10-20 08:12:04,2022-10-20 05:29:53
5130,1130,46,78,980.8,2021-06-01 19:56:41,2022-02-02 08:44:09
5131,1131,446,87,963.79,2021-04-16 00:51:48,2022-06-04 10:44:18
5132,1132,209,31,284.43,2021-10-26 05:34:01,2022-08-07 06:20:13
5133,1133,448,65,867.09,2021-04-22 15:46:17,2022-02-19 11:44:58
5134,1134,61,20,693.57,2021-12-04 19:42:31,2022-06-04 08:59:37
5135,1135,360,13,113.85,2021-10-10 01:07:48,2022-11-04 21:29:10
5136,1136,189,47,375.57,2021-11-23 20:24:38,2022-07-24 19:37:48
5137,1137,83,24,915.98,2021-05-13 03:19:58,2022-03-03 06:53:05
5138,1138,471,36,314.36,2021-04-27 20:36:34,2022-10-26 12:30:45
5139,1139,123,61,908.84,2021-04-26 02:32:49,2022-12-11 08:13:39
5140,1140,92,34,268.62,2021-05-05 19:54:06,2022-01-16 19:41:26
5141,1141,443,33,261.97,2021-11-04 13:03:03,2022-06-09 07:49:38
5142,1142,93,79,480.11,2021-02-01 19:50:00,2022-07-28 09:31:36
5143,1143,332,19,431.33,2021-03-24 20:29:50,2022-02-23 11:17:41
5144,1144,366,20,875.23,2021-01-03 23:36:51,2022-12-11 09:17:17
5145,1145,138,64,729.57,2021-07-19 19:37:00,2022-05-31 19:07:57
5146,1146,341,91,833.16,2021-08-08 21:40:19,2022-10-20 17:46:02
5147,1147,500,96,799.02,2021-05-16 07:55:05,2022-06-22 16:56:26
5148,1148,287,16,929.64,2021-04-12 17:15:51,2022-11-06 12:51:51
5149,1149,32,59,823.56,2021-12-25 19:50:42,2022-06-25 06:16:23
5150,1150,202,25,183.27,2021-12-29 14:59:46,2022-06-02 22:30:19
5151,1151,17,53,711.83,2021-01-14 19:39:41,2022-12-14 16:47:24
5152,1152,222,67,567.72,2021-10-07 18:41:14,2022-07-31 03:04:20
5153,1153,171,7,127.07,2021-10-13 07:36:32,2022-11-16 12:11:31
5154,1154,269,49,75.08,2021-06-11 00:56:27,2022-10-06 10:00:26
5155,1155,382,96,447.38,2021-09-19 02:48:29,2022-03-14 09:58:42
5156,1156,182,62,872.9,2021-02-22 07:17:29,2022-08-23 05:37:19
5157,1157,243,74,307.83,2021-03-07 19:45:55,2022-05-18 09:14:55
5158,1158,249,17,605.82,2021-05-09 17:36:34,2022-03-03 15:40:24
5159,1159,168,44,303.45,2021-10-19 23:02:11,2022-07-01 11:24:33
5160,1160,16,76,28.59,2021-03-30 14:44:59,2022-12-28 13:18:58
5161,1161,390,9,815.94,2021-05-03 00:41:25,2022-06-09 00:58:11
5162,1162,175,49,459.96,2021-12-07 03:29:39,2022-03-06 16:23:35
5163,1163,406,57,863.08,2021-01-25 14:50:33,2022-12-01 06:02:24
5164,1164,452,18,69.41,2021-04-02 07:30:27,2022-04-22 18:19:24
5165,1165,374,22,335.86,2021-05-17 20:32:36,2022-11-26 18:46:52
5166,1166,194,73,995.42,2021-08-15 19:56:21,2022-02-22 02:01:39
5167,1167,450,49,721.45,2021-03-16 23:27:05,2022-04-09 11:59:13
5168,1168,34,56,527.81,2021-09-29 06:47:16,2022-11-10 09:19:25
5169,1169,218,29,344.65,2021-12-13 09:05:11,2022-02-20 12:01:21
5170,1170,351,15,386.13,2021-12-05 03:03:38,2022-06-15 03:48:06
5171,1171,406,55,435.01,2021-11-05 17:31:21,2022-10-03 06:23:45
5172,1172,329,4,258.04,2021-01-13 13:31:52,2022-03-18 02:21:12
5173,1173,468,41,518.57,2021-09-22 00:05:56,2022-11-09 14:19:21
5174,1174,126,21,868.05,2021-07-11 15:45:02,2022-09-15 14:19:32
5175,1175,68,93,113.29,2021-11-06 09:51:32,2022-09-27 05:51:14
5176,1176,241,67,362.21,2021-07-24 04:44:36,2022-12-07 02:39:19
5177,1177,249,8,61.93,2021-10-01 01:01:46,2022-03-04 10:12:26
5178,1178,265,2,386.3,2021-12-13 01:10:11,2022-04-15 03:42:37
5179,1179,241,90,668.45,2021-10-05 08:17:53,2022-03-02 12:03:08
5180,1180,388,75,385.15,2021-08-06 18:38:31,2022-05-24 06:41:40
5181,1181,327,51,12.72,2021-12-23 21:31:53,2022-07-17 15:24:04
5182,1182,246,17,802.05,2021-03-22 13:45:33,2022-12-15 21:50:25
5183,1183,253,19,579.74,2021-02-04 18:40:35,2022-11-26 20:05:23
5184,1184,110,27,321.93,2021-10-29 21:32:01,2022-11-16 16:06:10
5185,1185,144,38,956.89,2021-08-02 03:05:21,2022-04-17 07:49:33
5186,1186,172,71,131.92,2021-08-11 22:07:35,2022-09-22 19:47:58
5187,1187,272,34,66.93,2021-04-27 14:57:47,2022-02-15 21:05:51
5188,1188,12,73,114.57,2021-02-05 05:50:44,2022-08-14 04:53:08
5189,1189,197,21,971.04,2021-06-18 03:08:33,2022-02-25 02:57:20
5190,1190,445,96,951.8,2021-06-09 07:44:17,2022-03-23 13:07:48
5191,1191,186,2,940.51,2021-05-16 05:41:51,2022-02-14 16:04:16
5192,1192,408,49,10.23,2021-03-01 04:35:50,2022-07-06 16:52:59
5193,1193,400,70,917.07,2021-02-07 14:47:41,2022-09-11 13:55:47
5194,1194,478,6,689.0,2021-09-06 12:48:24,2022-06-16 02:17:43
5195,1195,55,18,983.26,2021-04-24 18:06:43,2022-07-12 12:07:31
5196,1196,21,100,996.86,2021-03-18 15:50:48,2022-08-10 20:15:58
5197,1197,92,60,929.64,2021-07-09 21:04:36,2022-07-25 08:34:47
5198,1198,221,19,636.37,2021-10-31 22:53:00,2022-11-14 14:45:01
5199,1199,167,46,779.6,2021-03-31 15:06:11,2022-06-15 08:17:58
5200,1200,27,52,79.96,2021-11-26 07:24:06,2022-02-11 07:53:06
5201,1201,200,77,534.01,2021-08-16 13:45:35,2022-05-05 00:40:42
5202,1202,353,91,242.8,2021-08-10 22:07:29,2022-09-13 10:09:02
5203,1203,102,63,471.15,2021-06-01 12:08:12,2022-01-20 08:38:38
5204,1204,327,44,405.48,2021-09-22 03:01:30,2022-05-31 09:43:49
5205,1205,100,52,621.14,2021-11-23 09:10:23,2022-05-04 07:08:38
5206,1206,95,93,499.82,2021-07-26 03:10:58,2022-10-30 10:39:29
5207,1207,100,72,937.1,2021-09-21 05:17:21,2022-08-10 09:15:53
5208,1208,362,52,370.38,2021-08-12 22:58:40,2022-01-21 22:41:58
5209,1209,112,1,864.33,2021-03-20 06:23:17,2022-01-29 03:12:27
5210,1210,83,47,635.86,2021-12-16 18:40:41,2022-08-10 08:28:08
5211,1211,179,45,656.89,2021-08-06 17:30:26,2022-02-26 19:39:58
5212,1212,257,67,140.77,2021-01-03 12:07:49,2022-06-18 14:30:46
5213,1213,172,32,424.3,2021-05-11 16:38:53,2022-06-17 04:41:05
5214,1214,49,18,348.68,2021-05-10 13:58:15,2022-04-27 21:21:41
5215,1215,265,20,559.43,2021-11-24 21:34:23,2022-09-19 16:24:56
5216,1216,440,76,8.74,2021-11-09 01:33:10,2022-05-22 19:13:50
5217,1217,141,59,641.63,2021-06-29 09:05:42,2022-12-19 08:19:30
5218,1218,290,6,791.43,2021-06-29 16:14:28,2022-02-04 04:19:19
5219,1219,363,3,736.36,2021-07-24 21:07:09,2022-12-25 12:03:24
5220,1220,112,93,435.63,2021-10-31 19:11:41,2022-02-23 23:49:31
5221,1221,355,92,797.7,2021-08-09 18:35:25,2022-05-12 15:03:00
5222,1222,494,33,152.35,2021-03-04 06:42:42,2022-10-27 04:16:17
5223,1223,490,17,635.59,2021-01-28 11:30:16,2022-07-16 11:05:40
5224,1224,291,19,149.77,2021-06-23 01:16:29,2022-09-15 23:40:25
5225,1225,353,22,603.14,2021-06-18 08:34:00,2022-07-22 14:20:24
5226,1226,411,90,333.21,2021-09-08 18:57:04,2022-05-12 13:25:05
5227,1227,6,68,371.78,2021-06-07 15:10:16,2022-05-24 20:51:59
5228,1228,321,80,697.66,2021-02-15 12:28:37,2022-06-17 13:53:50
5229,1229,19,64,889.54,2021-11-10 19:26:50,2022-05-15 22:43:15
5230,1230,349,36,402.59,2021-10-14 22:43:48,2022-10-17 17:09:07
5231,1231,59,26,769.41,2021-01-27 02:20:01,2022-07-02 23:09:57
5232,1232,422,49,608.53,2021-03-15 22:19:45,2022-05-31 18:46:58
5233,1233,184,39,299.97,2021-12-03 04:05:54,2022-06-26 13:17:44
5234,1234,376,41,318.67,2021-04-22 20:48:28,2022-05-24 05:07:13
5235,1235,327,1,626.49,2021-04-14 00:57:01,2022-07-26 04:01:40
5236,1236,396,95,801.14,2021-04-12 04:12:17,2022-08-12 02:27:21
5237,1237,46,100,548.45,2021-08-02 04:26:02,2022-09-08 19:54:52
5238,1238,129,30,350.0,2021-02-07 18:40:45,2022-10-05 19:55:50
5239,1239,250,100,415.31,2021-04-11 15:23:32,2022-12-22 17:43:40
5240,1240,397,54,351.95,2021-10-18 13:02:35,2022-12-11 06:02:09
5241,1241,215,67,475.3,2021-09-01 07:35:39,2022-06-18 20:59:32
5242,1242,147,64,16.3,2021-03-08 06:11:07,2022-07-22 06:30:49
5243,1243,121,93,915.88,2021-11-22 00:46:32,2022-09-12 08:11:25
5244,1244,216,33,878.63,2021-01-18 03:17:06,2022-06-22 04:18:28
5245,1245,212,62,494.09,2021-02-19 12:05:52,2022-06-09 20:09:41
5246,1246,375,48,553.91,2021-07-29 10:05:17,2022-08-15 22:25:16
5247,1247,457,67,844.44,2021-04-02 09:48:01,2022-09-13 21:27:01
5248,1248,108,85,987.81,2021-07-18 16:03:04,2022-12-24 16:51:24
5249,1249,382,96,981.41,2021-02-23 12:32:11,2022-11-25 10:52:35
5250,1250,199,31,307.89,2021-06-15 21:47:56,2022-08-14 14:27:08
5251,1251,433,68,169.95,2021-05-29 04:51:39,2022-08-29 07:08:32
5252,1252,25,46,109.46,2021-03-08 16:41:19,2022-03-19 13:17:30
5253,1253,16,6,439.66,2021-03-23 14:31:40,2022-09-09 14:20:10
5254,1254,379,2,240.1,2021-04-27 16:15:15,2022-10-23 18:33:39
5255,1255,133,9,863.2,2021-10-01 17:44:22,2022-06-16 05:39:02
5256,1256,424,98,291.33,2021-07-08 07:27:55,2022-02-15 08:10:16
5257,1257,311,55,454.24,2021-11-11 18:16:35,2022-11-12 20:10:21
5258,1258,9,51,735.04,2021-05-30 04:44:00,2022-02-17 10:03:28
5259,1259,183,39,526.91,2021-03-10 14:24:36,2022-09-01 06:44:14
5260,1260,228,56,707.83,2021-02-01 13:44:57,2022-04-13 05:06:28
5261,1261,191,8,985.89,2021-01-24 16:09:18,2022-05-18 23:06:23
5262,1262,247,94,806.93,2021-12-07 10:34:27,2022-11-14 16:51:14
5263,1263,110,5,947.04,2021-10-24 09:33:39,2022-04-21 14:24:45
5264,1264,237,29,524.35,2021-07-09 12:48:07,2022-07-27 21:55:15
5265,1265,434,94,580.29,2021-11-26 07:14:01,2022-10-14 23:54:41
5266,1266,35,4,286.33,2021-11-27 06:22:39,2022-10-10 09:57:23
5267,1267,345,21,917.44,2021-05-30 15:59:39,2022-06-22 14:11:57
5268,1268,481,98,735.55,2021-07-27 14:09:01,2022-01-12 15:50:25
5269,1269,499,29,570.43,2021-12-17 21:00:58,2022-07-06 22:42:21
5270,1270,377,89,554.66,2021-02-05 05:02:34,2022-12-12 10:39:30
5271,1271,36,99,508.53,2021-12-03 13:08:52,2022-03-01 12:20:36
5272,1272,309,18,346.62,2021-03-31 16:53:28,2022-12-04 18:47:12
5273,1273,342,44,703.15,2021-02-20 08:22:38,2022-04-17 15:43:28
5274,1274,216,40,243.11,2021-02-05 10:49:33,2022-06-23 18:10:24
5275,1275,5,46,501.26,2021-04-06 17:29:56,2022-01-23 09:41:38
5276,1276,332,15,412.05,2021-01-28 16:41:57,2022-12-19 20:26:02
5277,1277,147,72,854.99,2021-11-13 19:06:13,2022-09-06 04:47:02
5278,1278,85,25,711.41,2021-02-22 01:01:12,2022-02-08 23:55:08
5279,1279,405,60,884.51,2021-01-28 10:45:58,2022-03-15 12:24:52
5280,1280,387,30,640.41,2021-02-16 23:52:16,2022-03-08 14:17:43
5281,1281,82,35,581.91,2021-04-14 17:35:37,2022-08-10 04:59:16
5282,1282,496,4,718.6,2021-04-18 12:05:54,2022-11-27 07:52:29
5283,1283,221,71,879.43,2021-12-12 05:23:01,2022-10-25 10:32:29
5284,1284,66,70,849.92,2021-10-25 05:03:51,2022-05-25 01:07:34
5285,1285,125,13,267.48,2021-07-22 15:12:18,2022-01-07 13:15:02
5286,1286,421,10,784.15,2021-12-25 20:37:22,2022-10-13 20:57:43
5287,1287,63,68,391.72,2021-08-21 09:25:38,2022-06-06 05:14:18
5288,1288,475,76,822.22,2021-09-10 01:52:07,2022-11-08 19:18:41
5289,1289,458,70,241.88,2021-09-12 17:37:06,2022-05-07 16:58:00
5290,1290,379,27,377.64,2021-05-30 06:41:24,2022-04-26 02:09:35
5291,1291,311,72,996.87,2021-04-17 16:18:54,2022-04-07 17:29:34
5292,1292,24,42,738.25,2021-10-11 06:49:54,2022-07-09 10:26:33
5293,1293,262,55,734.77,2021-08-13 19:05:27,2022-11-14 19:00:38
5294,1294,193,13,494.25,2021-04-28 01:57:27,2022-11-04 01:42:01
5295,1295,91,7,360.75,2021-04-18 18:45:34,2022-04-17 20:34:50
5296,1296,286,2,540.68,2021-08-25 06:00:31,2022-11-10 01:08:37
5297,1297,41,11,310.46,2021-01-10 15:28:07,2022-09-30 09:06:05
5298,1298,424,73,284.58,2021-04-20 23:08:31,2022-12-04 17:09:13
5299,1299,432,83,368.47,2021-12-06 14:53:27,2022-12-12 00:10:25
5300,1300,245,16,630.26,2021-10-07 10:35:20,2022-03-24 00:17:26
5301,1301,454,7,14.56,2021-07-27 22:06:06,2022-02-07 15:19:43
5302,1302,327,52,257.78,2021-12-12 21:28:04,2022-05-19 04:22:33
5303,1303,440,47,228.53,2021-12-10 03:44:43,2022-12-04 08:18:21
5304,1304,462,95,528.61,2021-06-22 19:15:11,2022-08-09 13:12:01
5305,1305,342,24,679.95,2021-11-22 15:55:41,2022-02-14 17:44:19
5306,1306,189,29,847.85,2021-08-16 00:50:21,2022-09-25 09:26:17
5307,1307,400,90,382.64,2021-11-28 04:08:56,2022-12-19 06:39:52
5308,1308,402,63,714.99,2021-10-01 19:10:10,2022-10-04 07:33:00
5309,1309,54,11,722.58,2021-07-07 23:07:24,2022-01-02 04:11:07
5310,1310,22,5,318.43,2021-12-08 04:08:50,2022-10-24 14:31:43
5311,1311,181,96,341.24,2021-10-25 09:08:10,2022-12-14 21:30:54
5312,1312,325,86,336.56,2021-06-10 21:44:06,2022-06-20 06:08:10
5313,1313,399,55,310.17,2021-03-27 13:15:29,2022-06-20 02:31:50
5314,1314,309,75,233.71,2021-08-07 07:51:02,2022-07-29 03:22:40
5315,1315,292,67,438.43,2021-08-25 13:14:15,2022-06-18 06:17:12
5316,1316,244,36,176.83,2021-02-07 01:24:33,2022-01-25 07:35:06
5317,1317,331,82,573.65,2021-09-20 15:41:12,2022-05-04 16:07:07
5318,1318,39,82,465.64,2021-03-08 17:59:54,2022-12-12 04:53:43
5319,1319,165,79,12.67,2021-01-20 23:08:25,2022-09-06 18:53:18
5320,1320,302,6,174.28,2021-04-29 14:48:41,2022-07-11 21:18:42
5321,1321,319,82,615.67,2021-03-05 05:38:49,2022-02-09 10:42:59
5322,1322,76,77,422.45,2021-10-07 23:51:44,2022-06-02 16:29:54
5323,1323,201,30,257.14,2021-11-12 14:56:25,2022-05-07 12:23:54
5324,1324,404,35,460.11,2021-03-30 06:43:31,2022-01-18 19:51:26
5325,1325,97,39,474.23,2021-12-08 07:11:56,2022-05-18 18:26:44
5326,1326,166,54,954.34,2021-11-02 00:03:42,2022-03-14 21:36:38
5327,1327,122,82,657.56,2021-01-29 23:04:59,2022-10-14 18:12:44
5328,1328,417,66,703.11,2021-12-22 01:29:37,2022-12-27 17:19:57
5329,1329,332,17,738.76,2021-02-23 22:13:47,2022-10-31 13:26:48
5330,1330,22,6,626.34,2021-06-12 23:26:58,2022-07-14 08:40:24
5331,1331,363,100,405.1,2021-05-23 02:45:20,2022-07-25 21:39:58
5332,1332,247,63,191.28,2021-09-27 05:28:35,2022-10-31 04:35:47
5333,1333,23,54,688.82,2021-10-25 13:12:15,2022-04-11 16:33:41
5334,1334,283,28,376.87,2021-08-29 20:31:55,2022-03-11 03:41:53
5335,1335,396,28,908.06,2021-10-11 01:05:20,2022-04-20 06:02:23
5336,1336,45,58,487.49,2021-04-04 11:34:52,2022-04-30 06:07:07
5337,1337,490,53,342.91,2021-12-19 03:24:56,2022-06-09 23:24:20
5338,1338,361,3,852.85,2021-04-17 21:21:11,2022-08-23 12:33:38
5339,1339,84,81,968.18,2021-09-11 08:46:48,2022-05-29 11:53:52
5340,1340,242,27,438.2,2021-12-03 11:39:54,2022-01-05 02:56:25
5341,1341,111,15,442.36,2021-04-15 04:39:38,2022-09-29 00:31:18
5342,1342,286,40,961.49,2021-08-21 14:40:57,2022-05-11 09:27:35
5343,1343,444,39,406.92,2021-09-12 04:29:06,2022-08-08 04:14:55
5344,1344,444,61,706.02,2021-04-20 17:51:25,2022-03-22 08:27:28
5345,1345,39,75,630.56,2021-01-09 18:33:06,2022-07-31 02:50:26
5346,1346,353,83,396.32,2021-01-05 05:31:19,2022-04-09 05:12:40
5347,1347,263,13,780.83,2021-05-06 03:40:46,2022-09-09 20:15:11
5348,1348,82,100,677.28,2021-08-01 21:50:50,2022-10-07 05:08:37
5349,1349,159,44,228.03,2021-10-05 04:16:30,2022-02-24 17:37:34
5350,1350,163,52,64.73,2021-08-22 02:28:24,2022-01-03 03:38:44
5351,1351,103,55,206.21,2021-04-14 21:12:37,2022-07-16 06:33:52
5352,1352,87,62,17.02,2021-08-27 11:58:27,2022-04-29 19:54:36
5353,1353,207,1,285.55,2021-11-06 05:57:59,2022-01-25 16:57:15
5354,1354,252,55,925.35,2021-03-08 21:48:06,2022-05-14 03:36:09
5355,1355,187,27,84.31,2021-04-12 11:45:04,2022-02-10 23:45:43
5356,1356,353,15,953.5,2021-06-06 11:54:05,2022-06-23 20:58:52
5357,1357,401,100,382.54,2021-11-20 02:29:04,2022-11-02 07:50:24
5358,1358,10,57,300.34,2021-05-26 04:14:36,2022-09-16 10:45:43
5359,1359,30,11,74.94,2021-01-06 15:29:45,2022-08-22 16:57:31
5360,1360,454,16,124.57,2021-09-17 21:07:13,2022-01-17 13:19:52
5361,1361,277,72,464.44,2021-08-14 12:41:22,2022-05-27 12:26:02
5362,1362,52,64,224.68,2021-12-14 23:20:58,2022-01-18 01:35:17
5363,1363,460,68,457.4,2021-02-18 18:04:06,2022-06-09 13:56:40
5364,1364,398,40,484.6,2021-11-23 01:14:13,2022-10-10 01:23:44
5365,1365,92,48,825.48,2021-08-31 06:24:27,2022-03-05 12:31:39
5366,1366,431,2,446.46,2021-03-20 06:53:34,2022-05-27 03:10:29
5367,1367,427,92,122.34,2021-12-07 18:18:11,2022-10-19 00:22:19
5368,1368,38,31,256.96,2021-08-25 13:20:46,2022-12-28 21:00:25
5369,1369,166,35,75.18,2021-05-15 06:56:26,2022-06-17 10:19:24
5370,1370,304,63,879.12,2021-05-07 07:53:42,2022-10-13 08:16:42
5371,1371,43,84,792.39,2021-04-26 23:30:29,2022-07-24 19:01:25
5372,1372,479,98,485.23,2021-07-21 16:22:23,2022-11-05 04:21:53
5373,1373,365,24,499.81,2021-10-11 22:16:48,2022-12-27 04:41:17
5374,1374,435,65,115.61,2021-10-14 03:37:06,2022-05-16 16:14:47
5375,1375,112,59,155.63,2021-11-21 21:54:27,2022-11-04 19:52:53
5376,1376,121,79,125.76,2021-10-16 06:50:41,2022-10-10 20:37:58
5377,1377,181,1,543.29,2021-08-06 02:11:03,2022-02-25 22:12:22
5378,1378,79,93,891.26,2021-12-29 23:27:49,2022-06-11 04:29:45
5379,1379,117,13,716.85,2021-11-20 04:31:17,2022-08-18 21:38:17
5380,1380,135,94,92.61,2021-02-16 06:16:52,2022-08-25 16:39:05
5381,1381,331,79,929.96,2021-10-27 11:02:55,2022-07-21 01:05:43
5382,1382,418,27,431.67,2021-07-13 17:15:52,2022-02-06 13:53:53
5383,1383,253,81,399.38,2021-01-13 13:56:03,2022-09-30 19:20:39
5384,1384,88,66,163.08,2021-05-06 00:00:03,2022-01-23 10:33:36
5385,1385,271,21,161.24,2021-05-14 21:18:34,2022-05-03 02:46:13
5386,1386,365,62,817.96,2021-09-05 08:17:07,2022-11-26 01:50:10
5387,1387,455,88,655.37,2021-03-09 19:59:15,2022-05-01 10:30:07
5388,1388,174,50,449.66,2021-01-10 14:52:09,2022-11-29 17:20:31
5389,1389,372,49,667.85,2021-09-28 14:50:44,2022-12-05 08:39:58
5390,1390,174,21,890.48,2021-01-15 07:02:57,2022-03-22 20:48:28
5391,1391,38,5,954.31,2021-06-13 08:32:39,2022-05-07 18:27:36
5392,1392,389,93,771.53,2021-01-20 12:30:11,2022-07-08 23:16:19
5393,1393,327,45,578.6,2021-01-26 06:42:39,2022-09-22 08:36:58
5394,1394,316,37,379.97,2021-01-07 04:51:07,2022-04-05 02:27:45
5395,1395,454,90,599.52,2021-02-26 18:18:02,2022-11-02 17:02:02
5396,1396,78,59,655.47,2021-01-15 10:15:40,2022-07-22 07:57:10
5397,1397,30,22,1.14,2021-03-22 10:56:02,2022-05-07 08:45:16
5398,1398,202,57,309.31,2021-08-12 15:02:12,2022-06-22 04:26:36
5399,1399,392,72,855.86,2021-05-15 18:08:07,2022-03-30 10:03:57
5400,1400,307,100,637.54,2021-01-28 19:25:46,2022-12-01 08:02:16
5401,1401,364,56,72.75,2021-12-16 08:10:52,2022-03-05 03:52:30
5402,1402,200,18,558.46,2021-03-04 13:41:27,2022-04-20 13:46:16
5403,1403,25,13,408.25,2021-08-07 11:48:59,2022-10-25 00:44:57
5404,1404,464,48,951.87,2021-05-17 14:58:00,2022-11-04 03:16:22
5405,1405,337,19,782.73,2021-07-03 23:53:18,2022-07-13 12:42:01
5406,1406,465,11,912.78,2021-09-24 18:49:39,2022-08-13 22:49:30
5407,1407,61,12,382.95,2021-07-04 05:51:24,2022-12-11 21:18:32
5408,1408,279,28,186.07,2021-09-10 13:43:01,2022-03-11 09:34:42
5409,1409,359,44,291.94,2021-06-04 02:49:46,2022-03-22 03:49:37
5410,1410,203,24,267.11,2021-08-08 19:39:36,2022-05-30 06:59:01
5411,1411,399,15,684.87,2021-12-22 18:50:28,2022-07-31 04:45:45
5412,1412,472,85,934.64,2021-04-11 06:48:56,2022-06-08 03:28:08
5413,1413,57,41,426.6,2021-10-27 05:39:29,2022-10-13 02:24:15
5414,1414,81,41,28.08,2021-07-04 17:08:52,2022-10-13 22:07:19
5415,1415,265,23,891.91,2021-12-01 08:14:35,2022-07-19 20:26:31
5416,1416,275,16,687.59,2021-05-16 10:51:12,2022-06-16 13:59:28
5417,1417,326,59,250.44,2021-02-25 23:41:03,2022-09-28 18:03:00
5418,1418,432,58,436.72,2021-02-27 09:14:56,2022-01-19 23:50:31
5419,1419,437,46,153.01,2021-08-07 18:52:55,2022-08-03 01:55:50
5420,1420,123,19,894.84,2021-05-24 00:41:44,2022-09-26 05:38:32
5421,1421,468,25,763.28,2021-06-23 08:20:07,2022-08-24 11:06:54
5422,1422,431,88,570.61,2021-01-26 05:33:46,2022-06-04 19:23:42
5423,1423,288,69,459.71,2021-01-12 21:35:41,2022-01-14 05:12:19
5424,1424,418,37,250.58,2021-12-26 06:22:40,2022-07-01 00:01:01
5425,1425,28,99,473.28,2021-06-14 03:28:54,2022-09-26 22:52:51
5426,1426,37,35,816.91,2021-03-30 08:46:14,2022-03-15 19:09:15
5427,1427,25,49,619.33,2021-08-18 12:58:30,2022-03-31 23:40:07
5428,1428,283,62,335.62,2021-06-01 14:24:44,2022-06-14 04:26:52
5429,1429,39,31,845.76,2021-12-23 11:38:09,2022-12-11 08:58:36
5430,1430,399,16,812.9,2021-07-30 13:34:51,2022-08-04 15:26:02
5431,1431,446,66,667.56,2021-09-17 14:04:06,2022-12-07 14:58:26
5432,1432,14,26,332.37,2021-05-10 20:04:08,2022-09-17 17:08:35
5433,1433,468,99,490.64,2021-10-05 21:47:15,2022-11-20 02:08:51
5434,1434,486,51,356.7,2021-08-12 08:00:14,2022-11-07 03:44:19
5435,1435,101,1,729.92,2021-09-04 02:41:08,2022-10-24 14:56:27
5436,1436,263,6,623.87,2021-08-11 23:18:38,2022-05-04 18:35:18
5437,1437,458,38,659.79,2021-10-18 09:38:43,2022-05-29 05:42:15
5438,1438,21,4,325.44,2021-03-06 18:22:52,2022-01-01 13:29:59
5439,1439,235,38,273.03,2021-01-23 10:37:37,2022-03-20 09:08:01
5440,1440,485,23,851.46,2021-03-18 03:43:53,2022-09-27 12:54:33
5441,1441,445,48,307.88,2021-02-14 10:28:29,2022-07-19 06:28:38
5442,1442,257,70,634.01,2021-04-20 08:39:06,2022-04-17 04:28:58
5443,1443,192,32,909.32,2021-08-15 22:47:01,2022-03-03 23:00:17
5444,1444,426,67,419.19,2021-10-28 09:53:54,2022-05-15 06:24:31
5445,1445,71,94,886.59,2021-06-21 10:31:04,2022-07-30 22:37:45
5446,1446,3,55,460.89,2021-02-16 05:00:51,2022-05-25 02:03:56
5447,1447,224,20,619.38,2021-05-26 19:26:03,2022-10-23 03:06:58
5448,1448,295,29,25.05,2021-02-11 15:01:07,2022-03-15 16:32:16
5449,1449,495,38,263.96,2021-10-19 13:11:41,2022-07-10 12:10:45
5450,1450,388,69,393.46,2021-04-12 09:24:22,2022-12-23 19:17:08
5451,1451,111,46,523.62,2021-08-25 04:46:02,2022-08-27 23:40:30
5452,1452,25,38,86.41,2021-08-22 21:35:06,2022-04-21 01:08:36
5453,1453,297,79,852.79,2021-10-27 07:48:29,2022-01-18 06:23:55
5454,1454,27,16,286.37,2021-12-03 05:56:37,2022-01-15 02:46:51
5455,1455,489,27,635.14,2021-07-13 01:41:33,2022-02-20 00:09:33
5456,1456,286,93,846.04,2021-08-24 10:29:51,2022-07-09 08:54:31
5457,1457,413,58,670.9,2021-07-16 04:39:27,2022-08-30 04:50:01
5458,1458,444,82,810.97,2021-07-27 04:46:12,2022-05-10 07:21:55
5459,1459,459,98,592.36,2021-09-30 11:07:49,2022-05-01 11:10:24
5460,1460,362,90,979.76,2021-02-20 07:28:36,2022-05-04 03:25:20
5461,1461,309,11,648.91,2021-08-20 02:49:01,2022-07-11 03:53:40
5462,1462,389,14,32.96,2021-06-22 22:29:37,2022-09-24 17:42:07
5463,1463,18,64,54.96,2021-11-23 20:48:19,2022-03-22 13:25:54
5464,1464,490,50,146.4,2021-08-04 20:52:55,2022-05-05 23:30:23
5465,1465,212,72,101.79,2021-11-27 04:31:15,2022-11-10 13:40:16
5466,1466,104,16,751.46,2021-10-16 21:08:36,2022-09-24 21:53:33
5467,1467,246,87,781.06,2021-07-22 14:55:39,2022-01-09 10:04:35
5468,1468,492,22,368.95,2021-08-05 12:04:03,2022-05-13 15:10:46
5469,1469,29,54,139.8,2021-09-22 15:15:29,2022-04-17 17:18:48
5470,1470,477,74,723.04,2021-03-28 06:49:39,2022-08-02 13:36:18
5471,1471,108,12,341.61,2021-08-08 15:11:28,2022-11-27 06:42:07
5472,1472,73,5,540.14,2021-09-17 09:42:34,2022-09-21 23:15:24
5473,1473,186,1,3.39,2021-06-23 07:13:10,2022-11-18 03:53:47
5474,1474,59,71,111.46,2021-08-25 02:42:19,2022-10-25 00:51:37
5475,1475,61,76,633.36,2021-04-18 17:51:45,2022-10-26 03:50:42
5476,1476,500,74,172.18,2021-06-19 10:42:37,2022-07-22 15:00:15
5477,1477,484,47,605.73,2021-06-12 03:14:19,2022-01-20 19:59:15
5478,1478,402,60,773.57,2021-05-06 15:10:23,2022-01-08 02:46:17
5479,1479,363,80,392.54,2021-07-30 16:40:23,2022-02-09 05:38:41
5480,1480,457,39,396.01,2021-07-13 17:34:28,2022-02-10 05:48:08
5481,1481,84,28,568.07,2021-04-19 19:51:23,2022-08-25 23:01:24
5482,1482,23,6,12.38,2021-11-18 06:48:47,2022-03-28 01:21:40
5483,1483,328,18,649.52,2021-12-02 04:33:57,2022-08-15 08:05:06
5484,1484,422,83,727.76,2021-12-09 01:07:55,2022-03-11 06:50:08
5485,1485,95,56,231.72,2021-07-28 13:09:20,2022-03-23 09:15:06
5486,1486,255,81,895.5,2021-04-04 09:48:48,2022-02-17 20:01:42
5487,1487,71,86,564.22,2021-06-24 21:28:10,2022-05-09 20:30:08
5488,1488,28,89,644.69,2021-10-20 16:28:02,2022-10-15 19:09:58
5489,1489,19,80,550.27,2021-04-12 02:09:25,2022-04-08 18:22:57
5490,1490,441,7,220.7,2021-10-11 08:15:07,2022-12-02 03:54:44
5491,1491,107,94,337.19,2021-04-27 00:00:25,2022-06-24 22:24:03
5492,1492,259,18,346.64,2021-07-06 11:44:26,2022-04-23 06:28:16
5493,1493,170,96,766.66,2021-12-24 18:58:31,2022-09-22 13:20:20
5494,1494,494,6,181.45,2021-10-26 10:13:12,2022-08-28 01:06:30
5495,1495,268,59,37.26,2021-10-04 10:56:01,2022-06-07 04:03:31
5496,1496,52,94,159.48,2021-11-05 17:26:43,2022-09-21 09:45:32
5497,1497,194,63,630.48,2021-06-08 11:23:12,2022-10-10 12:13:23
5498,1498,412,65,592.51,2021-08-02 17:40:24,2022-05-19 03:49:14
5499,1499,163,77,434.22,2021-11-11 22:17:59,2022-05-13 17:46:37
5500,1500,53,29,874.88,2021-04-20 04:26:05,2022-09-25 18:32:48
5501,1501,426,33,58.5,2021-11-26 03:20:19,2022-08-13 22:39:28
5502,1502,71,81,472.15,2021-07-18 23:58:15,2022-06-02 09:56:02
5503,1503,404,49,122.35,2021-04-13 13:23:42,2022-05-05 14:59:50
5504,1504,319,53,989.36,2021-09-23 03:41:30,2022-10-15 10:26:57
5505,1505,19,15,126.64,2021-07-14 12:05:40,2022-03-01 01:56:19
5506,1506,288,50,367.68,2021-02-22 06:03:42,2022-06-16 11:39:23
5507,1507,323,42,769.58,2021-02-01 00:36:52,2022-05-22 00:46:51
5508,1508,350,15,47.26,2021-11-11 13:51:18,2022-12-30 03:56:32
5509,1509,143,4,134.94,2021-11-14 14:05:51,2022-06-28 18:23:51
5510,1510,12,90,821.8,2021-01-14 23:23:59,2022-10-12 07:57:46
5511,1511,250,28,848.73,2021-07-01 01:35:05,2022-10-07 14:47:36
5512,1512,229,80,512.65,2021-11-05 04:11:22,2022-12-29 03:32:12
5513,1513,169,89,117.88,2021-06-15 13:57:39,2022-10-10 05:20:19
5514,1514,217,79,170.15,2021-11-10 20:54:30,2022-05-16 06:32:24
5515,1515,277,20,229.25,2021-01-07 19:25:55,2022-09-02 00:20:24
5516,1516,345,50,836.18,2021-01-15 17:55:31,2022-04-15 04:05:49
5517,1517,155,67,220.13,2021-09-05 00:29:15,2022-05-25 01:57:17
5518,1518,430,65,748.62,2021-03-04 10:38:55,2022-04-24 09:13:11
5519,1519,133,34,441.16,2021-01-24 12:58:57,2022-04-03 15:30:46
5520,1520,69,84,185.37,2021-10-20 01:50:32,2022-11-10 20:02:06
5521,1521,415,23,514.79,2021-07-09 07:44:37,2022-09-01 14:59:13
5522,1522,197,27,607.26,2021-10-08 01:45:58,2022-06-05 08:30:48
5523,1523,370,46,260.75,2021-02-08 17:25:14,2022-06-05 07:09:24
5524,1524,453,7,465.65,2021-07-07 23:29:52,2022-08-04 07:01:12
5525,1525,178,1,54.71,2021-05-29 22:27:37,2022-06-09 13:04:21
5526,1526,192,46,966.02,2021-07-05 23:44:10,2022-09-11 16:40:44
5527,1527,494,60,632.79,2021-12-29 16:38:42,2022-05-25 10:24:43
5528,1528,127,39,966.53,2021-10-31 06:02:59,2022-07-16 11:43:15
5529,1529,470,54,232.94,2021-11-21 17:46:44,2022-11-12 02:04:53
5530,1530,159,38,424.01,2021-05-20 21:32:34,2022-05-14 19:09:23
5531,1531,56,58,756.84,2021-05-07 16:39:12,2022-10-10 09:08:57
5532,1532,381,40,55.36,2021-04-09 21:55:18,2022-12-25 23:49:09
5533,1533,280,66,317.85,2021-03-30 10:17:12,2022-06-15 21:51:42
5534,1534,338,30,208.68,2021-09-11 18:21:30,2022-04-19 05:30:25
5535,1535,96,81,24.79,2021-11-28 19:47:32,2022-12-03 02:11:26
5536,1536,234,77,632.86,2021-08-17 09:00:16,2022-05-08 23:19:00
5537,1537,475,80,524.16,2021-06-17 02:29:49,2022-12-18 04:50:06
5538,1538,435,4,628.64,2021-08-16 01:27:38,2022-01-07 01:09:51
5539,1539,81,57,715.99,2021-01-03 17:56:04,2022-12-11 21:19:21
5540,1540,264,18,720.88,2021-07-02 00:38:03,2022-07-05 22:09:32
5541,1541,469,55,692.98,2021-01-31 02:16:06,2022-04-18 22:00:59
5542,1542,456,20,768.05,2021-05-28 14:03:48,2022-07-10 11:54:47
5543,1543,82,77,349.77,2021-09-02 12:45:40,2022-05-17 19:01:26
5544,1544,333,55,994.3,2021-06-15 15:01:39,2022-01-14 22:31:12
5545,1545,257,1,681.56,2021-08-23 13:21:26,2022-10-30 12:11:14
5546,1546,227,5,82.06,2021-08-15 01:04:28,2022-09-16 17:44:00
5547,1547,73,91,995.9,2021-07-26 03:29:12,2022-05-04 01:26:23
5548,1548,221,22,47.74,2021-12-09 20:14:53,2022-11-22 13:44:33
5549,1549,450,95,785.51,2021-04-25 19:43:47,2022-04-22 08:47:43
5550,1550,182,97,280.65,2021-03-03 13:21:02,2022-01-28 07:46:14
5551,1551,342,31,591.84,2021-03-25 19:15:09,2022-02-28 17:54:18
5552,1552,497,43,683.03,2021-03-19 19:07:07,2022-10-12 03:45:31
5553,1553,148,17,806.71,2021-05-31 03:56:39,2022-01-27 07:52:52
5554,1554,204,66,10.75,2021-09-07 09:28:58,2022-10-07 17:08:42
5555,1555,328,13,663.01,2021-03-02 21:54:24,2022-11-21 05:44:57
5556,1556,476,51,318.66,2021-10-20 22:07:05,2022-06-25 07:09:35
5557,1557,250,77,867.95,2021-08-02 03:41:57,2022-05-27 14:15:54
5558,1558,190,9,60.15,2021-05-01 00:15:03,2022-02-24 21:42:02
5559,1559,332,16,847.1,2021-09-23 13:55:44,2022-10-17 08:07:55
5560,1560,389,99,117.24,2021-07-22 07:14:06,2022-03-23 03:42:41
5561,1561,425,61,966.57,2021-06-25 05:40:42,2022-05-07 12:32:33
5562,1562,296,78,474.76,2021-02-10 05:38:27,2022-07-10 17:54:06
5563,1563,143,3,73.76,2021-04-09 14:38:59,2022-03-12 08:41:04
5564,1564,304,14,350.37,2021-12-14 08:45:00,2022-12-21 01:54:28
5565,1565,326,25,914.73,2021-02-19 12:05:03,2022-02-28 01:54:48
5566,1566,396,7,132.98,2021-05-12 05:17:31,2022-03-21 04:12:00
5567,1567,234,87,71.6,2021-08-18 02:24:51,2022-09-29 03:52:06
5568,1568,453,31,52.41,2021-09-02 22:08:37,2022-05-04 03:15:15
5569,1569,253,46,135.29,2021-07-11 01:24:45,2022-12-19 06:51:49
5570,1570,302,24,353.16,2021-07-17 10:33:55,2022-08-29 19:44:58
5571,1571,182,55,842.0,2021-06-28 15:08:32,2022-05-28 03:22:36
5572,1572,74,88,862.59,2021-06-10 09:38:38,2022-07-19 13:20:00
5573,1573,332,54,354.42,2021-02-13 14:08:53,2022-02-10 06:55:33
5574,1574,94,27,793.41,2021-07-18 09:14:21,2022-08-27 16:40:54
5575,1575,156,62,131.54,2021-05-02 13:53:39,2022-04-26 10:50:20
5576,1576,295,12,381.28,2021-10-03 09:00:47,2022-06-22 09:09:17
5577,1577,240,27,870.34,2021-10-08 21:11:46,2022-06-12 07:54:33
5578,1578,162,59,841.82,2021-02-27 15:35:50,2022-08-24 05:42:29
5579,1579,151,22,226.07,2021-08-20 17:03:26,2022-08-24 07:51:09
5580,1580,295,95,931.32,2021-05-14 12:06:10,2022-05-02 02:27:26
5581,1581,285,72,13.56,2021-09-12 06:19:58,2022-05-26 21:54:19
5582,1582,191,31,987.11,2021-02-18 15:50:07,2022-10-19 19:53:20
5583,1583,381,51,245.77,2021-01-15 07:49:38,2022-07-16 20:54:50
5584,1584,370,6,349.25,2021-12-18 17:59:06,2022-07-24 16:02:09
5585,1585,310,52,625.22,2021-06-30 01:13:10,2022-01-13 20:23:09
5586,1586,495,9,366.43,2021-01-26 03:07:00,2022-08-08 12:42:08
5587,1587,452,78,267.78,2021-05-26 12:54:17,2022-01-27 01:05:43
5588,1588,140,84,212.19,2021-06-26 17:36:58,2022-08-29 11:05:07
5589,1589,88,39,898.68,2021-07-05 05:56:21,2022-07-10 07:17:19
5590,1590,428,44,998.08,2021-08-02 19:31:36,2022-11-30 14:25:50
5591,1591,168,98,648.48,2021-12-28 02:01:58,2022-05-16 19:20:34
5592,1592,486,79,336.89,2021-08-12 12:59:56,2022-12-10 02:36:24
5593,1593,417,30,836.53,2021-04-01 18:44:34,2022-05-10 15:51:50
5594,1594,23,54,602.41,2021-10-08 16:31:32,2022-05-16 02:46:16
5595,1595,336,35,810.29,2021-01-21 14:33:34,2022-06-27 01:40:57
5596,1596,267,92,160.97,2021-09-16 19:20:05,2022-01-13 21:55:52
5597,1597,460,41,410.15,2021-03-31 12:59:12,2022-06-24 23:03:42
5598,1598,84,69,943.57,2021-08-09 06:47:48,2022-05-12 10:07:31
5599,1599,226,67,820.72,2021-04-04 05:12:49,2022-10-16 12:18:12
5600,1600,261,32,676.06,2021-01-03 11:18:30,2022-12-24 20:30:59
5601,1601,354,82,783.6,2021-07-22 05:11:04,2022-03-30 06:03:56
5602,1602,150,30,463.17,2021-02-12 09:46:00,2022-10-29 05:18:37
5603,1603,273,82,954.79,2021-04-05 08:53:26,2022-04-04 09:02:09
5604,1604,468,55,475.76,2021-07-26 05:16:19,2022-07-03 20:37:45
5605,1605,450,89,432.83,2021-09-04 17:29:54,2022-06-16 20:04:52
5606,1606,416,13,888.48,2021-01-17 17:57:57,2022-12-21 12:54:25
5607,1607,304,72,769.62,2021-08-23 20:41:49,2022-01-06 17:55:04
5608,1608,42,13,561.05,2021-02-15 09:26:16,2022-06-12 19:50:14
5609,1609,301,89,662.56,2021-02-15 12:14:26,2022-04-27 23:05:54
5610,1610,56,7,36.9,2021-08-17 21:50:51,2022-11-28 02:03:33
5611,1611,355,75,92.8,2021-06-21 14:24:37,2022-12-17 08:51:02
5612,1612,114,22,370.17,2021-08-20 23:03:26,2022-10-13 05:20:35
5613,1613,378,57,78.98,2021-08-10 03:19:03,2022-01-12 08:54:29
5614,1614,266,90,385.91,2021-03-29 08:24:42,2022-11-13 07:29:12
5615,1615,158,21,777.4,2021-03-05 14:31:19,2022-11-25 21:16:47
5616,1616,371,6,790.97,2021-07-28 14:11:04,2022-04-06 10:29:34
5617,1617,132,45,252.65,2021-05-11 01:50:08,2022-10-04 11:06:49
5618,1618,49,54,220.67,2021-08-10 04:10:41,2022-02-09 19:16:57
5619,1619,358,32,203.95,2021-04-29 08:27:13,2022-01-06 14:51:36
5620,1620,11,20,544.57,2021-04-05 17:01:49,2022-02-13 04:43:22
5621,1621,111,13,309.12,2021-01-01 06:41:35,2022-06-20 20:16:39
5622,1622,277,44,913.37,2021-12-14 05:11:13,2022-04-04 02:13:04
5623,1623,28,96,339.59,2021-05-31 17:04:57,2022-04-05 20:16:20
5624,1624,269,96,290.93,2021-10-12 06:19:02,2022-08-12 11:30:44
5625,1625,275,52,594.24,2021-08-03 14:39:13,2022-06-19 21:04:07
5626,1626,77,33,387.43,2021-09-18 00:00:55,2022-06-04 10:15:45
5627,1627,128,79,896.8,2021-08-18 13:32:17,2022-11-26 21:45:05
5628,1628,243,61,22.66,2021-05-04 22:40:26,2022-09-27 03:46:16
5629,1629,425,45,517.73,2021-10-09 11:49:01,2022-11-30 03:33:32
5630,1630,388,69,773.98,2021-10-22 07:54:09,2022-09-06 21:33:09
5631,1631,373,58,298.82,2021-02-07 04:06:05,2022-07-12 14:35:19
5632,1632,356,74,204.05,2021-03-27 15:45:56,2022-11-26 14:22:51
5633,1633,297,61,328.2,2021-06-19 22:43:34,2022-02-19 12:04:37
5634,1634,59,51,10.99,2021-12-06 13:52:33,2022-06-23 11:46:16
5635,1635,139,99,143.55,2021-07-05 05:43:18,2022-06-03 14:09:28
5636,1636,290,35,668.53,2021-08-09 09:48:50,2022-09-15 00:31:27
5637,1637,351,97,781.17,2021-11-20 00:03:18,2022-10-14 00:31:17
5638,1638,146,75,848.73,2021-07-23 10:29:26,2022-09-11 03:45:46
5639,1639,236,49,35.54,2021-09-21 00:12:39,2022-04-12 04:43:20
5640,1640,110,48,246.3,2021-01-04 21:15:12,2022-02-13 11:59:42
5641,1641,155,12,373.37,2021-03-04 08:59:22,2022-10-26 08:53:41
5642,1642,452,50,600.87,2021-06-07 03:24:12,2022-05-27 01:03:42
5643,1643,86,48,118.49,2021-05-28 22:32:51,2022-10-10 15:49:37
5644,1644,103,36,991.01,2021-03-10 16:55:03,2022-01-08 09:49:07
5645,1645,430,78,683.02,2021-11-22 16:08:08,2022-02-24 06:15:01
5646,1646,196,59,979.65,2021-05-10 06:29:30,2022-12-14 00:01:19
5647,1647,157,62,640.92,2021-06-24 06:32:09,2022-07-17 04:27:24
5648,1648,296,25,253.22,2021-11-11 22:24:27,2022-03-04 19:54:19
5649,1649,391,55,271.59,2021-09-16 08:51:46,2022-12-26 05:31:09
5650,1650,218,40,455.14,2021-10-02 11:46:39,2022-10-21 13:46:54
5651,1651,269,88,403.15,2021-06-23 02:06:07,2022-09-10 19:06:16
5652,1652,250,17,472.9,2021-04-17 13:06:04,2022-05-15 19:05:37
5653,1653,323,39,765.25,2021-02-07 10:06:42,2022-11-21 16:05:44
5654,1654,97,89,61.65,2021-03-23 11:26:05,2022-05-18 09:31:02
5655,1655,216,22,742.75,2021-10-07 11:06:17,2022-09-13 20:15:53
5656,1656,474,89,507.06,2021-12-24 00:50:23,2022-07-16 23:31:24
5657,1657,121,27,379.97,2021-12-05 06:51:55,2022-11-25 05:15:58
5658,1658,455,33,213.07,2021-05-22 18:54:39,2022-10-06 12:56:16
5659,1659,162,12,145.45,2021-08-09 00:10:50,2022-12-13 20:06:12
5660,1660,165,18,450.46,2021-02-27 10:11:48,2022-10-01 21:10:07
5661,1661,385,92,392.26,2021-11-14 01:07:28,2022-10-16 06:50:06
5662,1662,199,96,192.17,2021-01-17 14:05:55,2022-01-26 22:48:16
5663,1663,499,36,742.73,2021-05-12 15:44:51,2022-08-20 05:52:01
5664,1664,136,58,916.93,2021-07-05 01:06:06,2022-07-08 15:50:14
5665,1665,456,51,303.42,2021-09-01 19:36:45,2022-01-22 20:40:43
5666,1666,142,93,980.98,2021-04-21 08:58:52,2022-12-19 09:03:04
5667,1667,172,62,107.22,2021-08-22 17:47:13,2022-05-07 14:24:53
5668,1668,329,92,533.4,2021-01-02 21:05:25,2022-04-07 05:33:38
5669,1669,70,79,374.44,2021-05-19 13:51:31,2022-01-06 05:21:19
5670,1670,462,18,463.11,2021-01-30 20:13:00,2022-05-06 09:43:05
5671,1671,163,48,789.72,2021-12-07 14:27:24,2022-04-17 08:00:02
5672,1672,371,33,853.62,2021-05-27 12:14:20,2022-10-21 19:10:18
5673,1673,384,24,625.51,2021-03-12 09:14:55,2022-03-09 09:09:32
5674,1674,313,29,528.85,2021-05-08 02:11:25,2022-07-20 16:58:02
5675,1675,196,86,903.28,2021-03-14 00:49:32,2022-09-19 13:43:34
5676,1676,292,76,275.34,2021-03-08 19:04:31,2022-05-21 00:15:13
5677,1677,271,19,7.0,2021-05-12 00:09:51,2022-10-16 17:08:56
5678,1678,366,95,799.78,2021-04-16 09:24:50,2022-02-15 06:14:02
5679,1679,279,79,597.08,2021-01-11 17:30:46,2022-06-30 09:23:32
5680,1680,155,40,985.55,2021-12-10 22:56:50,2022-05-01 09:21:32
5681,1681,94,28,988.91,2021-07-23 17:38:59,2022-06-05 11:10:47
5682,1682,401,61,685.66,2021-03-06 03:17:24,2022-10-15 04:55:22
5683,1683,125,90,737.78,2021-02-18 15:18:08,2022-12-02 16:11:56
5684,1684,427,44,459.95,2021-06-10 12:34:01,2022-06-09 18:53:03
5685,1685,9,71,404.99,2021-02-08 06:41:11,2022-07-11 13:19:22
5686,1686,65,30,417.78,2021-09-11 10:54:15,2022-12-27 06:40:29
5687,1687,125,83,547.55,2021-03-08 06:16:34,2022-07-13 21:30:02
5688,1688,355,83,927.59,2021-04-23 02:49:32,2022-07-02 06:00:02
5689,1689,126,61,632.2,2021-07-27 06:28:02,2022-03-09 13:18:51
5690,1690,358,78,710.52,2021-01-25 00:12:37,2022-08-27 00:17:46
5691,1691,420,54,835.56,2021-03-23 07:35:15,2022-01-12 00:23:11
5692,1692,280,100,825.66,2021-03-02 13:38:54,2022-08-21 21:46:11
5693,1693,115,56,75.38,2021-08-28 07:17:28,2022-01-24 14:11:51
5694,1694,167,16,419.39,2021-03-11 23:35:12,2022-07-21 15:25:11
5695,1695,183,63,234.03,2021-10-05 06:18:24,2022-07-02 03:20:36
5696,1696,263,45,878.29,2021-02-24 12:47:20,2022-02-22 00:52:18
5697,1697,19,96,303.47,2021-03-17 14:16:29,2022-04-23 20:42:48
5698,1698,383,77,150.58,2021-11-21 15:44:22,2022-08-30 22:52:42
5699,1699,378,54,129.91,2021-12-23 10:28:38,2022-09-14 20:00:27
5700,1700,261,23,487.17,2021-04-27 12:05:31,2022-09-01 10:44:10
5701,1701,316,53,519.58,2021-05-15 05:47:17,2022-06-10 15:37:12
5702,1702,391,31,455.13,2021-08-25 18:11:28,2022-01-10 18:33:18
5703,1703,387,92,858.29,2021-03-20 18:59:18,2022-06-22 15:20:07
5704,1704,54,4,705.74,2021-04-15 15:02:48,2022-06-23 20:47:41
5705,1705,418,39,68.18,2021-04-08 22:58:06,2022-11-01 03:51:33
5706,1706,70,57,437.84,2021-10-28 07:53:27,2022-06-06 13:45:42
5707,1707,374,23,383.97,2021-02-15 19:49:54,2022-07-20 04:35:11
5708,1708,388,83,962.8,2021-02-17 10:28:01,2022-11-10 05:55:49
5709,1709,32,85,23.69,2021-06-01 03:55:23,2022-07-28 07:44:42
5710,1710,479,35,222.42,2021-05-01 14:07:11,2022-03-26 04:22:51
5711,1711,203,43,13.35,2021-02-14 09:48:32,2022-10-04 19:45:53
5712,1712,468,2,463.23,2021-10-28 07:20:15,2022-04-24 16:03:14
5713,1713,272,100,977.28,2021-01-08 01:34:42,2022-09-25 04:49:02
5714,1714,462,46,852.85,2021-09-10 05:59:58,2022-01-08 16:54:21
5715,1715,231,1,473.05,2021-11-28 11:18:42,2022-06-22 07:45:53
5716,1716,439,83,961.05,2021-01-12 02:20:26,2022-04-28 16:53:12
5717,1717,436,74,330.94,2021-06-07 23:55:16,2022-01-18 12:30:05
5718,1718,386,100,154.74,2021-01-03 13:51:47,2022-11-20 18:11:51
5719,1719,395,84,29.38,2021-10-18 21:24:01,2022-02-14 09:08:42
5720,1720,360,40,755.73,2021-06-11 00:22:36,2022-12-07 01:19:04
5721,1721,38,36,471.17,2021-02-01 17:33:32,2022-04-23 18:31:41
5722,1722,202,64,554.8,2021-08-26 01:26:41,2022-03-16 12:32:25
5723,1723,316,10,346.72,2021-11-20 10:43:08,2022-04-27 04:12:18
5724,1724,409,52,448.9,2021-03-29 11:18:18,2022-06-04 01:32:53
5725,1725,280,34,408.99,2021-05-28 09:46:59,2022-06-22 03:29:34
5726,1726,51,48,225.21,2021-06-08 04:50:03,2022-02-13 01:02:24
5727,1727,455,54,634.14,2021-12-28 03:56:33,2022-07-29 07:30:53
5728,1728,452,80,235.78,2021-01-26 23:11:22,2022-05-24 10:19:17
5729,1729,353,39,765.67,2021-06-22 17:42:01,2022-02-09 23:45:29
5730,1730,257,63,537.88,2021-03-01 05:41:08,2022-09-08 18:07:25
5731,1731,241,93,397.26,2021-08-16 20:54:26,2022-02-15 18:41:23
5732,1732,472,72,310.28,2021-01-27 08:08:54,2022-07-24 18:38:30
5733,1733,135,19,952.86,2021-10-26 18:54:41,2022-12-28 20:22:19
5734,1734,316,75,126.91,2021-03-05 07:48:13,2022-10-22 04:36:28
5735,1735,402,80,564.53,2021-11-04 08:20:19,2022-07-27 19:30:02
5736,1736,124,86,671.66,2021-12-21 10:29:31,2022-11-30 18:27:39
5737,1737,196,63,976.46,2021-07-07 11:26:25,2022-01-24 01:39:57
5738,1738,127,21,32.47,2021-03-21 18:05:42,2022-11-11 13:05:43
5739,1739,302,7,535.0,2021-08-05 21:32:55,2022-10-23 02:22:24
5740,1740,178,85,159.57,2021-01-26 12:29:08,2022-11-11 22:25:24
5741,1741,233,75,816.05,2021-05-06 21:25:23,2022-11-03 06:38:12
5742,1742,36,38,477.2,2021-05-13 14:02:52,2022-07-08 17:10:44
5743,1743,90,9,420.21,2021-11-14 04:31:20,2022-02-07 23:43:09
5744,1744,240,29,419.69,2021-09-28 04:23:47,2022-10-06 10:56:50
5745,1745,408,6,977.66,2021-09-27 10:49:01,2022-02-09 05:30:38
5746,1746,213,92,596.9,2021-08-26 08:31:21,2022-12-07 16:17:00
5747,1747,389,99,315.71,2021-02-28 07:55:31,2022-07-28 23:33:27
5748,1748,130,85,860.28,2021-12-09 23:41:13,2022-10-18 11:46:37
5749,1749,453,44,139.3,2021-08-12 02:11:19,2022-11-11 18:54:49
5750,1750,281,54,341.38,2021-11-16 00:55:15,2022-10-18 00:13:48
5751,1751,455,41,961.57,2021-09-18 01:33:31,2022-11-05 22:46:41
5752,1752,139,13,460.0,2021-03-27 23:40:35,2022-01-31 20:53:16
5753,1753,436,75,380.44,2021-06-24 19:45:26,2022-05-05 08:16:10
5754,1754,412,29,548.26,2021-02-01 07:55:02,2022-07-28 18:34:23
5755,1755,55,93,544.01,2021-12-09 22:49:18,2022-11-07 09:15:10
5756,1756,419,1,252.57,2021-10-18 03:51:54,2022-08-11 08:43:32
5757,1757,257,31,363.24,2021-10-18 14:58:29,2022-05-24 16:37:40
5758,1758,363,63,565.98,2021-11-25 19:26:46,2022-12-17 01:22:48
5759,1759,478,31,478.33,2021-07-04 00:50:07,2022-03-03 04:36:16
5760,1760,382,23,411.36,2021-01-26 01:20:03,2022-03-12 01:22:07
5761,1761,380,6,221.11,2021-06-26 13:09:06,2022-11-12 23:49:18
5762,1762,9,80,560.92,2021-03-06 09:13:25,2022-10-08 04:51:56
5763,1763,396,9,165.44,2021-12-20 09:04:19,2022-07-24 01:59:02
5764,1764,134,100,240.88,2021-10-14 21:59:43,2022-05-03 16:05:06
5765,1765,197,32,834.41,2021-08-01 09:46:54,2022-01-23 12:04:35
5766,1766,184,87,767.16,2021-09-03 14:16:39,2022-11-19 17:50:39
5767,1767,92,52,106.12,2021-10-19 13:17:19,2022-01-21 01:21:31
5768,1768,182,60,341.45,2021-04-23 07:53:46,2022-05-19 09:47:48
5769,1769,475,94,657.95,2021-08-02 19:34:14,2022-12-23 20:02:04
5770,1770,46,30,145.35,2021-04-17 14:35:11,2022-07-15 20:53:18
5771,1771,473,100,47.65,2021-06-10 03:22:36,2022-06-08 14:29:13
5772,1772,463,29,57.83,2021-02-28 05:12:58,2022-07-17 09:14:41
5773,1773,284,16,687.7,2021-03-02 13:28:07,2022-04-05 15:02:10
5774,1774,291,18,536.54,2021-08-30 23:55:29,2022-06-27 08:03:56
5775,1775,96,81,979.16,2021-05-10 22:47:56,2022-10-07 04:11:16
5776,1776,109,18,520.06,2021-02-05 08:33:47,2022-10-20 22:42:57
5777,1777,415,78,240.03,2021-02-11 00:41:45,2022-10-07 13:01:02
5778,1778,361,94,509.57,2021-11-16 04:38:11,2022-05-21 18:26:25
5779,1779,160,83,642.63,2021-03-23 21:34:19,2022-06-04 00:02:11
5780,1780,228,50,832.76,2021-10-07 12:35:40,2022-03-10 13:27:52
5781,1781,214,67,249.15,2021-09-09 21:25:18,2022-05-25 16:33:16
5782,1782,63,66,546.42,2021-12-18 01:45:49,2022-06-04 18:40:56
5783,1783,1,81,273.68,2021-11-11 09:32:48,2022-03-31 03:27:41
5784,1784,389,45,657.08,2021-05-22 00:41:42,2022-10-22 04:32:46
5785,1785,461,31,269.92,2021-12-29 00:47:00,2022-02-14 16:08:09
5786,1786,20,20,366.4,2021-12-24 19:33:53,2022-12-15 00:48:34
5787,1787,100,66,673.2,2021-06-08 10:05:32,2022-02-09 04:18:02
5788,1788,423,16,617.49,2021-01-12 23:13:33,2022-04-20 21:47:38
5789,1789,285,64,316.9,2021-03-28 10:25:45,2022-06-06 10:53:03
5790,1790,191,82,230.7,2021-12-24 02:16:55,2022-11-28 03:39:44
5791,1791,313,79,14.15,2021-04-21 08:28:25,2022-09-14 23:53:17
5792,1792,139,61,2.43,2021-03-23 23:11:17,2022-09-29 02:52:52
5793,1793,160,86,690.27,2021-08-14 10:17:02,2022-03-11 01:51:18
5794,1794,20,81,544.09,2021-09-27 07:03:17,2022-09-21 12:19:34
5795,1795,89,54,511.1,2021-07-10 18:20:35,2022-09-29 08:38:15
5796,1796,258,87,504.92,2021-01-04 12:01:09,2022-08-28 14:34:11
5797,1797,194,31,841.93,2021-04-22 06:27:39,2022-08-02 00:19:08
5798,1798,57,1,809.87,2021-05-27 15:32:09,2022-07-17 06:30:05
5799,1799,423,93,782.57,2021-05-18 11:10:46,2022-04-16 14:36:21
5800,1800,222,13,378.47,2021-04-01 11:16:13,2022-06-02 04:22:01
5801,1801,92,64,824.15,2021-07-28 11:30:25,2022-03-16 15:16:03
5802,1802,130,83,398.06,2021-06-23 00:15:06,2022-09-14 16:41:09
5803,1803,460,16,607.07,2021-03-14 05:03:13,2022-03-09 02:42:37
5804,1804,402,40,261.63,2021-05-15 10:09:44,2022-02-05 17:07:46
5805,1805,129,46,428.28,2021-01-30 16:23:32,2022-10-31 07:18:53
5806,1806,286,16,913.89,2021-02-04 10:26:10,2022-10-25 20:47:59
5807,1807,319,84,640.42,2021-01-18 23:32:05,2022-10-29 07:46:41
5808,1808,340,42,147.05,2021-02-03 15:10:34,2022-05-02 11:34:49
5809,1809,18,10,264.39,2021-08-09 06:04:20,2022-08-06 13:53:07
5810,1810,237,20,389.11,2021-07-15 15:04:06,2022-05-04 08:54:29
5811,1811,214,84,603.55,2021-05-07 09:41:28,2022-06-23 19:23:33
5812,1812,182,41,215.11,2021-09-02 08:57:50,2022-04-14 07:32:18
5813,1813,412,56,996.03,2021-07-24 00:24:26,2022-05-24 13:24:05
5814,1814,270,74,169.96,2021-07-24 17:35:36,2022-03-07 00:07:17
5815,1815,423,74,765.39,2021-05-08 20:52:57,2022-11-07 09:39:34
5816,1816,74,58,725.81,2021-04-02 19:23:35,2022-12-18 10:45:00
5817,1817,98,49,845.26,2021-01-12 06:10:21,2022-07-24 09:31:36
5818,1818,408,39,895.48,2021-11-19 17:29:23,2022-12-21 02:54:12
5819,1819,388,77,269.62,2021-11-14 22:32:40,2022-08-08 16:20:27
5820,1820,23,8,159.83,2021-11-19 11:57:29,2022-04-28 21:11:52
5821,1821,497,85,352.07,2021-11-11 15:30:11,2022-05-21 05:49:43
5822,1822,225,6,193.54,2021-05-28 17:10:32,2022-07-24 12:55:56
5823,1823,203,35,959.45,2021-12-13 00:13:18,2022-12-05 23:27:44
5824,1824,100,89,701.78,2021-01-04 17:32:49,2022-05-08 06:31:23
5825,1825,202,10,502.42,2021-11-21 11:23:29,2022-06-25 13:51:13
5826,1826,389,35,735.4,2021-08-03 01:56:59,2022-11-04 16:09:03
5827,1827,239,95,618.22,2021-10-29 23:06:24,2022-07-16 18:52:33
5828,1828,399,54,329.8,2021-07-31 17:58:04,2022-11-10 14:41:46
5829,1829,189,81,865.36,2021-06-23 23:42:38,2022-03-29 10:46:07
5830,1830,445,84,176.44,2021-01-03 11:20:58,2022-11-08 00:00:49
5831,1831,46,53,761.18,2021-01-14 08:31:20,2022-09-28 20:14:19
5832,1832,418,73,339.51,2021-04-25 20:25:06,2022-12-02 01:18:49
5833,1833,229,2,822.72,2021-08-16 05:38:18,2022-11-15 01:24:02
5834,1834,476,7,733.93,2021-02-21 19:38:47,2022-05-27 01:00:01
5835,1835,424,65,248.99,2021-09-06 22:40:14,2022-10-16 19:02:38
5836,1836,169,25,651.78,2021-09-16 15:42:03,2022-02-06 09:48:34
5837,1837,67,45,516.97,2021-03-19 08:20:08,2022-05-24 19:51:23
5838,1838,268,82,307.11,2021-02-05 19:56:54,2022-11-03 10:01:45
5839,1839,2,62,169.65,2021-10-04 08:27:51,2022-02-20 21:07:33
5840,1840,230,100,470.44,2021-02-06 18:20:07,2022-04-14 16:58:45
5841,1841,357,77,932.73,2021-11-14 10:08:49,2022-01-15 22:47:12
5842,1842,229,86,913.8,2021-02-23 23:11:08,2022-06-28 04:09:56
5843,1843,224,48,91.35,2021-12-16 12:40:38,2022-08-17 17:17:31
5844,1844,102,45,365.07,2021-07-09 13:14:19,2022-03-12 00:32:19
5845,1845,279,9,166.82,2021-12-18 13:15:01,2022-11-01 18:36:51
5846,1846,84,66,817.98,2021-04-04 05:40:19,2022-07-02 18:19:21
5847,1847,102,70,199.26,2021-11-22 22:11:04,2022-08-26 17:42:04
5848,1848,102,50,986.17,2021-06-21 07:51:49,2022-06-20 01:50:52
5849,1849,2,50,187.79,2021-03-15 01:53:21,2022-12-05 12:24:11
5850,1850,178,54,929.15,2021-01-26 13:59:01,2022-03-24 04:34:04
5851,1851,377,21,3.1,2021-02-09 03:37:57,2022-09-02 13:03:46
5852,1852,13,40,239.08,2021-04-25 08:48:45,2022-10-26 13:03:50
5853,1853,310,29,705.86,2021-04-13 18:46:49,2022-02-15 08:48:06
5854,1854,234,54,702.69,2021-11-29 06:48:57,2022-01-09 04:19:19
5855,1855,189,56,292.28,2021-10-16 19:54:41,2022-08-08 16:21:25
5856,1856,15,41,395.54,2021-01-07 23:08:07,2022-08-20 18:21:57
5857,1857,2,65,336.1,2021-11-15 09:45:06,2022-04-24 09:46:47
5858,1858,487,36,880.75,2021-03-10 06:36:45,2022-05-26 03:53:10
5859,1859,324,19,480.47,2021-09-29 02:20:01,2022-07-21 00:32:51
5860,1860,100,8,436.39,2021-08-07 07:54:24,2022-09-18 11:07:47
5861,1861,137,75,51.29,2021-05-03 01:31:35,2022-01-06 06:23:11
5862,1862,22,9,287.42,2021-09-01 00:09:52,2022-05-15 02:19:39
5863,1863,440,26,773.78,2021-11-26 08:10:48,2022-05-11 07:28:02
5864,1864,288,10,977.28,2021-08-13 04:51:39,2022-04-07 21:41:51
5865,1865,52,34,452.87,2021-01-28 21:47:53,2022-07-11 22:09:19
5866,1866,245,56,718.36,2021-08-03 15:15:42,2022-10-03 03:02:59
5867,1867,44,70,597.98,2021-03-22 09:54:11,2022-01-05 21:02:37
5868,1868,315,8,234.47,2021-08-26 23:27:33,2022-03-25 02:50:29
5869,1869,426,49,98.18,2021-08-07 17:47:56,2022-03-04 11:49:18
5870,1870,394,6,574.62,2021-09-27 09:01:55,2022-02-26 22:06:33
5871,1871,360,39,202.05,2021-12-16 04:44:58,2022-05-08 18:07:21
5872,1872,354,62,232.98,2021-03-05 18:26:41,2022-07-05 02:07:23
5873,1873,213,31,31.67,2021-09-29 23:09:44,2022-03-06 02:30:14
5874,1874,324,6,307.42,2021-03-24 08:08:17,2022-10-17 10:39:58
5875,1875,285,3,762.42,2021-03-22 04:25:26,2022-08-20 20:16:46
5876,1876,314,27,713.2,2021-09-16 21:13:23,2022-12-01 16:49:32
5877,1877,195,58,430.1,2021-02-12 03:24:10,2022-05-17 10:42:59
5878,1878,162,47,994.26,2021-11-13 20:20:42,2022-01-01 00:01:30
5879,1879,37,64,507.79,2021-01-15 11:13:09,2022-03-03 11:35:24
5880,1880,476,34,498.65,2021-01-24 01:38:10,2022-01-21 04:42:18
5881,1881,104,69,754.65,2021-09-04 10:34:02,2022-11-07 12:45:32
5882,1882,123,84,23.57,2021-06-26 07:32:13,2022-11-08 04:02:36
5883,1883,271,38,708.21,2021-12-29 00:25:01,2022-03-26 13:17:22
5884,1884,43,14,688.99,2021-11-16 17:30:32,2022-12-19 03:38:44
5885,1885,328,95,685.25,2021-07-28 16:59:44,2022-03-24 22:21:50
5886,1886,343,63,46.63,2021-10-06 23:16:01,2022-05-28 04:18:04
5887,1887,431,24,881.78,2021-04-11 02:01:02,2022-07-19 07:48:10
5888,1888,499,56,9.61,2021-12-10 12:42:15,2022-01-21 21:13:18
5889,1889,243,8,228.02,2021-09-15 03:31:04,2022-04-21 00:26:17
5890,1890,183,76,784.5,2021-02-09 15:28:55,2022-01-15 18:17:30
5891,1891,166,75,902.68,2021-03-06 03:21:38,2022-10-30 03:31:46
5892,1892,247,25,386.07,2021-02-27 07:48:34,2022-06-05 01:28:50
5893,1893,3,61,893.86,2021-03-09 04:07:01,2022-12-15 16:57:17
5894,1894,238,23,250.44,2021-06-21 09:47:50,2022-03-07 14:48:20
5895,1895,276,60,516.24,2021-04-29 17:45:33,2022-12-11 05:24:19
5896,1896,9,63,736.77,2021-05-15 07:47:58,2022-05-22 09:33:39
5897,1897,274,34,494.53,2021-04-13 08:23:56,2022-09-13 21:57:11
5898,1898,395,2,101.4,2021-02-09 02:22:24,2022-06-13 08:12:07
5899,1899,289,86,582.07,2021-07-09 09:06:05,2022-04-24 11:10:17
5900,1900,254,3,926.67,2021-01-15 01:34:12,2022-12-05 08:19:02
5901,1901,184,7,468.55,2021-07-14 11:18:51,2022-04-28 10:30:50
5902,1902,442,48,269.33,2021-02-22 22:49:08,2022-08-28 08:35:15
5903,1903,89,24,376.78,2021-12-12 10:20:20,2022-12-26 02:12:56
5904,1904,366,72,73.73,2021-02-09 09:11:56,2022-07-28 00:48:41
5905,1905,188,1,456.0,2021-12-06 16:36:39,2022-04-04 00:27:13
5906,1906,292,68,754.11,2021-12-01 11:34:07,2022-07-01 23:19:13
5907,1907,268,68,573.01,2021-04-15 07:57:01,2022-05-25 07:47:16
5908,1908,377,35,603.97,2021-11-28 20:04:13,2022-02-25 19:32:10
5909,1909,31,65,772.97,2021-04-20 05:47:04,2022-12-29 08:00:43
5910,1910,19,37,588.35,2021-04-24 03:22:28,2022-07-31 22:12:59
5911,1911,48,2,893.04,2021-02-17 07:41:29,2022-10-11 01:53:02
5912,1912,337,61,245.09,2021-11-11 15:27:01,2022-02-02 22:01:58
5913,1913,430,69,605.66,2021-07-27 05:24:37,2022-03-10 17:58:08
5914,1914,318,96,518.97,2021-11-05 23:12:30,2022-02-09 14:20:59
5915,1915,70,65,489.63,2021-11-23 12:32:53,2022-07-01 17:38:47
5916,1916,153,91,116.16,2021-05-18 14:24:27,2022-11-03 00:09:58
5917,1917,54,76,355.56,2021-11-08 11:17:26,2022-05-06 18:51:56
5918,1918,177,61,628.88,2021-09-19 16:24:55,2022-09-11 04:50:33
5919,1919,62,69,69.46,2021-05-22 00:10:25,2022-02-04 14:57:01
5920,1920,166,16,877.95,2021-07-02 05:40:42,2022-08-03 10:57:21
5921,1921,194,32,910.91,2021-04-07 08:48:55,2022-02-28 05:53:32
5922,1922,33,69,770.0,2021-02-09 13:06:02,2022-12-20 16:24:32
5923,1923,31,97,866.53,2021-04-22 15:11:43,2022-02-21 23:54:43
5924,1924,340,6,190.95,2021-05-09 09:33:16,2022-06-18 19:58:54
5925,1925,71,99,876.21,2021-08-10 10:55:28,2022-05-05 00:25:07
5926,1926,122,94,537.99,2021-09-02 15:54:31,2022-09-24 12:06:21
5927,1927,28,3,719.38,2021-01-19 22:38:53,2022-03-14 04:23:26
5928,1928,81,51,266.81,2021-08-03 02:55:50,2022-11-25 15:49:36
5929,1929,487,24,966.16,2021-02-12 17:58:03,2022-01-11 12:02:21
5930,1930,491,14,274.94,2021-07-01 23:36:58,2022-10-03 03:22:34
5931,1931,217,100,727.1,2021-03-15 12:56:07,2022-03-25 13:31:25
5932,1932,202,100,515.13,2021-04-29 18:08:00,2022-04-13 10:02:23
5933,1933,2,2,425.99,2021-12-05 06:11:06,2022-03-23 13:28:46
5934,1934,229,67,699.02,2021-02-21 08:57:58,2022-05-28 02:43:13
5935,1935,13,86,185.92,2021-04-09 22:14:22,2022-10-09 18:20:42
5936,1936,230,11,485.63,2021-04-21 22:48:25,2022-01-03 20:57:14
5937,1937,248,35,733.61,2021-03-18 19:29:24,2022-08-31 06:50:24
5938,1938,497,14,610.84,2021-06-27 02:10:05,2022-08-21 03:07:54
5939,1939,331,49,20.49,2021-01-02 10:39:19,2022-01-16 07:14:43
5940,1940,77,21,620.35,2021-09-25 01:15:25,2022-08-13 14:05:56
5941,1941,356,68,115.52,2021-03-22 00:33:32,2022-09-30 06:54:54
5942,1942,203,60,21.75,2021-12-22 04:41:01,2022-11-21 03:27:07
5943,1943,86,88,212.51,2021-02-19 04:35:09,2022-07-17 01:00:46
5944,1944,111,48,984.34,2021-10-08 10:30:36,2022-10-02 08:57:07
5945,1945,495,56,23.42,2021-06-21 06:37:38,2022-01-27 11:42:27
5946,1946,275,90,423.36,2021-07-31 15:12:58,2022-10-10 07:22:53
5947,1947,165,82,345.06,2021-04-25 10:15:55,2022-03-31 05:41:52
5948,1948,27,61,105.54,2021-04-18 15:20:13,2022-09-01 17:57:07
5949,1949,110,85,937.01,2021-01-18 10:29:08,2022-07-21 06:26:28
5950,1950,469,91,681.82,2021-04-19 20:36:50,2022-09-10 11:40:31
5951,1951,423,36,457.11,2021-11-13 14:01:26,2022-02-07 03:38:12
5952,1952,32,20,674.04,2021-06-17 09:07:43,2022-02-12 22:46:54
5953,1953,280,16,941.21,2021-04-14 11:07:40,2022-12-09 12:49:12
5954,1954,117,33,29.54,2021-05-21 15:09:20,2022-06-13 17:07:42
5955,1955,496,44,297.76,2021-08-09 00:23:39,2022-01-31 00:45:14
5956,1956,364,94,400.21,2021-06-12 17:39:12,2022-10-30 22:41:21
5957,1957,316,40,719.6,2021-11-12 05:08:38,2022-07-06 02:27:14
5958,1958,179,32,808.47,2021-07-03 14:42:50,2022-05-10 16:52:44
5959,1959,234,13,565.3,2021-05-01 23:51:58,2022-10-07 09:54:10
5960,1960,67,99,63.92,2021-11-25 10:58:51,2022-07-05 05:31:51
5961,1961,239,9,970.36,2021-10-09 14:06:01,2022-01-11 23:52:20
5962,1962,330,20,207.48,2021-07-23 06:13:06,2022-08-16 02:31:27
5963,1963,472,87,70.99,2021-01-19 02:11:53,2022-12-15 16:39:31
5964,1964,63,96,944.93,2021-01-26 12:09:55,2022-07-31 10:16:28
5965,1965,102,18,350.29,2021-10-06 11:15:24,2022-11-10 17:02:46
5966,1966,263,84,431.33,2021-08-02 06:30:35,2022-09-21 11:30:36
5967,1967,289,39,995.37,2021-09-28 13:03:02,2022-02-04 18:59:21
5968,1968,113,59,990.49,2021-06-25 10:21:28,2022-12-16 09:50:25
5969,1969,172,2,409.0,2021-10-04 09:04:44,2022-08-24 13:37:53
5970,1970,82,38,270.2,2021-08-11 03:24:17,2022-10-21 03:16:51
5971,1971,214,39,610.79,2021-05-24 05:18:04,2022-03-03 09:58:21
5972,1972,235,81,813.11,2021-07-20 02:57:10,2022-09-24 19:58:56
5973,1973,171,25,494.62,2021-05-31 15:51:15,2022-02-18 08:59:35
5974,1974,132,65,420.94,2021-03-16 07:00:13,2022-01-10 10:58:02
5975,1975,319,7,70.18,2021-03-06 22:34:32,2022-09-06 09:03:32
5976,1976,407,73,426.42,2021-09-09 09:27:55,2022-11-03 17:06:57
5977,1977,375,82,114.13,2021-05-30 16:19:09,2022-04-08 10:48:18
5978,1978,28,94,838.15,2021-01-27 13:44:25,2022-04-04 19:12:26
5979,1979,160,86,344.73,2021-09-11 01:58:35,2022-05-02 18:41:50
5980,1980,445,91,163.47,2021-08-11 02:03:19,2022-06-03 23:24:49
5981,1981,307,94,129.61,2021-06-28 12:56:56,2022-06-11 21:26:39
5982,1982,300,13,433.31,2021-05-31 01:08:08,2022-05-13 21:00:36
5983,1983,199,73,573.55,2021-06-07 23:26:12,2022-03-19 10:24:19
5984,1984,497,47,98.38,2021-07-28 04:41:01,2022-08-22 03:53:30
5985,1985,375,16,992.33,2021-04-06 17:01:55,2022-05-09 03:07:28
5986,1986,88,80,639.56,2021-08-02 23:54:36,2022-03-15 02:11:56
5987,1987,283,5,105.17,2021-04-27 20:56:03,2022-08-13 00:15:22
5988,1988,485,55,538.25,2021-02-19 21:04:30,2022-06-19 13:30:22
5989,1989,6,28,515.28,2021-11-13 13:43:16,2022-12-13 12:55:23
5990,1990,266,59,319.44,2021-04-15 17:49:24,2022-07-24 13:09:08
5991,1991,416,44,218.36,2021-06-30 22:59:09,2022-05-17 05:40:28
5992,1992,284,61,673.64,2021-10-27 12:12:17,2022-04-08 13:28:19
5993,1993,67,8,445.97,2021-03-21 19:29:29,2022-01-29 13:59:43
5994,1994,383,19,399.68,2021-06-03 03:50:35,2022-06-16 12:13:23
5995,1995,444,98,803.54,2021-04-06 15:28:13,2022-02-02 06:58:11
5996,1996,413,83,43.02,2021-12-23 23:24:10,2022-03-24 11:08:15
5997,1997,96,30,682.85,2021-05-10 18:39:49,2022-01-09 02:45:55
5998,1998,86,59,740.87,2021-05-17 13:57:06,2022-06-03 09:17:29
5999,1999,499,32,141.3,2021-11-14 23:26:59,2022-08-23 01:20:28
6000,2000,211,78,138.3,2021-03-21 15:46:26,2022-08-14 13:05:40
