payment_id,order_id,payment_date,payment_method,amount,created_at,updated_at
1,56,2022-02-17 17:50:06,credit_card,205.27,2021-05-19 06:20:36,2022-06-02 16:00:45
2,880,2022-09-23 22:15:06,debit_card,9246.79,2021-03-16 01:55:16,2022-03-20 23:07:50
3,1204,2022-01-13 22:30:02,apple_pay,1129.56,2021-06-18 23:51:46,2022-07-03 12:40:38
4,299,2022-11-29 00:55:38,debit_card,8186.49,2021-01-16 15:04:11,2022-11-22 22:12:04
5,140,2022-04-18 17:50:19,debit_card,3842.89,2021-11-08 03:40:47,2022-01-16 10:34:07
6,991,2022-08-16 07:12:40,debit_card,8780.86,2021-07-11 14:03:14,2022-09-24 15:06:02
7,2233,2022-08-21 14:11:52,credit_card,7057.8,2021-06-05 02:10:43,2022-03-20 16:58:28
8,2399,2022-02-06 01:55:00,debit_card,3907.92,2021-04-10 15:05:07,2022-02-04 03:04:54
9,127,2022-08-19 15:39:23,credit_card,7775.29,2021-03-22 06:07:48,2022-12-12 13:50:35
10,496,2022-05-23 16:01:58,venmo,7342.87,2021-12-11 02:51:33,2022-02-02 08:12:37
11,813,2022-02-03 03:36:13,venmo,5896.29,2021-10-11 10:19:11,2022-10-23 02:44:49
12,530,2022-11-15 22:48:21,paypal,241.36,2021-12-12 12:49:36,2022-01-10 19:01:34
13,2258,2022-01-21 11:55:55,credit_card,3219.01,2021-09-24 23:48:13,2022-08-28 15:13:58
14,28,2022-09-27 01:55:22,venmo,5925.67,2021-06-16 01:43:44,2022-07-10 14:57:49
15,1800,2022-01-23 04:13:13,debit_card,3613.07,2021-07-20 21:59:21,2022-12-22 03:32:25
16,81,2022-12-15 16:04:02,venmo,3618.12,2021-02-15 07:43:39,2022-10-13 08:45:03
17,2428,2022-02-10 06:14:23,apple_pay,7615.07,2021-12-05 23:20:49,2022-07-28 09:00:05
18,924,2022-10-25 07:07:27,paypal,2622.5,2021-10-04 11:04:46,2022-04-24 05:11:35
19,907,2022-03-03 18:03:21,apple_pay,74.98,2021-11-29 17:31:41,2022-06-09 20:50:22
20,1612,2022-04-27 17:47:51,paypal,4540.77,2021-10-11 22:58:48,2022-08-04 21:42:57
21,1614,2022-07-23 04:57:11,venmo,5855.17,2021-08-06 00:55:57,2022-06-12 20:20:39
22,512,2022-02-20 22:37:00,venmo,3072.16,2021-05-05 13:43:48,2022-11-17 15:43:03
23,1978,2022-02-21 06:43:01,apple_pay,8218.88,2021-08-20 05:37:05,2022-11-29 03:48:27
24,1464,2022-03-23 23:00:29,apple_pay,3419.97,2021-05-23 03:17:35,2022-07-19 14:03:23
25,1443,2022-07-08 22:50:25,debit_card,9700.82,2021-09-28 09:45:25,2022-07-12 21:13:51
26,1280,2022-06-07 20:34:12,venmo,5554.91,2021-10-21 05:52:17,2022-01-24 10:37:09
27,2877,2022-09-13 17:38:34,venmo,5414.0,2021-12-08 17:42:39,2022-09-12 18:45:41
28,92,2022-02-13 02:54:47,apple_pay,8861.27,2021-01-05 07:22:25,2022-11-23 01:16:39
29,1106,2022-11-11 03:20:15,apple_pay,6179.71,2021-02-24 06:45:27,2022-01-15 17:40:45
30,2554,2022-08-29 05:50:08,credit_card,7339.4,2021-01-17 12:20:49,2022-07-04 00:47:09
31,2069,2022-07-09 14:45:37,venmo,4483.42,2021-10-28 18:28:15,2022-11-22 12:58:09
32,1457,2022-07-16 13:25:49,debit_card,3241.04,2021-04-22 05:55:03,2022-11-13 02:10:19
33,2976,2022-07-16 06:13:15,debit_card,810.66,2021-04-02 20:11:24,2022-09-21 13:13:09
34,2300,2022-10-31 02:04:31,apple_pay,2881.55,2021-03-13 02:28:13,2022-11-20 01:48:08
35,1624,2022-05-23 06:40:13,debit_card,2994.54,2021-08-15 10:12:16,2022-08-28 00:46:10
36,1603,2022-08-31 14:41:03,credit_card,9780.98,2021-06-25 09:09:48,2022-02-02 00:23:22
37,2844,2022-03-09 12:29:22,apple_pay,2302.8,2021-04-11 03:26:12,2022-04-24 00:15:31
38,2501,2022-10-09 05:52:14,apple_pay,1910.56,2021-01-27 04:57:01,2022-11-29 20:38:29
39,2607,2022-03-02 16:43:01,credit_card,6329.47,2021-07-28 09:20:54,2022-06-04 20:28:28
40,643,2022-09-09 16:23:50,debit_card,1208.87,2021-02-14 13:56:21,2022-04-14 10:09:42
41,998,2022-01-29 13:16:32,paypal,1266.18,2021-07-18 00:14:51,2022-02-07 07:38:12
42,2378,2022-03-25 04:50:27,venmo,5436.29,2021-11-22 09:34:14,2022-04-07 15:11:20
43,1609,2022-10-10 14:23:25,paypal,9836.06,2021-10-22 17:28:45,2022-08-25 20:45:53
44,1498,2022-07-25 21:41:50,debit_card,2675.34,2021-11-08 07:17:41,2022-03-15 10:29:22
45,1113,2022-03-10 06:15:40,credit_card,620.29,2021-06-08 10:42:25,2022-10-17 23:46:36
46,2909,2022-07-01 07:24:06,paypal,9770.19,2021-12-06 11:23:49,2022-02-20 16:56:58
47,2260,2022-06-12 09:50:59,paypal,9725.06,2021-05-19 15:19:19,2022-05-09 14:32:04
48,1942,2022-09-11 02:22:25,venmo,1505.87,2021-02-22 03:46:36,2022-07-14 02:55:08
49,940,2022-11-08 09:48:32,credit_card,7176.16,2021-05-05 01:58:00,2022-05-25 17:28:37
50,2504,2022-09-10 17:22:44,venmo,3961.6,2021-08-07 21:05:18,2022-06-21 14:46:49
51,1740,2022-12-14 11:39:53,credit_card,9882.18,2021-07-16 18:47:59,2022-08-22 22:45:47
52,855,2022-11-01 13:00:10,credit_card,2141.01,2021-12-27 17:45:54,2022-01-18 01:45:49
53,2635,2022-06-24 06:34:12,credit_card,9381.67,2021-04-03 03:14:21,2022-11-26 11:24:31
54,2458,2022-04-16 12:14:13,debit_card,9777.22,2021-10-22 02:48:53,2022-01-23 14:08:19
55,1910,2022-10-10 17:39:59,apple_pay,1986.83,2021-04-13 18:35:32,2022-05-14 15:04:43
56,549,2022-04-24 12:58:50,paypal,4273.31,2021-04-23 07:51:01,2022-10-05 16:23:26
57,446,2022-10-02 00:20:26,credit_card,51.25,2021-10-04 22:49:59,2022-09-24 14:21:36
58,2758,2022-07-02 21:27:14,credit_card,6609.8,2021-12-22 16:11:27,2022-03-29 06:08:51
59,2051,2022-08-12 10:13:20,debit_card,4519.47,2021-09-25 20:03:29,2022-10-02 17:27:25
60,2989,2022-07-08 12:30:12,debit_card,570.06,2021-09-10 05:23:18,2022-06-27 19:13:55
61,1911,2022-11-20 06:38:42,apple_pay,123.63,2021-10-17 13:20:52,2022-10-23 00:06:21
62,2768,2022-12-28 05:45:54,venmo,3581.79,2021-11-03 21:25:27,2022-09-11 17:46:21
63,778,2022-12-02 20:34:31,venmo,9251.64,2021-08-20 06:48:14,2022-02-07 04:24:52
64,907,2022-06-24 12:30:35,apple_pay,7746.68,2021-10-25 20:16:45,2022-11-05 15:29:35
65,2483,2022-02-22 18:14:57,apple_pay,9755.23,2021-08-14 04:51:12,2022-02-24 16:05:21
66,2928,2022-08-07 17:36:22,venmo,5058.06,2021-09-08 03:48:56,2022-11-07 21:01:51
67,2969,2022-09-15 10:06:23,venmo,1948.82,2021-07-13 10:26:09,2022-04-07 15:12:25
68,1872,2022-02-15 22:21:10,debit_card,1054.4,2021-11-09 01:23:03,2022-01-10 18:46:22
69,2785,2022-11-15 10:44:36,debit_card,8488.51,2021-03-24 03:32:50,2022-11-07 09:33:35
70,1389,2022-10-31 15:50:31,paypal,1090.96,2021-08-26 06:51:42,2022-11-09 20:13:41
71,2274,2022-06-05 12:40:13,credit_card,3150.9,2021-12-05 10:04:16,2022-06-19 03:17:39
72,2436,2022-03-15 07:43:35,credit_card,5216.14,2021-11-10 19:00:55,2022-07-10 19:33:55
73,1032,2022-01-26 14:00:16,apple_pay,3483.91,2021-06-08 23:02:07,2022-11-03 08:43:21
74,1964,2022-10-27 19:52:14,venmo,6200.9,2021-02-26 21:33:02,2022-03-06 23:36:12
75,1160,2022-10-03 04:06:26,credit_card,9598.77,2021-06-28 03:53:57,2022-12-22 11:09:45
76,1139,2022-03-22 15:36:22,apple_pay,7203.86,2021-02-13 15:13:04,2022-06-26 10:12:59
77,870,2022-12-11 03:22:46,credit_card,1225.05,2021-08-17 15:15:11,2022-02-06 08:05:23
78,2731,2022-12-27 10:10:52,apple_pay,8187.98,2021-04-15 13:38:26,2022-05-06 18:37:31
79,314,2022-04-21 18:21:35,venmo,9126.92,2021-06-14 17:39:34,2022-03-03 18:37:56
80,2327,2022-08-09 23:29:01,venmo,320.79,2021-03-29 01:52:41,2022-08-12 21:08:18
81,1797,2022-09-08 05:27:04,paypal,2017.39,2021-05-14 00:18:43,2022-03-07 16:54:16
82,2266,2022-05-18 18:46:41,venmo,9038.24,2021-11-12 05:11:50,2022-05-04 02:02:21
83,628,2022-01-07 04:44:04,apple_pay,3839.26,2021-01-27 09:44:05,2022-03-19 13:36:09
84,2888,2022-12-05 00:13:29,debit_card,5913.69,2021-10-15 10:30:13,2022-06-22 08:52:54
85,1205,2022-02-04 08:08:55,venmo,3645.34,2021-07-30 09:02:39,2022-11-13 10:49:57
86,2965,2022-07-17 20:13:29,debit_card,4997.17,2021-01-28 12:38:54,2022-02-02 10:45:42
87,2001,2022-11-21 23:19:08,venmo,7524.43,2021-04-17 21:49:29,2022-08-19 22:04:52
88,1180,2022-05-25 23:13:19,credit_card,2239.14,2021-04-24 06:06:20,2022-02-04 23:04:48
89,2673,2022-01-14 23:58:08,apple_pay,2738.93,2021-04-20 04:19:46,2022-09-16 02:34:21
90,1373,2022-10-13 14:42:26,venmo,8528.35,2021-10-31 07:00:02,2022-02-07 12:01:03
91,215,2022-01-14 22:27:19,debit_card,4324.96,2021-03-01 02:58:28,2022-12-09 19:44:23
92,2313,2022-03-12 23:01:59,credit_card,9729.13,2021-05-19 14:24:34,2022-05-27 00:59:37
93,1055,2022-05-07 00:11:52,venmo,7478.55,2021-06-19 11:43:38,2022-01-24 07:21:28
94,260,2022-03-30 06:36:08,venmo,2254.46,2021-05-31 19:33:44,2022-09-09 10:38:44
95,2863,2022-03-20 20:35:04,apple_pay,9160.02,2021-03-25 17:43:59,2022-09-19 07:58:53
96,1834,2022-09-17 13:03:19,debit_card,8230.04,2021-07-04 03:41:43,2022-09-21 02:09:17
97,1340,2022-07-22 16:23:32,apple_pay,8362.09,2021-10-28 01:45:20,2022-01-15 19:00:46
98,2570,2022-10-30 19:09:08,venmo,8362.35,2021-08-09 14:42:29,2022-05-24 11:44:18
99,1929,2022-08-02 07:51:00,apple_pay,9796.61,2021-01-16 10:45:30,2022-03-10 12:20:06
100,364,2022-03-28 08:19:44,apple_pay,4151.37,2021-09-20 14:50:13,2022-04-03 09:09:39
101,1893,2022-12-04 03:44:18,debit_card,9650.93,2021-09-01 17:38:30,2022-10-14 00:43:13
102,2553,2022-09-18 01:30:46,debit_card,3430.97,2021-05-26 15:16:07,2022-05-08 03:04:59
103,2987,2022-04-20 01:05:13,venmo,7328.91,2021-02-02 04:58:15,2022-07-08 13:30:35
104,684,2022-03-16 17:47:54,credit_card,212.02,2021-03-10 02:48:33,2022-05-06 17:52:01
105,212,2022-05-14 02:39:25,credit_card,8004.34,2021-05-30 10:10:30,2022-12-13 02:50:17
106,2023,2022-09-19 12:46:17,venmo,7663.15,2021-10-19 15:59:19,2022-04-21 12:29:16
107,781,2022-11-17 07:45:52,apple_pay,9530.49,2021-01-11 06:33:59,2022-04-08 11:04:39
108,2445,2022-01-17 20:06:44,debit_card,3117.57,2021-05-23 13:48:40,2022-02-09 17:45:10
109,651,2022-10-06 17:57:19,venmo,2997.44,2021-12-25 20:35:49,2022-06-04 02:51:36
110,1149,2022-07-20 18:29:17,apple_pay,7682.65,2021-05-30 20:34:15,2022-10-26 04:12:38
111,2537,2022-11-18 22:01:57,paypal,235.29,2021-04-01 14:22:23,2022-03-21 04:41:42
112,2563,2022-04-01 18:27:05,venmo,7623.67,2021-12-15 00:07:31,2022-03-15 06:16:36
113,2551,2022-05-11 09:46:15,debit_card,2157.65,2021-06-15 17:28:32,2022-05-15 15:04:53
114,1072,2022-09-04 12:14:47,debit_card,2194.81,2021-08-09 09:18:45,2022-11-14 02:51:23
115,2199,2022-07-17 01:24:22,paypal,4991.39,2021-03-25 09:43:36,2022-08-25 08:08:58
116,2526,2022-04-23 21:16:52,credit_card,8671.98,2021-03-12 04:31:48,2022-03-13 13:59:45
117,1610,2022-11-11 02:58:20,credit_card,7390.63,2021-05-09 12:39:14,2022-04-05 10:47:19
118,1294,2022-04-30 16:30:23,paypal,885.86,2021-12-03 12:02:13,2022-10-19 12:24:05
119,2029,2022-09-23 03:25:21,apple_pay,358.78,2021-08-20 16:43:12,2022-04-17 00:33:02
120,921,2022-03-29 17:52:50,credit_card,9813.41,2021-06-14 12:56:27,2022-07-01 07:15:14
121,1282,2022-12-26 14:40:33,debit_card,6722.0,2021-03-29 08:38:50,2022-12-04 14:19:32
122,653,2022-01-05 22:40:32,debit_card,9935.93,2021-06-09 15:22:22,2022-03-30 11:27:43
123,2167,2022-01-19 15:04:22,apple_pay,7825.69,2021-04-21 18:37:28,2022-11-11 05:28:13
124,1669,2022-01-26 10:17:27,apple_pay,4073.63,2021-02-08 13:26:07,2022-04-21 03:29:41
125,167,2022-12-11 11:29:03,venmo,9548.1,2021-02-19 22:46:50,2022-09-17 11:42:06
126,1650,2022-10-09 04:09:42,paypal,3203.17,2021-03-22 07:33:24,2022-12-18 00:45:58
127,2329,2022-01-16 04:05:27,credit_card,1895.56,2021-05-07 00:53:53,2022-11-07 16:00:38
128,835,2022-08-26 07:14:40,venmo,7162.09,2021-11-20 18:52:44,2022-04-14 01:34:46
129,1150,2022-08-01 02:15:25,apple_pay,8939.98,2021-08-19 01:34:10,2022-07-30 21:03:00
130,1495,2022-09-11 20:40:47,paypal,4540.82,2021-06-29 18:00:02,2022-11-20 18:09:23
131,2141,2022-12-29 01:55:00,paypal,2983.41,2021-06-22 21:17:02,2022-03-05 17:04:25
132,2059,2022-08-19 05:53:06,apple_pay,6039.44,2021-02-12 09:30:34,2022-04-20 18:10:59
133,1993,2022-01-14 21:08:53,paypal,3528.74,2021-01-03 04:28:06,2022-08-21 07:33:28
134,2238,2022-10-26 12:15:59,credit_card,8747.83,2021-04-20 01:49:02,2022-12-16 17:23:09
135,2418,2022-04-27 06:33:52,apple_pay,8590.19,2021-02-24 23:54:05,2022-10-20 07:40:54
136,309,2022-03-10 00:34:06,apple_pay,7941.22,2021-12-20 10:41:52,2022-07-05 10:45:47
137,1157,2022-01-14 19:55:50,paypal,1382.04,2021-05-04 14:53:45,2022-05-05 00:21:58
138,655,2022-09-27 14:18:34,paypal,1462.07,2021-10-31 20:25:38,2022-12-18 01:48:08
139,912,2022-07-21 16:35:11,paypal,1043.88,2021-07-21 15:46:14,2022-07-16 23:30:46
140,513,2022-02-18 17:51:25,paypal,1971.63,2021-01-12 16:24:17,2022-03-02 13:41:19
141,2766,2022-05-17 15:26:43,debit_card,1954.22,2021-03-17 11:31:48,2022-04-27 06:16:32
142,2233,2022-10-06 03:19:37,credit_card,9178.72,2021-10-24 19:45:51,2022-12-12 08:14:02
143,2990,2022-05-15 18:42:08,apple_pay,1280.41,2021-08-07 10:41:19,2022-06-08 15:12:37
144,1178,2022-10-30 19:41:49,venmo,1092.56,2021-03-18 11:12:19,2022-12-06 18:24:55
145,2810,2022-06-22 18:40:32,debit_card,5954.91,2021-07-03 16:23:56,2022-05-16 15:57:51
146,2047,2022-08-03 06:04:08,venmo,8827.18,2021-02-10 10:08:34,2022-05-15 12:41:07
147,946,2022-08-16 21:46:55,venmo,8338.96,2021-12-27 15:27:04,2022-07-01 11:46:01
148,1891,2022-10-20 15:17:30,debit_card,9496.65,2021-08-18 00:55:41,2022-03-24 11:25:09
149,1539,2022-03-09 03:26:37,debit_card,2892.07,2021-12-13 01:44:24,2022-10-26 12:18:13
150,9,2022-12-15 02:49:42,apple_pay,9428.84,2021-10-03 20:58:19,2022-03-17 19:53:25
151,1220,2022-02-12 17:48:25,debit_card,7106.8,2021-08-19 21:08:57,2022-12-13 02:22:16
152,1996,2022-06-26 11:47:38,venmo,6306.51,2021-04-02 10:44:06,2022-10-26 05:02:32
153,761,2022-04-25 22:58:46,venmo,9383.37,2021-10-04 12:29:08,2022-09-28 12:43:33
154,1534,2022-12-24 14:22:14,apple_pay,7985.4,2021-01-22 08:53:25,2022-08-31 23:31:33
155,1834,2022-06-21 02:09:18,apple_pay,8348.6,2021-07-20 05:59:13,2022-09-05 05:19:55
156,2333,2022-05-19 00:22:24,credit_card,3815.94,2021-03-18 09:26:25,2022-12-23 12:12:19
157,1250,2022-08-21 14:54:32,credit_card,8990.93,2021-04-01 19:38:58,2022-04-25 07:11:11
158,7,2022-10-08 18:46:18,venmo,3481.98,2021-02-16 10:54:41,2022-06-06 17:53:36
159,1707,2022-01-12 17:12:45,credit_card,2016.12,2021-10-21 16:28:26,2022-04-07 04:21:34
160,1304,2022-08-30 16:28:41,venmo,2990.89,2021-02-19 01:05:38,2022-09-04 17:52:07
161,1827,2022-03-16 05:32:34,paypal,7598.77,2021-01-21 07:44:03,2022-09-28 05:15:12
162,2812,2022-11-08 15:00:10,apple_pay,9181.58,2021-03-03 07:01:52,2022-09-26 03:39:11
163,292,2022-01-26 01:17:02,apple_pay,2083.65,2021-10-15 05:56:51,2022-06-22 17:39:14
164,2690,2022-08-26 11:14:15,apple_pay,8642.77,2021-11-13 09:31:56,2022-01-28 21:52:24
165,1969,2022-10-24 06:52:34,credit_card,2801.27,2021-03-18 08:24:44,2022-01-28 11:30:16
166,2471,2022-01-20 14:48:39,paypal,4758.81,2021-03-31 16:26:22,2022-03-22 17:02:12
167,1717,2022-11-02 20:31:36,paypal,3043.59,2021-03-26 14:54:21,2022-04-30 22:12:32
168,701,2022-09-16 00:29:01,credit_card,7031.52,2021-05-01 05:05:52,2022-12-23 20:11:04
169,892,2022-06-09 15:11:57,venmo,3541.74,2021-04-04 17:46:55,2022-08-29 06:50:33
170,2104,2022-04-04 15:10:45,credit_card,5476.99,2021-04-03 06:28:42,2022-12-04 18:34:41
171,2695,2022-10-30 10:12:45,venmo,9472.35,2021-01-13 15:55:28,2022-01-28 09:26:39
172,2946,2022-11-26 08:19:45,paypal,76.76,2021-01-11 08:52:09,2022-11-03 13:27:58
173,398,2022-04-19 00:20:10,apple_pay,9412.64,2021-03-10 23:39:46,2022-09-28 07:20:54
174,1641,2022-10-20 03:01:21,apple_pay,4979.72,2021-12-06 00:23:26,2022-09-16 19:43:39
175,364,2022-03-31 21:14:28,paypal,6487.63,2021-06-17 20:50:51,2022-01-12 05:24:08
176,220,2022-09-30 11:32:14,apple_pay,3499.35,2021-08-13 18:49:22,2022-10-21 00:53:56
177,1927,2022-01-11 06:40:49,venmo,790.28,2021-05-04 11:24:40,2022-09-28 06:26:58
178,1384,2022-12-22 09:26:50,credit_card,3517.14,2021-06-05 13:59:21,2022-08-08 19:20:10
179,569,2022-07-24 17:31:28,credit_card,7241.53,2021-04-26 21:32:48,2022-11-11 06:41:23
180,2438,2022-05-27 15:46:48,debit_card,773.68,2021-02-03 12:22:58,2022-11-04 04:11:21
181,72,2022-03-21 13:47:55,debit_card,2369.37,2021-07-21 09:44:36,2022-05-08 07:37:43
182,207,2022-04-21 23:18:18,apple_pay,8958.64,2021-01-17 06:56:20,2022-01-22 17:06:18
183,2781,2022-03-06 09:11:37,debit_card,1581.91,2021-03-06 05:18:04,2022-02-24 08:28:13
184,269,2022-09-18 11:24:59,credit_card,994.57,2021-07-18 00:14:15,2022-01-19 10:16:54
185,2384,2022-07-07 20:51:41,credit_card,1321.52,2021-04-25 02:24:46,2022-07-23 06:21:00
186,208,2022-09-12 12:36:11,venmo,6563.65,2021-11-28 18:12:48,2022-01-24 04:52:29
187,440,2022-04-17 20:13:15,debit_card,9406.88,2021-02-06 02:16:12,2022-01-26 09:05:15
188,1253,2022-05-31 21:45:17,venmo,3806.7,2021-06-27 11:58:38,2022-09-30 06:32:48
189,1254,2022-04-09 21:43:14,apple_pay,3873.18,2021-04-02 01:13:40,2022-09-05 02:57:00
190,2726,2022-04-04 11:19:53,debit_card,3402.37,2021-10-30 11:52:49,2022-01-24 23:59:58
191,2734,2022-09-13 20:51:19,debit_card,1382.9,2021-03-28 09:50:33,2022-08-17 10:28:56
192,703,2022-02-22 18:24:29,debit_card,3875.99,2021-11-05 16:05:49,2022-11-26 21:37:11
193,44,2022-07-31 13:07:10,venmo,9563.92,2021-02-28 18:52:39,2022-11-18 02:05:13
194,1795,2022-06-10 14:38:07,venmo,4459.85,2021-12-03 23:56:51,2022-07-20 00:34:43
195,387,2022-08-13 20:50:52,apple_pay,7753.55,2021-06-20 04:58:53,2022-08-05 12:33:01
196,2322,2022-03-04 00:37:02,paypal,8186.03,2021-11-30 13:03:23,2022-06-26 20:53:18
197,1268,2022-12-03 12:07:53,paypal,5347.47,2021-08-16 09:20:13,2022-01-17 06:06:33
198,2435,2022-01-05 21:55:54,credit_card,3815.73,2021-10-26 00:09:08,2022-09-27 07:46:28
199,2337,2022-07-26 19:48:55,credit_card,2084.4,2021-08-01 18:22:42,2022-06-16 17:22:13
200,2673,2022-06-04 01:08:55,paypal,6385.36,2021-03-31 21:20:19,2022-07-03 13:13:30
201,2726,2022-09-06 01:56:02,apple_pay,5302.36,2021-08-28 10:02:08,2022-06-10 04:17:27
202,2150,2022-09-01 14:24:14,paypal,9030.14,2021-10-24 06:57:04,2022-12-07 17:01:35
203,2816,2022-12-29 00:56:38,venmo,8903.16,2021-07-30 07:48:54,2022-03-02 02:17:53
204,1129,2022-12-02 21:37:50,apple_pay,8384.46,2021-12-04 11:42:18,2022-03-30 13:33:30
205,240,2022-12-15 22:10:18,apple_pay,2891.44,2021-04-26 13:27:46,2022-09-06 20:38:32
206,1649,2022-06-18 17:37:00,debit_card,1666.59,2021-02-04 20:14:21,2022-04-03 16:43:46
207,415,2022-03-29 12:17:49,venmo,2983.51,2021-03-23 12:49:13,2022-03-07 10:14:17
208,1431,2022-12-29 09:47:13,venmo,7564.73,2021-12-13 20:27:19,2022-07-22 00:28:02
209,817,2022-08-18 23:37:04,debit_card,8374.93,2021-05-15 21:56:51,2022-02-06 11:06:21
210,1907,2022-01-05 16:36:38,paypal,7166.23,2021-04-01 16:46:28,2022-10-12 20:14:02
211,1937,2022-09-22 11:07:32,venmo,9183.96,2021-03-29 08:00:26,2022-10-27 23:09:47
212,765,2022-09-14 15:57:11,credit_card,1669.11,2021-08-01 13:55:00,2022-04-04 17:01:04
213,882,2022-10-11 00:16:52,debit_card,922.78,2021-12-25 10:09:47,2022-02-25 06:52:13
214,1207,2022-11-12 02:52:40,venmo,3803.28,2021-09-20 04:47:13,2022-08-07 03:20:06
215,2931,2022-01-12 15:01:36,debit_card,5720.47,2021-12-03 01:11:31,2022-07-19 17:27:43
216,633,2022-09-22 12:20:14,venmo,3345.03,2021-11-07 20:30:22,2022-04-10 11:38:47
217,772,2022-09-23 15:02:34,credit_card,9932.01,2021-12-19 14:54:18,2022-08-14 17:58:18
218,185,2022-10-16 23:59:32,paypal,8482.62,2021-01-24 01:23:28,2022-09-17 12:46:09
219,1119,2022-10-04 16:22:19,apple_pay,7034.09,2021-06-25 12:25:08,2022-02-04 00:37:49
220,1985,2022-06-18 22:03:11,debit_card,7712.47,2021-07-19 22:07:44,2022-12-06 07:03:13
221,2947,2022-03-23 07:57:01,apple_pay,1137.24,2021-12-20 01:56:18,2022-06-13 23:47:02
222,450,2022-10-30 03:36:18,venmo,785.88,2021-04-27 17:01:13,2022-03-02 10:09:42
223,1113,2022-12-24 21:20:15,venmo,6448.3,2021-05-15 17:03:16,2022-07-29 10:14:19
224,2235,2022-10-15 02:22:26,apple_pay,4008.32,2021-01-18 14:20:02,2022-07-26 17:50:10
225,1366,2022-12-28 04:57:13,credit_card,1591.29,2021-09-15 13:13:33,2022-04-28 19:40:53
226,2154,2022-02-16 07:12:18,paypal,8465.06,2021-11-11 17:38:45,2022-08-23 21:44:57
227,134,2022-03-02 15:45:48,paypal,3747.25,2021-12-26 17:40:42,2022-08-25 06:27:43
228,64,2022-04-21 03:10:18,apple_pay,307.92,2021-04-02 16:56:32,2022-03-11 02:29:19
229,849,2022-03-08 14:03:25,apple_pay,4028.91,2021-08-24 12:20:22,2022-02-06 03:46:41
230,1190,2022-11-08 04:02:20,venmo,3953.41,2021-08-01 18:11:33,2022-10-24 10:54:10
231,1374,2022-12-23 19:45:43,credit_card,6046.67,2021-03-23 11:16:25,2022-04-05 13:57:28
232,2526,2022-08-03 11:45:21,debit_card,3081.13,2021-03-28 08:03:03,2022-06-28 12:15:31
233,2389,2022-05-16 13:32:43,venmo,448.66,2021-12-08 10:14:04,2022-12-02 07:50:45
234,1886,2022-02-28 03:06:32,credit_card,7755.01,2021-01-29 14:17:35,2022-10-25 16:56:41
235,1495,2022-06-18 23:19:55,apple_pay,595.12,2021-01-18 11:37:33,2022-09-21 21:22:29
236,456,2022-07-06 23:22:51,debit_card,6510.98,2021-11-29 09:59:00,2022-07-11 16:24:22
237,259,2022-11-23 18:12:51,debit_card,5007.24,2021-04-01 16:52:06,2022-05-01 18:56:10
238,2684,2022-03-17 18:52:17,paypal,4724.83,2021-12-15 06:02:50,2022-08-10 18:05:52
239,806,2022-07-29 23:03:21,apple_pay,9798.1,2021-05-26 03:56:19,2022-12-23 00:04:08
240,1308,2022-12-13 13:40:25,credit_card,2648.35,2021-02-25 17:32:58,2022-02-18 03:05:11
241,1246,2022-12-09 22:48:39,credit_card,3044.99,2021-08-06 13:07:36,2022-05-01 11:31:33
242,168,2022-08-21 07:14:44,apple_pay,2835.95,2021-11-03 03:32:35,2022-09-15 15:56:26
243,1999,2022-04-01 10:30:26,venmo,1932.49,2021-08-25 10:39:56,2022-09-26 20:34:26
244,1328,2022-08-01 17:52:25,paypal,7080.86,2021-11-25 21:32:31,2022-11-27 19:28:29
245,1022,2022-12-14 22:30:25,venmo,484.56,2021-04-17 19:35:03,2022-11-27 05:25:23
246,2496,2022-11-09 04:13:35,debit_card,8382.61,2021-10-08 16:36:08,2022-01-26 08:24:13
247,414,2022-01-08 05:33:26,venmo,8636.21,2021-04-13 08:46:20,2022-09-07 10:03:49
248,763,2022-10-09 01:47:45,apple_pay,60.8,2021-05-07 05:16:38,2022-01-03 17:39:09
249,2094,2022-06-08 04:58:30,debit_card,6478.24,2021-07-09 06:28:20,2022-03-21 23:21:15
250,1097,2022-04-01 14:53:08,paypal,5297.15,2021-09-22 04:34:55,2022-02-06 01:21:59
251,2336,2022-06-05 01:54:47,venmo,158.51,2021-05-31 07:38:42,2022-12-10 22:48:07
252,2791,2022-07-17 14:06:44,debit_card,1995.99,2021-04-10 11:42:22,2022-01-20 09:44:29
253,1165,2022-02-06 10:27:25,paypal,2334.02,2021-03-24 19:39:56,2022-01-31 10:31:01
254,756,2022-12-17 11:30:25,paypal,8790.14,2021-06-01 14:24:33,2022-05-26 02:26:25
255,2285,2022-02-23 05:36:14,debit_card,5443.98,2021-09-22 15:29:52,2022-09-02 06:29:31
256,1540,2022-08-30 12:20:20,apple_pay,3553.6,2021-12-08 14:04:52,2022-09-17 23:41:04
257,1542,2022-09-03 05:44:40,venmo,8208.28,2021-06-25 10:28:41,2022-06-28 05:18:12
258,415,2022-12-08 11:08:37,credit_card,3675.75,2021-10-05 13:56:28,2022-09-26 06:13:29
259,2691,2022-12-18 20:27:16,paypal,7324.36,2021-02-06 00:14:52,2022-04-23 03:35:22
260,2110,2022-02-01 17:41:58,debit_card,4124.11,2021-11-05 22:22:45,2022-04-15 00:44:00
261,2559,2022-06-29 14:17:13,apple_pay,6256.16,2021-05-22 00:27:13,2022-07-16 15:28:44
262,2030,2022-05-29 09:46:15,paypal,199.43,2021-08-12 13:01:43,2022-10-15 16:47:07
263,1388,2022-03-11 17:13:05,venmo,5448.65,2021-03-18 16:21:42,2022-04-11 08:05:54
264,2236,2022-03-13 07:29:56,debit_card,86.8,2021-03-28 10:38:01,2022-05-16 03:59:03
265,1415,2022-02-27 09:07:16,debit_card,2910.29,2021-12-15 08:21:47,2022-05-04 16:16:50
266,526,2022-10-03 05:36:38,venmo,4136.5,2021-01-09 20:50:52,2022-08-01 19:44:23
267,948,2022-04-18 04:09:50,debit_card,1817.26,2021-10-07 19:28:41,2022-10-08 08:07:51
268,193,2022-01-06 22:52:56,apple_pay,5895.96,2021-09-30 10:19:32,2022-02-02 04:34:55
269,2615,2022-07-27 12:54:06,debit_card,3827.76,2021-12-10 14:19:37,2022-01-24 14:52:08
270,1032,2022-11-02 16:16:17,debit_card,7008.51,2021-02-23 10:03:30,2022-03-20 16:17:06
271,2707,2022-08-15 07:57:06,credit_card,3029.94,2021-12-21 04:30:36,2022-05-05 00:53:30
272,2354,2022-05-18 22:21:58,venmo,5109.82,2021-02-03 04:05:58,2022-07-22 06:57:24
273,2553,2022-10-09 01:13:00,venmo,3368.29,2021-02-03 22:14:41,2022-10-03 21:43:25
274,2255,2022-08-06 19:07:06,venmo,3975.39,2021-01-19 00:06:37,2022-07-18 16:35:13
275,1931,2022-11-08 09:57:01,venmo,2441.75,2021-08-27 20:37:48,2022-08-09 07:05:19
276,2769,2022-04-02 01:32:22,apple_pay,5122.95,2021-02-14 22:52:44,2022-07-15 23:37:35
277,182,2022-08-03 03:40:25,paypal,383.5,2021-11-06 04:33:13,2022-08-28 05:32:16
278,2078,2022-03-11 07:01:23,apple_pay,8372.17,2021-07-25 21:41:26,2022-05-31 16:57:19
279,2398,2022-07-06 02:21:50,paypal,8821.84,2021-12-06 12:57:23,2022-02-13 15:21:37
280,2753,2022-06-30 09:53:48,apple_pay,4905.83,2021-02-03 17:42:18,2022-02-14 17:28:32
281,467,2022-12-24 04:53:40,debit_card,9968.37,2021-08-22 19:24:55,2022-05-26 03:12:48
282,1642,2022-11-18 05:11:22,apple_pay,8393.18,2021-10-21 20:50:37,2022-08-02 23:44:45
283,207,2022-06-17 21:57:55,apple_pay,9765.62,2021-03-28 19:29:19,2022-01-19 21:53:31
284,2930,2022-12-06 01:54:09,apple_pay,5921.32,2021-06-01 07:38:50,2022-06-29 04:36:13
285,1129,2022-04-30 20:39:07,apple_pay,561.24,2021-09-11 21:15:25,2022-11-24 09:45:55
286,2302,2022-03-27 11:16:16,venmo,9254.93,2021-02-11 01:21:30,2022-02-09 15:21:10
287,2804,2022-05-31 00:29:16,credit_card,7443.37,2021-10-19 07:50:41,2022-11-24 08:48:16
288,1200,2022-03-19 12:14:33,paypal,5416.56,2021-05-23 14:51:46,2022-06-16 21:59:46
289,1575,2022-09-10 10:23:52,credit_card,9967.54,2021-01-30 00:08:33,2022-03-19 17:56:03
290,214,2022-05-16 00:41:06,venmo,8048.85,2021-11-24 05:17:13,2022-12-02 13:23:10
291,2959,2022-04-12 00:58:44,paypal,8764.48,2021-01-30 00:49:33,2022-09-21 02:16:49
292,1522,2022-05-22 11:50:25,apple_pay,7207.8,2021-04-30 06:15:54,2022-07-15 13:50:46
293,1283,2022-08-23 00:07:13,apple_pay,5359.44,2021-03-22 00:10:37,2022-02-06 04:34:31
294,1975,2022-01-30 02:33:44,debit_card,573.28,2021-07-19 12:45:09,2022-10-19 16:48:37
295,2102,2022-06-17 13:50:01,apple_pay,1477.15,2021-09-02 18:29:14,2022-08-10 20:03:36
296,836,2022-09-23 06:18:44,apple_pay,819.36,2021-08-14 08:12:49,2022-12-18 16:21:24
297,877,2022-10-05 10:43:35,apple_pay,4421.1,2021-11-16 19:06:29,2022-10-02 01:41:22
298,1561,2022-07-04 18:50:24,apple_pay,764.4,2021-03-06 13:29:38,2022-05-25 07:02:37
299,801,2022-06-01 07:43:49,apple_pay,1538.92,2021-05-14 12:49:04,2022-07-27 22:03:07
300,408,2022-12-15 15:56:12,credit_card,2415.72,2021-12-08 14:38:36,2022-02-05 11:24:02
301,1425,2022-04-15 14:32:09,credit_card,6818.1,2021-05-17 16:57:41,2022-06-06 11:57:49
302,1043,2022-12-29 13:10:46,credit_card,5734.84,2021-10-21 12:04:29,2022-03-07 10:25:23
303,1211,2022-11-27 23:58:02,venmo,9912.39,2021-05-28 13:49:57,2022-04-03 14:54:38
304,2711,2022-09-08 08:42:40,credit_card,4864.42,2021-10-27 23:58:28,2022-04-21 20:25:11
305,1286,2022-08-22 15:22:01,venmo,9076.23,2021-07-28 03:22:34,2022-01-23 04:02:56
306,2477,2022-09-29 22:38:21,debit_card,5492.49,2021-03-14 04:58:53,2022-11-12 23:52:00
307,1891,2022-09-24 00:08:20,paypal,2058.78,2021-07-23 13:35:37,2022-09-21 00:29:19
308,123,2022-05-28 22:35:38,paypal,261.43,2021-01-14 22:50:44,2022-05-31 18:56:42
309,1082,2022-05-28 19:13:55,paypal,7856.21,2021-11-15 02:51:44,2022-01-06 17:17:24
310,1699,2022-11-28 15:40:00,credit_card,4584.48,2021-01-20 11:14:08,2022-11-20 07:13:37
311,1447,2022-06-18 06:35:17,debit_card,3943.31,2021-07-13 06:58:03,2022-03-20 23:34:15
312,460,2022-03-31 02:26:07,paypal,5398.16,2021-10-08 18:56:16,2022-09-21 13:06:16
313,188,2022-05-12 10:24:34,paypal,1256.78,2021-10-11 06:24:06,2022-11-18 08:02:38
314,2868,2022-08-11 03:26:06,apple_pay,3686.98,2021-04-10 15:10:08,2022-10-13 10:50:11
315,364,2022-03-09 07:59:24,credit_card,4402.99,2021-07-13 21:50:40,2022-06-22 21:37:18
316,245,2022-06-19 20:19:31,debit_card,1182.97,2021-02-21 05:04:06,2022-11-07 06:34:25
317,1061,2022-01-16 10:39:07,apple_pay,3866.54,2021-07-05 09:15:22,2022-11-18 12:52:43
318,1709,2022-02-03 09:28:18,apple_pay,8520.61,2021-12-13 01:55:09,2022-11-21 20:07:42
319,1416,2022-05-20 17:27:03,paypal,9190.41,2021-04-28 06:05:44,2022-09-21 16:05:21
320,281,2022-04-25 00:22:00,debit_card,9202.54,2021-02-01 18:03:13,2022-07-11 20:48:57
321,325,2022-07-07 07:32:26,venmo,6269.69,2021-12-07 19:07:26,2022-08-31 10:15:55
322,1832,2022-02-09 10:25:30,credit_card,9624.4,2021-04-20 07:50:55,2022-12-03 12:09:06
323,1095,2022-10-15 06:19:29,apple_pay,4634.14,2021-02-02 09:23:04,2022-05-03 20:25:20
324,691,2022-04-21 13:35:41,credit_card,8952.38,2021-06-11 00:17:57,2022-08-19 00:01:37
325,1244,2022-09-30 03:05:46,paypal,583.86,2021-01-18 10:45:08,2022-01-29 07:26:43
326,2392,2022-10-11 10:00:29,credit_card,6732.52,2021-01-03 17:28:46,2022-10-02 06:49:56
327,2531,2022-01-15 08:56:29,paypal,1459.62,2021-06-21 07:53:14,2022-03-21 20:52:22
328,2526,2022-07-06 12:40:22,credit_card,7819.16,2021-05-17 21:17:08,2022-05-01 12:06:49
329,2765,2022-12-23 06:16:44,credit_card,3462.14,2021-02-10 19:38:33,2022-05-19 20:23:59
330,1695,2022-11-23 08:31:45,credit_card,7004.29,2021-03-04 17:32:10,2022-06-09 17:48:44
331,1707,2022-12-03 06:03:55,debit_card,2917.64,2021-08-09 15:44:41,2022-07-19 10:07:41
332,649,2022-01-29 12:41:32,venmo,3901.53,2021-09-10 09:26:35,2022-03-21 10:23:30
333,2599,2022-05-03 16:53:56,venmo,4145.68,2021-11-10 17:39:59,2022-09-23 14:14:48
334,2658,2022-01-05 01:57:06,credit_card,9795.6,2021-12-02 05:04:53,2022-05-10 03:07:31
335,923,2022-06-17 01:24:22,apple_pay,560.54,2021-03-04 20:06:07,2022-07-10 16:59:51
336,119,2022-04-03 10:33:34,paypal,8262.65,2021-03-16 02:05:58,2022-04-21 17:55:28
337,2091,2022-02-27 07:54:33,venmo,397.8,2021-03-19 10:37:30,2022-04-23 07:26:11
338,2632,2022-03-28 16:04:14,credit_card,5735.24,2021-12-19 12:57:38,2022-04-13 13:36:47
339,1785,2022-11-08 07:25:55,credit_card,5322.47,2021-10-25 00:31:29,2022-07-09 22:21:55
340,1058,2022-12-01 23:23:19,venmo,3027.81,2021-09-30 09:30:08,2022-02-16 06:56:47
341,2973,2022-06-12 00:16:27,venmo,8957.86,2021-04-26 18:59:45,2022-10-16 23:16:58
342,1884,2022-02-02 02:40:36,venmo,8376.2,2021-08-24 16:50:34,2022-11-03 03:23:17
343,652,2022-11-15 21:26:03,credit_card,1442.96,2021-09-22 02:42:49,2022-09-25 16:22:38
344,1292,2022-05-21 17:44:02,debit_card,2200.93,2021-11-07 16:04:00,2022-06-06 20:46:39
345,2411,2022-07-26 10:59:11,paypal,1378.29,2021-09-08 20:35:36,2022-12-01 06:36:40
346,55,2022-12-05 01:51:03,credit_card,2906.09,2021-06-18 10:31:45,2022-12-15 02:31:59
347,1735,2022-04-29 09:10:00,apple_pay,4049.95,2021-04-12 20:00:11,2022-08-04 00:26:06
348,2341,2022-04-20 16:37:49,credit_card,4195.05,2021-12-14 12:34:21,2022-03-25 12:32:06
349,673,2022-09-26 11:31:24,apple_pay,6562.16,2021-07-21 04:07:53,2022-01-11 17:03:21
350,460,2022-06-07 07:19:12,paypal,9405.27,2021-12-10 09:31:52,2022-01-25 11:23:25
351,1857,2022-11-06 03:05:54,venmo,2902.76,2021-09-19 22:14:31,2022-04-06 05:27:55
352,432,2022-11-25 09:02:38,credit_card,4543.8,2021-10-27 03:38:24,2022-10-07 11:51:35
353,1884,2022-01-13 22:32:09,debit_card,4401.82,2021-12-18 01:39:45,2022-05-29 13:46:06
354,2898,2022-05-13 04:25:35,apple_pay,8478.96,2021-03-07 11:18:53,2022-03-18 06:49:22
355,2096,2022-08-13 14:53:25,venmo,4073.0,2021-01-03 06:03:23,2022-08-11 23:43:21
356,1518,2022-02-22 19:07:32,venmo,6359.58,2021-03-07 13:24:45,2022-06-22 19:18:11
357,676,2022-07-11 20:12:15,debit_card,330.85,2021-03-12 07:01:22,2022-08-04 13:51:48
358,315,2022-03-29 09:51:24,credit_card,6969.92,2021-04-28 04:27:54,2022-05-13 12:15:12
359,2378,2022-06-12 08:22:24,debit_card,3201.93,2021-09-08 22:56:24,2022-06-05 16:23:28
360,2855,2022-10-11 03:06:56,debit_card,5947.85,2021-01-29 01:40:47,2022-01-16 12:00:29
361,534,2022-10-23 02:33:13,apple_pay,5474.71,2021-08-06 15:38:35,2022-12-15 12:28:31
362,2844,2022-04-03 03:15:26,paypal,8131.88,2021-07-19 00:17:46,2022-04-10 06:18:41
363,2869,2022-03-21 08:20:27,credit_card,964.86,2021-11-02 16:22:15,2022-02-20 16:24:18
364,1514,2022-10-27 17:47:16,credit_card,7219.97,2021-11-02 14:41:28,2022-09-07 09:23:14
365,1490,2022-11-03 08:36:21,credit_card,8284.95,2021-12-17 08:38:29,2022-05-04 23:58:14
366,168,2022-03-02 12:20:08,debit_card,4695.34,2021-04-10 22:41:18,2022-08-10 20:16:08
367,406,2022-08-08 15:56:45,venmo,5242.41,2021-03-06 14:47:58,2022-01-31 23:03:05
368,1050,2022-06-18 12:25:07,paypal,4738.45,2021-09-05 04:43:20,2022-12-18 23:18:32
369,752,2022-04-29 10:05:28,paypal,807.44,2021-11-14 21:36:04,2022-06-22 05:40:16
370,517,2022-05-11 17:31:54,credit_card,9121.91,2021-10-26 21:42:58,2022-02-24 01:56:58
371,785,2022-09-26 16:36:00,apple_pay,3230.49,2021-04-10 04:45:32,2022-08-07 04:21:37
372,425,2022-03-26 16:23:29,paypal,7379.0,2021-08-30 01:53:10,2022-10-22 09:43:24
373,1518,2022-03-22 13:51:04,venmo,4003.96,2021-03-02 09:12:33,2022-02-08 04:51:08
374,2626,2022-04-03 15:37:55,credit_card,7511.45,2021-11-18 00:18:12,2022-05-23 14:08:48
375,2422,2022-03-12 17:58:00,credit_card,1215.84,2021-07-21 18:57:31,2022-12-22 11:16:13
376,1695,2022-06-03 06:39:31,paypal,6099.89,2021-07-13 06:18:04,2022-01-16 14:45:27
377,1561,2022-06-04 04:19:11,debit_card,2566.37,2021-06-20 22:42:21,2022-06-16 00:17:40
378,2041,2022-06-18 08:14:57,apple_pay,6031.79,2021-02-25 21:56:36,2022-09-08 23:19:27
379,930,2022-07-06 15:21:25,apple_pay,9711.11,2021-08-08 04:09:32,2022-01-10 17:48:17
380,2783,2022-06-19 11:08:48,credit_card,961.3,2021-04-08 22:12:37,2022-06-04 06:39:13
381,152,2022-03-05 13:55:47,paypal,6861.63,2021-06-09 11:51:34,2022-03-25 02:50:16
382,1232,2022-02-25 17:43:51,venmo,9526.57,2021-06-21 22:35:24,2022-12-29 21:30:05
383,6,2022-07-15 08:53:34,venmo,4062.26,2021-10-27 07:16:17,2022-12-24 23:19:42
384,2512,2022-02-17 08:44:32,paypal,8280.31,2021-09-15 08:37:54,2022-09-20 00:27:00
385,13,2022-09-18 12:06:39,venmo,41.97,2021-07-07 17:23:17,2022-08-17 15:19:32
386,2513,2022-01-09 23:47:27,debit_card,31.1,2021-01-14 06:05:40,2022-10-12 18:07:38
387,896,2022-12-02 07:31:02,paypal,6887.2,2021-08-19 16:14:38,2022-03-30 05:06:40
388,2185,2022-09-17 02:52:03,apple_pay,7509.64,2021-12-22 18:36:54,2022-01-17 09:48:09
389,2021,2022-03-28 06:53:54,credit_card,8837.07,2021-01-11 09:22:45,2022-10-06 05:05:35
390,789,2022-07-20 09:56:47,debit_card,496.46,2021-01-17 14:58:12,2022-10-16 23:21:05
391,2037,2022-03-18 22:25:16,credit_card,1265.64,2021-05-08 10:34:31,2022-02-27 23:51:26
392,1993,2022-03-30 14:32:43,credit_card,966.94,2021-05-31 15:48:29,2022-10-13 18:24:54
393,540,2022-08-19 18:48:49,debit_card,8260.4,2021-10-27 10:57:37,2022-09-23 05:45:06
394,844,2022-10-05 03:51:28,credit_card,1615.68,2021-09-02 21:45:23,2022-01-10 09:58:51
395,1416,2022-09-07 05:58:41,venmo,6510.1,2021-10-17 15:12:13,2022-08-02 02:08:42
396,126,2022-10-15 06:25:13,paypal,3496.34,2021-07-27 19:31:46,2022-11-11 20:59:57
397,2681,2022-07-19 22:30:45,venmo,1045.79,2021-06-20 14:40:12,2022-05-30 05:36:19
398,1885,2022-01-18 09:08:10,venmo,7551.62,2021-03-05 20:08:15,2022-02-27 22:09:43
399,1328,2022-06-08 06:44:28,debit_card,8202.79,2021-08-26 01:58:01,2022-11-05 11:18:55
400,1440,2022-09-28 06:49:44,credit_card,9301.39,2021-12-11 09:38:21,2022-05-14 16:55:36
401,14,2022-11-30 14:53:05,credit_card,921.26,2021-02-27 15:26:21,2022-08-16 14:45:12
402,2386,2022-08-21 03:14:58,paypal,6642.41,2021-07-27 14:03:52,2022-09-27 05:06:25
403,394,2022-07-01 14:34:24,venmo,8476.32,2021-12-10 00:24:27,2022-09-08 10:50:11
404,1591,2022-06-25 22:10:52,paypal,101.57,2021-01-16 22:13:55,2022-07-04 06:45:36
405,2885,2022-10-24 16:54:39,paypal,5936.03,2021-02-15 08:17:36,2022-09-30 22:21:56
406,2146,2022-05-27 06:16:08,apple_pay,4302.64,2021-04-27 10:10:43,2022-10-13 21:01:21
407,2251,2022-10-13 19:58:27,apple_pay,8749.58,2021-01-12 08:29:54,2022-01-06 12:26:15
408,2642,2022-02-19 19:52:42,apple_pay,1945.48,2021-04-26 04:02:19,2022-04-07 22:55:11
409,983,2022-05-16 10:52:13,venmo,9868.42,2021-11-21 07:50:49,2022-06-13 00:25:22
410,2855,2022-12-22 21:50:34,credit_card,8921.15,2021-12-04 22:06:40,2022-01-24 23:24:38
411,2352,2022-07-12 17:49:05,credit_card,256.26,2021-02-28 23:40:24,2022-08-11 13:08:21
412,2330,2022-02-06 05:36:39,debit_card,4029.41,2021-02-25 05:29:18,2022-03-26 12:15:29
413,2439,2022-04-09 07:06:44,paypal,6693.49,2021-08-21 23:07:20,2022-07-18 21:18:55
414,2950,2022-03-11 04:13:27,debit_card,1001.87,2021-10-16 04:39:28,2022-11-11 09:16:09
415,554,2022-02-08 21:52:00,apple_pay,3042.39,2021-05-30 09:24:48,2022-03-22 23:16:01
416,1339,2022-12-27 12:16:12,apple_pay,680.97,2021-07-06 10:37:21,2022-08-03 21:47:04
417,188,2022-06-26 02:28:05,apple_pay,3188.28,2021-10-21 11:00:00,2022-06-21 08:57:32
418,755,2022-09-17 10:10:11,paypal,5558.5,2021-03-30 18:22:25,2022-05-03 15:41:19
419,2351,2022-01-14 11:42:52,debit_card,6932.67,2021-07-10 15:05:45,2022-10-16 15:57:52
420,683,2022-12-05 18:10:07,credit_card,4473.18,2021-10-18 05:06:20,2022-05-02 00:20:42
421,2652,2022-02-28 11:08:28,apple_pay,8199.25,2021-11-29 11:57:34,2022-02-12 14:10:45
422,2985,2022-11-05 03:57:14,debit_card,7513.76,2021-11-23 04:51:26,2022-09-12 02:38:55
423,1451,2022-06-26 05:38:55,paypal,9879.18,2021-11-10 12:45:45,2022-05-10 19:16:17
424,2160,2022-03-12 19:25:35,venmo,6529.99,2021-12-22 00:05:46,2022-10-24 03:50:44
425,2796,2022-09-04 02:37:30,debit_card,4908.49,2021-06-15 07:05:38,2022-11-27 01:29:18
426,909,2022-10-24 23:51:58,venmo,4731.87,2021-10-02 18:38:11,2022-12-28 06:13:09
427,571,2022-05-29 18:30:02,debit_card,5442.34,2021-04-15 01:16:50,2022-12-18 19:09:37
428,1081,2022-05-20 23:26:55,apple_pay,7154.73,2021-09-23 01:16:35,2022-02-11 16:09:23
429,2586,2022-08-29 07:16:20,paypal,7449.49,2021-11-21 06:26:13,2022-05-21 05:08:38
430,589,2022-03-05 22:57:28,apple_pay,1888.99,2021-06-05 04:06:16,2022-12-17 00:43:35
431,1453,2022-12-30 10:03:33,paypal,5291.43,2021-10-26 15:04:03,2022-06-13 12:30:48
432,447,2022-01-18 23:56:32,venmo,704.33,2021-10-15 16:50:59,2022-05-13 01:46:16
433,1563,2022-04-12 00:18:28,paypal,771.27,2021-12-14 18:23:59,2022-06-10 08:47:35
434,2816,2022-08-02 17:51:36,debit_card,1727.95,2021-12-02 05:15:34,2022-10-07 10:14:58
435,2017,2022-12-29 20:25:44,paypal,9159.91,2021-03-07 21:00:17,2022-02-05 05:21:39
436,1240,2022-09-23 01:52:25,debit_card,9989.46,2021-09-23 17:45:21,2022-11-26 19:18:35
437,1031,2022-01-08 22:27:50,apple_pay,5236.76,2021-04-30 21:27:45,2022-05-12 09:27:21
438,2904,2022-04-22 08:25:48,apple_pay,2027.9,2021-07-05 22:17:30,2022-12-17 21:58:58
439,605,2022-04-07 03:25:44,debit_card,2498.59,2021-04-25 00:05:41,2022-06-29 09:18:23
440,1802,2022-01-27 17:58:05,venmo,3084.91,2021-07-06 05:35:50,2022-10-07 03:50:39
441,196,2022-08-05 20:07:59,credit_card,5058.1,2021-06-07 00:30:37,2022-09-05 09:22:23
442,2624,2022-02-06 14:10:44,paypal,8473.45,2021-01-07 02:04:57,2022-04-12 10:51:28
443,765,2022-06-22 12:47:16,apple_pay,6869.5,2021-08-04 19:03:02,2022-12-02 10:54:12
444,2493,2022-03-11 23:16:24,venmo,8689.62,2021-11-05 06:51:12,2022-07-27 10:29:51
445,2540,2022-05-10 03:41:49,venmo,3845.46,2021-01-19 11:58:01,2022-09-18 04:40:34
446,919,2022-09-12 13:31:02,venmo,4091.26,2021-08-25 18:04:06,2022-05-28 11:28:07
447,2219,2022-03-21 00:39:06,paypal,6899.21,2021-07-14 03:35:38,2022-09-17 16:33:54
448,2966,2022-11-25 22:45:16,apple_pay,1611.51,2021-02-15 16:02:38,2022-02-05 09:40:22
449,2080,2022-04-17 18:22:18,venmo,5677.85,2021-04-27 22:03:01,2022-01-10 13:05:12
450,1280,2022-12-06 06:47:48,paypal,4033.79,2021-09-26 23:58:23,2022-05-11 06:19:33
451,1081,2022-03-30 20:30:54,venmo,8374.86,2021-04-09 17:24:15,2022-09-01 05:39:53
452,2345,2022-11-25 06:09:15,paypal,4703.01,2021-04-12 18:03:52,2022-07-10 19:03:09
453,1914,2022-02-14 02:23:50,debit_card,3061.48,2021-04-10 16:44:13,2022-07-21 12:34:47
454,1190,2022-06-17 20:36:55,paypal,2326.68,2021-06-04 04:53:21,2022-07-19 14:22:00
455,1633,2022-06-21 15:43:02,paypal,4109.7,2021-01-07 20:13:45,2022-02-06 12:55:06
456,1699,2022-08-22 17:26:24,apple_pay,4077.48,2021-12-29 16:46:44,2022-04-19 12:57:58
457,2762,2022-02-15 14:54:12,credit_card,5034.18,2021-10-30 14:30:23,2022-03-15 03:10:31
458,540,2022-09-12 13:58:19,paypal,6176.78,2021-04-01 23:35:07,2022-01-17 09:00:58
459,484,2022-08-18 18:19:23,debit_card,8821.81,2021-07-17 06:04:57,2022-04-26 13:01:55
460,1061,2022-05-05 23:52:54,credit_card,7139.99,2021-09-18 17:15:38,2022-12-11 06:54:50
461,2791,2022-09-29 13:24:29,paypal,4307.76,2021-10-24 11:04:33,2022-04-30 21:40:34
462,1883,2022-08-08 01:57:47,credit_card,7946.0,2021-09-30 10:11:44,2022-05-04 21:03:37
463,105,2022-07-05 22:27:45,paypal,5738.2,2021-06-12 17:32:37,2022-12-12 11:13:04
464,264,2022-03-01 19:27:37,apple_pay,4036.06,2021-07-11 14:30:26,2022-05-02 20:10:45
465,450,2022-06-19 07:35:58,apple_pay,5557.31,2021-05-11 21:41:40,2022-07-15 03:57:27
466,446,2022-06-10 19:17:39,credit_card,2628.99,2021-11-12 14:46:09,2022-02-07 19:30:54
467,603,2022-04-06 05:33:17,debit_card,4463.38,2021-11-08 09:25:37,2022-02-19 18:36:01
468,507,2022-03-16 06:39:05,debit_card,8986.09,2021-07-02 09:47:56,2022-01-15 00:52:54
469,1645,2022-05-19 14:29:17,apple_pay,8846.95,2021-09-14 20:03:15,2022-05-15 23:46:20
470,548,2022-08-20 12:07:13,apple_pay,9579.08,2021-05-12 01:15:43,2022-12-14 17:33:34
471,1872,2022-01-25 22:22:30,debit_card,5027.36,2021-08-24 18:30:00,2022-10-02 08:53:59
472,1715,2022-06-22 21:20:11,debit_card,6767.2,2021-04-04 19:08:08,2022-03-07 12:18:43
473,101,2022-05-04 11:20:16,debit_card,9772.68,2021-06-26 04:43:51,2022-03-15 14:05:12
474,1756,2022-08-17 16:02:48,apple_pay,9464.74,2021-07-02 08:25:03,2022-05-02 19:20:28
475,523,2022-02-22 15:41:01,venmo,3291.22,2021-03-30 21:57:48,2022-09-04 10:14:36
476,446,2022-12-21 20:02:40,debit_card,6090.73,2021-03-30 09:18:20,2022-01-09 19:15:13
477,1982,2022-12-03 02:01:26,venmo,6910.82,2021-10-27 18:51:58,2022-04-04 02:02:45
478,2152,2022-11-05 03:25:00,paypal,3774.31,2021-05-08 16:08:01,2022-11-17 07:15:34
479,766,2022-07-21 19:23:42,paypal,4500.71,2021-01-06 14:16:29,2022-07-20 00:06:15
480,670,2022-01-13 18:42:01,debit_card,6684.67,2021-09-09 19:03:58,2022-06-04 23:57:14
481,2780,2022-12-02 19:46:33,paypal,3314.34,2021-01-01 09:05:46,2022-04-11 15:51:34
482,1612,2022-02-24 07:50:26,debit_card,8233.08,2021-01-01 22:07:30,2022-04-28 14:07:19
483,2852,2022-07-19 04:31:01,paypal,7822.06,2021-02-23 08:46:14,2022-11-22 18:42:44
484,1898,2022-11-19 15:26:08,venmo,2684.08,2021-07-28 14:34:45,2022-06-13 17:34:58
485,125,2022-10-20 23:49:26,apple_pay,1779.78,2021-05-16 23:05:11,2022-11-03 19:36:38
486,1987,2022-04-11 00:15:38,paypal,5452.34,2021-01-11 19:24:05,2022-01-29 05:28:55
487,621,2022-06-16 09:42:26,debit_card,4336.21,2021-05-25 21:45:36,2022-03-18 01:52:35
488,2812,2022-09-13 02:10:42,venmo,6555.86,2021-12-15 01:00:49,2022-06-08 16:32:13
489,282,2022-11-06 00:34:05,apple_pay,9535.46,2021-03-04 06:54:37,2022-12-19 10:50:39
490,1336,2022-12-07 06:24:26,debit_card,1812.26,2021-05-09 22:51:53,2022-05-01 17:59:47
491,1948,2022-10-23 05:40:04,venmo,540.0,2021-03-02 23:41:46,2022-02-11 01:59:57
492,221,2022-10-28 03:51:41,paypal,8872.74,2021-07-06 01:15:12,2022-10-21 02:21:30
493,83,2022-09-04 23:00:43,debit_card,6868.49,2021-03-19 18:43:11,2022-06-25 16:26:10
494,2682,2022-10-04 12:13:51,debit_card,9761.85,2021-11-11 22:48:21,2022-06-25 06:55:28
495,1995,2022-10-25 10:48:14,debit_card,8733.21,2021-01-22 00:13:00,2022-12-26 15:31:57
496,19,2022-08-18 04:08:17,apple_pay,9573.26,2021-07-11 14:06:50,2022-08-09 09:51:38
497,152,2022-06-10 17:12:54,venmo,6184.44,2021-03-02 20:11:05,2022-01-01 17:31:05
498,800,2022-01-09 01:31:13,credit_card,9724.08,2021-09-24 21:42:07,2022-05-12 06:53:31
499,2932,2022-10-01 06:27:18,venmo,3225.66,2021-05-14 00:59:56,2022-06-23 00:40:31
500,2545,2022-07-16 14:37:15,credit_card,4293.39,2021-09-26 09:11:10,2022-03-18 21:11:43
501,1248,2022-07-09 09:27:35,apple_pay,4823.38,2021-01-24 03:14:01,2022-11-13 04:38:12
502,2020,2022-10-01 10:39:41,paypal,7121.1,2021-08-06 19:44:07,2022-09-17 00:17:28
503,911,2022-08-28 11:15:18,apple_pay,5882.87,2021-05-02 01:11:25,2022-07-15 12:49:10
504,844,2022-07-11 04:23:40,venmo,286.78,2021-04-26 12:04:49,2022-06-03 05:30:21
505,1552,2022-03-25 07:43:37,venmo,4438.16,2021-03-22 03:57:05,2022-03-29 09:05:44
506,2557,2022-07-29 23:45:57,paypal,4753.51,2021-04-14 00:40:38,2022-06-22 17:16:09
507,2615,2022-01-01 23:38:46,venmo,5801.51,2021-01-17 17:36:00,2022-06-24 18:19:59
508,1526,2022-09-02 21:55:57,venmo,2343.46,2021-05-08 04:51:03,2022-02-23 01:01:12
509,2239,2022-01-20 11:11:24,apple_pay,5131.33,2021-03-26 16:24:33,2022-05-14 18:17:33
510,2740,2022-06-03 13:45:46,paypal,8773.44,2021-10-30 19:01:35,2022-09-30 03:34:13
511,680,2022-02-24 06:30:40,paypal,2675.93,2021-12-09 02:28:41,2022-01-31 07:15:57
512,1126,2022-10-09 23:21:13,debit_card,8699.57,2021-12-06 05:59:30,2022-12-01 03:09:57
513,2099,2022-12-14 06:15:55,paypal,7556.19,2021-06-24 00:44:58,2022-06-13 10:08:52
514,2655,2022-08-30 17:36:00,apple_pay,5835.06,2021-06-12 18:00:28,2022-09-22 22:17:59
515,539,2022-08-26 05:49:05,paypal,7540.36,2021-11-05 14:55:23,2022-04-10 16:49:45
516,642,2022-12-25 12:32:58,apple_pay,21.41,2021-12-19 22:50:51,2022-01-16 12:57:19
517,2183,2022-03-27 03:03:51,credit_card,4107.35,2021-12-11 00:03:00,2022-05-27 09:51:39
518,2764,2022-08-09 15:38:09,paypal,360.17,2021-11-08 22:26:51,2022-12-21 13:16:53
519,300,2022-04-05 14:07:42,venmo,1249.56,2021-03-10 19:39:43,2022-12-12 22:47:51
520,1861,2022-01-04 02:04:04,venmo,1269.33,2021-05-16 09:14:27,2022-06-04 04:19:45
521,184,2022-02-23 16:07:48,apple_pay,384.37,2021-06-22 18:05:53,2022-12-02 07:25:50
522,2866,2022-10-21 13:18:47,venmo,7496.51,2021-03-09 23:16:25,2022-03-19 01:09:41
523,177,2022-07-07 05:46:21,venmo,986.88,2021-12-08 05:48:18,2022-02-02 11:54:11
524,997,2022-12-21 12:26:25,apple_pay,4860.52,2021-12-11 15:28:41,2022-09-18 15:22:40
525,2904,2022-07-04 13:11:04,venmo,6401.36,2021-06-08 00:35:27,2022-04-16 22:10:26
526,1749,2022-11-22 21:55:04,debit_card,6549.44,2021-05-27 23:27:03,2022-02-28 23:03:20
527,2445,2022-06-10 07:07:53,debit_card,7586.08,2021-01-10 01:52:33,2022-08-03 10:46:45
528,1541,2022-06-25 12:01:09,venmo,3853.3,2021-06-18 15:59:44,2022-01-08 09:50:28
529,1565,2022-08-20 23:13:03,debit_card,6457.3,2021-10-17 09:38:07,2022-05-18 01:27:54
530,2346,2022-05-30 07:28:07,venmo,3796.66,2021-09-23 04:21:29,2022-03-30 13:20:48
531,1558,2022-10-29 21:59:12,debit_card,9328.63,2021-11-10 00:52:37,2022-08-26 19:42:44
532,349,2022-10-12 16:36:36,apple_pay,3598.92,2021-02-05 19:06:45,2022-09-08 04:27:41
533,1329,2022-04-03 10:50:44,venmo,8076.64,2021-08-19 11:29:01,2022-01-10 16:05:39
534,1578,2022-07-07 01:44:29,venmo,4377.71,2021-05-26 18:16:17,2022-02-16 11:23:50
535,1792,2022-02-21 22:27:30,paypal,4571.21,2021-03-30 22:15:04,2022-12-21 16:47:37
536,732,2022-10-21 05:30:06,credit_card,5207.43,2021-08-14 17:59:41,2022-10-07 15:15:56
537,2037,2022-07-06 11:44:19,venmo,4894.14,2021-12-18 10:09:09,2022-02-08 22:25:22
538,2434,2022-01-19 20:40:27,venmo,6493.6,2021-02-14 19:16:19,2022-01-08 19:10:08
539,1036,2022-07-04 16:26:59,venmo,1627.04,2021-06-07 16:43:10,2022-07-25 20:35:59
540,1659,2022-11-16 23:31:48,debit_card,9467.61,2021-05-25 02:33:02,2022-04-08 18:18:41
541,2481,2022-02-15 08:40:16,credit_card,4169.9,2021-06-03 20:01:02,2022-06-15 18:34:05
542,1444,2022-10-07 17:53:14,paypal,6414.76,2021-06-23 09:35:55,2022-03-11 23:47:10
543,804,2022-05-28 04:58:43,paypal,543.59,2021-01-14 06:50:09,2022-06-21 17:21:19
544,483,2022-10-09 12:44:10,debit_card,9352.34,2021-12-11 10:16:45,2022-03-30 00:42:59
545,2761,2022-10-08 22:15:19,credit_card,4178.4,2021-04-27 13:20:52,2022-05-25 22:40:02
546,2636,2022-05-18 22:46:45,credit_card,4204.46,2021-10-24 08:01:13,2022-09-17 12:39:58
547,848,2022-09-11 07:06:25,apple_pay,7768.86,2021-03-12 22:05:19,2022-02-16 10:26:26
548,2993,2022-10-20 16:24:01,apple_pay,6230.53,2021-10-24 16:31:28,2022-10-02 04:09:32
549,1642,2022-06-11 16:52:14,paypal,7738.9,2021-01-14 12:01:31,2022-11-30 16:38:08
550,691,2022-04-10 11:47:39,debit_card,6219.81,2021-06-15 18:15:36,2022-06-21 03:47:08
551,333,2022-09-13 08:52:36,venmo,2530.95,2021-05-04 15:29:38,2022-04-22 21:07:59
552,2760,2022-06-30 13:49:39,credit_card,6849.0,2021-04-14 09:59:15,2022-01-11 20:20:07
553,68,2022-04-22 00:31:13,apple_pay,7008.85,2021-05-04 20:44:49,2022-06-04 19:51:06
554,573,2022-10-07 12:57:37,paypal,6069.98,2021-02-12 09:17:44,2022-09-21 04:36:22
555,2426,2022-02-01 03:24:50,apple_pay,2051.55,2021-02-15 09:02:12,2022-04-04 11:09:50
556,454,2022-12-21 09:27:13,apple_pay,1523.62,2021-10-21 22:58:17,2022-08-25 16:43:04
557,1263,2022-12-05 15:29:24,credit_card,6551.37,2021-07-21 00:10:47,2022-07-08 10:25:06
558,2125,2022-03-12 04:37:12,credit_card,1455.86,2021-02-20 08:05:06,2022-02-07 05:50:59
559,2997,2022-06-16 20:58:55,paypal,4627.45,2021-12-12 20:08:59,2022-11-22 17:41:28
560,2158,2022-05-18 04:43:24,debit_card,5822.04,2021-06-22 14:15:01,2022-09-19 08:40:36
561,216,2022-05-31 06:40:43,paypal,8532.8,2021-04-10 11:38:10,2022-03-14 15:26:52
562,2002,2022-07-03 01:59:35,paypal,7912.67,2021-06-03 20:30:31,2022-04-18 19:55:13
563,121,2022-06-30 21:54:52,debit_card,2322.99,2021-09-24 17:39:58,2022-01-19 23:34:56
564,1927,2022-04-30 15:03:37,credit_card,6768.43,2021-06-20 22:50:46,2022-10-27 17:12:13
565,627,2022-09-23 16:59:03,debit_card,1257.5,2021-06-08 09:29:21,2022-12-04 07:26:49
566,620,2022-05-19 20:25:53,debit_card,1214.67,2021-02-06 18:26:10,2022-06-19 07:59:55
567,728,2022-04-07 11:46:16,apple_pay,2597.48,2021-07-24 02:42:41,2022-02-15 12:18:53
568,170,2022-02-21 19:51:50,apple_pay,3801.21,2021-02-17 05:42:40,2022-06-28 13:15:47
569,2697,2022-11-08 14:55:57,paypal,8179.83,2021-03-23 12:18:35,2022-07-15 09:33:50
570,955,2022-10-15 10:06:06,debit_card,6942.02,2021-11-09 00:39:14,2022-10-27 00:52:41
571,2404,2022-12-14 03:28:34,venmo,4717.95,2021-05-03 21:15:44,2022-06-15 20:28:51
572,1051,2022-05-21 04:45:43,credit_card,4331.61,2021-04-18 12:26:13,2022-02-11 22:26:16
573,2176,2022-02-20 15:03:54,venmo,884.49,2021-08-22 02:42:47,2022-10-18 11:27:33
574,990,2022-02-08 21:12:22,paypal,3225.98,2021-09-08 02:28:20,2022-10-30 14:20:17
575,2260,2022-08-12 06:57:39,apple_pay,8299.02,2021-03-08 22:46:46,2022-04-23 19:58:18
576,830,2022-09-25 00:40:43,venmo,7473.81,2021-06-28 04:15:47,2022-07-19 00:00:02
577,1660,2022-03-04 12:21:18,paypal,2458.06,2021-03-10 04:44:06,2022-09-24 06:57:07
578,2597,2022-12-23 01:20:52,debit_card,9489.92,2021-04-12 16:37:31,2022-06-19 16:43:14
579,2165,2022-12-20 12:08:50,venmo,2640.46,2021-08-15 08:18:49,2022-09-08 17:37:57
580,440,2022-01-29 08:47:31,apple_pay,8359.69,2021-07-14 09:02:47,2022-11-14 18:33:16
581,2397,2022-02-25 05:02:27,paypal,7150.06,2021-02-01 01:35:00,2022-11-06 21:59:46
582,2937,2022-12-09 07:44:52,paypal,929.77,2021-10-07 04:22:07,2022-04-05 07:56:17
583,1165,2022-04-01 09:58:21,credit_card,2195.62,2021-04-20 21:30:06,2022-09-16 14:57:48
584,1618,2022-02-12 23:46:05,paypal,5801.16,2021-05-06 21:33:42,2022-03-09 19:40:26
585,2585,2022-11-21 00:31:25,venmo,3208.18,2021-04-09 19:45:22,2022-02-13 11:23:11
586,65,2022-01-15 11:03:57,paypal,5970.54,2021-01-26 06:41:16,2022-05-01 09:02:40
587,2413,2022-03-20 00:21:25,debit_card,4610.33,2021-03-18 23:41:16,2022-09-24 16:12:59
588,2014,2022-02-28 23:37:38,venmo,7898.82,2021-04-11 17:18:51,2022-12-20 12:16:49
589,1198,2022-07-23 10:06:41,debit_card,3843.82,2021-05-23 15:56:27,2022-02-21 10:20:40
590,2249,2022-09-05 19:45:24,paypal,613.43,2021-07-07 21:22:44,2022-04-20 10:06:25
591,114,2022-11-02 21:31:55,venmo,4386.9,2021-12-29 03:38:27,2022-04-29 21:02:22
592,648,2022-01-12 13:54:55,debit_card,3774.68,2021-01-18 16:44:35,2022-05-06 20:47:29
593,1437,2022-06-05 08:41:17,credit_card,3969.36,2021-02-16 05:13:38,2022-03-23 21:50:02
594,2003,2022-08-04 02:05:31,credit_card,9016.83,2021-06-23 04:32:32,2022-05-27 12:01:08
595,2630,2022-08-27 10:45:08,paypal,5372.05,2021-01-07 22:54:47,2022-11-30 10:11:36
596,2532,2022-05-16 11:18:48,apple_pay,9937.98,2021-06-13 18:14:57,2022-04-21 15:55:27
597,681,2022-11-22 21:03:59,paypal,8600.15,2021-08-21 09:11:49,2022-04-12 09:15:31
598,1425,2022-06-17 00:26:43,apple_pay,3054.49,2021-12-06 02:28:53,2022-11-28 02:59:44
599,31,2022-11-20 01:29:03,debit_card,8238.11,2021-09-13 01:55:11,2022-05-27 15:57:26
600,828,2022-02-18 02:09:54,paypal,6265.4,2021-02-14 13:01:06,2022-05-24 21:01:02
601,2647,2022-03-26 23:55:05,apple_pay,9089.66,2021-08-11 13:38:58,2022-01-29 15:51:50
602,267,2022-07-14 04:21:00,venmo,622.17,2021-10-08 10:03:58,2022-10-24 04:09:58
603,1514,2022-03-14 00:31:49,debit_card,4831.17,2021-07-02 01:50:45,2022-11-14 08:35:53
604,391,2022-07-11 19:38:54,venmo,9859.56,2021-04-05 15:42:18,2022-04-28 21:30:47
605,2954,2022-10-29 12:44:18,debit_card,8580.91,2021-02-05 09:13:35,2022-04-28 21:00:18
606,1293,2022-04-06 21:50:44,credit_card,6200.36,2021-10-10 04:42:41,2022-10-10 22:42:54
607,1253,2022-04-25 02:41:54,paypal,2586.68,2021-07-06 00:13:15,2022-01-29 11:24:25
608,1404,2022-06-25 22:46:50,venmo,7776.6,2021-02-05 08:57:07,2022-05-01 22:45:48
609,778,2022-01-25 17:05:58,paypal,2717.55,2021-01-21 17:50:59,2022-03-09 23:41:42
610,1518,2022-07-09 06:16:43,venmo,6755.33,2021-10-13 13:04:44,2022-01-14 14:23:03
611,2226,2022-07-02 01:21:32,venmo,8548.82,2021-02-06 21:32:59,2022-05-07 20:20:43
612,1780,2022-10-15 11:10:48,debit_card,5478.84,2021-05-28 09:49:30,2022-12-08 22:49:15
613,130,2022-05-19 05:23:38,apple_pay,3442.29,2021-05-15 02:03:32,2022-05-02 12:37:47
614,2387,2022-11-01 23:15:11,credit_card,9600.06,2021-09-21 13:36:31,2022-02-10 02:44:21
615,1957,2022-06-17 04:18:03,venmo,3103.07,2021-05-01 07:23:39,2022-07-07 20:57:27
616,1118,2022-11-07 04:42:41,paypal,869.68,2021-03-30 08:38:51,2022-04-23 17:11:37
617,2053,2022-11-28 10:52:30,apple_pay,8582.81,2021-09-20 19:34:33,2022-11-12 12:45:33
618,1409,2022-10-03 06:17:01,apple_pay,6874.27,2021-11-29 22:19:50,2022-01-15 15:29:42
619,2757,2022-12-21 13:44:36,credit_card,9330.25,2021-06-04 05:35:28,2022-10-10 06:28:32
620,2802,2022-10-26 00:46:39,apple_pay,8100.72,2021-01-10 23:08:46,2022-07-23 08:09:49
621,2449,2022-05-06 16:09:45,paypal,3211.76,2021-12-07 18:31:21,2022-09-12 02:08:02
622,1282,2022-12-18 09:12:46,paypal,8493.61,2021-02-03 12:19:09,2022-10-08 19:47:56
623,1252,2022-06-05 05:14:26,paypal,640.75,2021-04-25 18:19:08,2022-08-02 15:14:48
624,776,2022-01-30 07:43:03,paypal,9019.19,2021-09-26 01:05:18,2022-08-07 04:47:07
625,1868,2022-10-27 21:48:03,venmo,8823.95,2021-03-21 18:28:26,2022-03-10 19:00:02
626,2953,2022-09-25 23:06:29,apple_pay,9908.83,2021-05-27 10:52:25,2022-04-06 11:43:35
627,1009,2022-11-07 13:39:15,venmo,2037.25,2021-04-25 16:43:36,2022-08-15 00:14:32
628,1216,2022-08-30 11:42:06,venmo,4756.42,2021-02-11 02:53:57,2022-01-18 13:40:30
629,2937,2022-08-09 12:18:57,debit_card,9254.61,2021-06-26 16:13:57,2022-02-24 10:49:34
630,985,2022-05-19 03:37:58,paypal,2662.07,2021-07-09 07:37:41,2022-02-20 07:57:24
631,1928,2022-04-08 17:52:30,paypal,6917.26,2021-11-08 20:16:54,2022-06-24 04:28:33
632,1781,2022-05-22 15:57:23,paypal,853.08,2021-06-26 13:20:59,2022-01-31 02:36:45
633,2729,2022-07-05 21:23:13,venmo,2304.48,2021-09-09 17:06:37,2022-11-07 05:44:38
634,424,2022-08-09 10:27:20,apple_pay,1493.63,2021-03-18 15:58:40,2022-01-07 17:17:17
635,2561,2022-01-13 21:51:19,debit_card,2102.49,2021-09-09 03:34:43,2022-01-23 12:34:36
636,430,2022-12-09 19:45:30,apple_pay,7430.62,2021-08-08 22:00:01,2022-08-26 15:39:07
637,320,2022-07-25 11:22:39,paypal,7949.71,2021-04-12 23:18:45,2022-10-18 11:08:31
638,33,2022-12-21 03:35:54,paypal,846.7,2021-12-10 04:57:49,2022-11-10 07:07:52
639,2004,2022-06-28 02:20:21,paypal,5293.12,2021-11-24 09:28:17,2022-12-13 07:29:03
640,2011,2022-04-06 21:01:56,debit_card,548.73,2021-08-26 09:06:36,2022-01-27 10:48:10
641,2059,2022-08-03 01:09:57,venmo,8964.39,2021-04-20 00:14:29,2022-04-29 01:35:35
642,848,2022-11-16 05:55:44,apple_pay,2077.15,2021-05-15 23:28:46,2022-06-30 17:09:07
643,912,2022-08-28 21:04:24,paypal,5808.12,2021-01-25 05:06:22,2022-12-21 12:01:41
644,538,2022-12-21 11:25:42,debit_card,7239.24,2021-05-07 12:34:19,2022-01-21 18:10:05
645,1057,2022-08-18 06:01:25,debit_card,1197.28,2021-01-03 04:16:18,2022-08-07 23:04:54
646,854,2022-05-03 02:00:20,credit_card,9522.11,2021-04-12 23:38:08,2022-03-02 01:41:45
647,473,2022-02-05 04:18:25,apple_pay,2970.22,2021-08-27 17:42:33,2022-02-21 07:56:26
648,1540,2022-05-01 05:14:23,apple_pay,5126.1,2021-02-05 16:46:23,2022-07-12 23:37:38
649,2316,2022-09-01 11:51:36,paypal,8133.15,2021-02-27 08:03:48,2022-10-23 20:16:10
650,743,2022-06-17 18:41:06,debit_card,7796.33,2021-05-27 21:51:20,2022-07-22 04:47:44
651,2479,2022-10-08 08:02:52,debit_card,3508.27,2021-04-28 05:44:24,2022-09-29 06:09:14
652,2459,2022-04-10 06:41:23,apple_pay,6582.24,2021-01-21 08:51:09,2022-02-25 22:37:57
653,1487,2022-04-17 17:15:08,venmo,679.7,2021-12-01 06:53:15,2022-10-04 03:50:03
654,2398,2022-09-28 08:49:55,apple_pay,1275.05,2021-01-27 17:37:05,2022-05-27 02:22:06
655,1784,2022-03-18 12:35:36,venmo,3015.08,2021-07-11 13:41:17,2022-02-15 17:08:33
656,2930,2022-04-02 22:09:22,credit_card,2689.17,2021-02-14 13:44:01,2022-05-16 18:28:17
657,2035,2022-03-11 16:28:53,debit_card,2826.66,2021-06-24 07:37:16,2022-01-08 09:17:32
658,2249,2022-01-20 04:01:43,paypal,8107.0,2021-03-03 08:41:01,2022-01-16 08:23:35
659,1869,2022-01-26 00:45:50,venmo,7480.0,2021-11-26 20:18:13,2022-08-20 10:45:29
660,2185,2022-04-23 17:34:41,paypal,3495.71,2021-01-08 14:26:32,2022-07-24 23:47:15
661,2696,2022-02-07 01:58:39,debit_card,8005.29,2021-08-11 10:43:45,2022-03-08 15:50:51
662,2763,2022-04-13 03:38:31,credit_card,4773.69,2021-08-12 06:47:38,2022-05-07 15:26:09
663,530,2022-02-07 01:56:06,paypal,200.0,2021-02-07 02:22:33,2022-02-17 08:23:36
664,1858,2022-01-28 19:38:43,venmo,2371.66,2021-06-26 01:35:55,2022-07-22 06:53:00
665,245,2022-02-02 07:03:44,paypal,2462.85,2021-05-08 01:18:23,2022-01-12 00:40:55
666,1110,2022-05-29 03:21:00,paypal,3714.37,2021-03-08 19:11:52,2022-12-04 23:55:54
667,575,2022-01-14 15:38:50,credit_card,4453.53,2021-12-05 08:05:55,2022-12-30 06:55:51
668,172,2022-07-27 08:32:34,credit_card,7537.28,2021-02-11 08:53:45,2022-10-02 14:51:59
669,1892,2022-10-06 16:18:54,paypal,9836.96,2021-06-02 20:12:05,2022-01-14 11:32:45
670,397,2022-01-21 09:38:44,credit_card,6186.16,2021-09-11 20:22:15,2022-09-15 18:15:09
671,1630,2022-02-13 10:27:24,venmo,5215.78,2021-02-14 01:54:18,2022-04-04 05:04:00
672,2862,2022-05-05 02:25:00,venmo,6324.35,2021-07-05 16:17:32,2022-09-24 18:54:03
673,380,2022-06-23 02:30:29,paypal,7769.93,2021-08-30 05:17:31,2022-02-13 22:45:04
674,2173,2022-09-11 02:05:03,credit_card,3414.23,2021-03-10 08:26:08,2022-08-25 23:45:43
675,2867,2022-10-22 04:12:32,venmo,1498.2,2021-10-21 20:18:32,2022-12-03 09:12:37
676,2492,2022-07-08 03:36:40,paypal,2874.33,2021-04-13 19:21:01,2022-06-10 00:35:06
677,1579,2022-02-24 14:14:41,paypal,2110.31,2021-10-23 15:05:29,2022-09-26 15:54:33
678,424,2022-08-19 16:27:48,debit_card,1859.0,2021-08-07 12:42:05,2022-02-15 16:35:52
679,839,2022-02-24 10:58:00,paypal,7798.7,2021-12-11 09:59:23,2022-03-11 16:16:27
680,1769,2022-05-25 22:01:38,apple_pay,1903.17,2021-11-06 04:04:54,2022-07-12 03:03:52
681,768,2022-05-18 14:32:23,venmo,3889.0,2021-05-10 16:50:53,2022-05-28 21:07:00
682,2152,2022-09-13 14:09:40,credit_card,2407.51,2021-08-07 14:51:49,2022-05-15 06:52:35
683,2629,2022-07-15 14:56:47,venmo,3207.11,2021-07-30 15:51:56,2022-07-07 13:36:50
684,1918,2022-11-23 02:46:20,venmo,2312.33,2021-05-12 06:15:57,2022-12-27 18:08:26
685,2627,2022-05-30 23:49:24,credit_card,3201.76,2021-07-23 16:09:23,2022-12-26 18:34:36
686,1429,2022-11-15 07:57:57,credit_card,5629.75,2021-09-14 07:48:51,2022-05-22 14:32:51
687,463,2022-02-22 14:42:45,apple_pay,7194.94,2021-09-08 21:29:38,2022-06-30 05:21:57
688,1412,2022-02-04 23:36:46,debit_card,4844.94,2021-07-19 16:54:03,2022-05-16 22:26:50
689,382,2022-07-11 01:47:57,apple_pay,1074.14,2021-02-03 08:54:42,2022-12-26 05:53:21
690,1964,2022-07-26 18:08:59,debit_card,9156.43,2021-08-11 06:38:13,2022-06-11 02:14:03
691,2242,2022-12-27 04:58:34,paypal,8982.78,2021-10-25 10:38:36,2022-05-06 13:09:35
692,2324,2022-07-29 18:31:45,paypal,498.71,2021-03-26 23:30:33,2022-01-15 06:42:51
693,2168,2022-02-14 16:42:32,venmo,8559.49,2021-05-08 23:24:33,2022-01-25 10:54:20
694,988,2022-01-24 16:01:30,paypal,7209.22,2021-10-22 21:40:08,2022-05-31 18:21:42
695,2697,2022-05-20 15:39:55,apple_pay,1369.5,2021-12-01 15:31:51,2022-07-10 16:33:43
696,1870,2022-07-25 07:52:19,paypal,523.36,2021-01-28 09:43:52,2022-07-18 01:14:36
697,2084,2022-08-10 10:46:37,venmo,5719.03,2021-05-06 04:47:53,2022-08-09 03:41:19
698,2156,2022-08-06 00:03:02,paypal,2113.81,2021-05-12 18:40:09,2022-10-19 23:46:10
699,907,2022-03-15 11:40:50,paypal,573.36,2021-02-24 08:59:17,2022-02-17 08:54:03
700,2119,2022-08-01 16:28:38,venmo,4387.66,2021-09-25 00:42:28,2022-07-16 08:29:42
701,1098,2022-12-22 05:07:33,debit_card,5592.28,2021-08-26 17:45:33,2022-09-08 16:48:45
702,595,2022-04-03 04:16:57,apple_pay,3362.02,2021-09-18 09:36:56,2022-03-03 22:46:26
703,1812,2022-02-02 22:55:16,venmo,8869.64,2021-12-26 10:16:33,2022-01-06 13:03:13
704,1583,2022-11-14 13:39:15,debit_card,5917.61,2021-02-08 02:04:49,2022-08-23 17:52:17
705,2797,2022-02-28 02:45:11,venmo,4352.11,2021-07-16 08:45:51,2022-10-13 23:59:56
706,2465,2022-12-09 17:13:03,credit_card,1628.68,2021-02-13 06:50:15,2022-11-06 10:49:59
707,320,2022-02-14 05:48:40,debit_card,1252.15,2021-04-08 21:48:42,2022-08-11 22:12:00
708,1515,2022-02-15 23:21:54,debit_card,6537.54,2021-08-16 20:56:50,2022-07-18 12:24:15
709,2601,2022-04-23 22:25:01,venmo,6442.6,2021-09-07 17:26:53,2022-06-18 23:25:01
710,197,2022-01-13 20:08:44,venmo,2532.41,2021-09-20 14:43:25,2022-10-16 02:07:19
711,1807,2022-12-19 09:17:29,apple_pay,7006.78,2021-03-21 10:50:42,2022-01-20 13:03:37
712,2791,2022-08-17 13:52:16,apple_pay,419.06,2021-05-05 13:47:34,2022-12-05 16:59:21
713,1626,2022-08-01 01:56:52,paypal,9169.6,2021-12-14 20:04:07,2022-01-13 23:46:21
714,2326,2022-10-03 03:42:29,debit_card,3552.31,2021-04-05 13:01:33,2022-10-12 01:29:07
715,493,2022-12-05 04:22:09,venmo,371.9,2021-09-26 09:15:53,2022-01-31 07:15:23
716,171,2022-04-29 04:22:26,paypal,3526.42,2021-10-13 08:07:03,2022-01-28 06:54:24
717,343,2022-06-29 02:22:00,credit_card,4688.29,2021-07-08 15:34:07,2022-10-29 19:06:55
718,1554,2022-01-24 18:55:10,paypal,7282.26,2021-02-20 13:04:40,2022-09-05 00:11:16
719,1761,2022-05-16 04:38:51,paypal,6588.91,2021-10-07 19:00:16,2022-03-27 22:47:22
720,842,2022-07-20 02:40:01,apple_pay,4093.46,2021-06-14 02:08:46,2022-09-19 01:35:01
721,781,2022-12-19 21:43:14,credit_card,141.86,2021-03-04 12:35:38,2022-05-06 10:15:27
722,930,2022-05-28 21:47:33,paypal,5596.86,2021-08-05 14:40:45,2022-03-09 10:24:39
723,2521,2022-10-27 11:35:16,debit_card,2649.69,2021-02-26 17:30:50,2022-05-25 15:57:48
724,2186,2022-10-18 21:11:41,venmo,6037.7,2021-12-13 12:02:52,2022-09-13 14:55:20
725,52,2022-03-19 23:57:07,paypal,8370.5,2021-05-07 09:56:11,2022-10-24 18:26:56
726,2779,2022-01-21 05:42:23,credit_card,6246.06,2021-04-13 18:40:51,2022-08-31 08:39:18
727,1208,2022-02-09 14:55:08,debit_card,2807.54,2021-06-08 07:26:40,2022-09-15 13:50:09
728,2701,2022-10-31 16:55:17,credit_card,9415.74,2021-06-22 12:37:45,2022-07-05 14:00:11
729,1019,2022-04-22 13:33:04,paypal,3533.83,2021-01-15 20:52:55,2022-08-21 16:21:12
730,2718,2022-08-05 13:47:50,venmo,8345.53,2021-04-19 02:16:41,2022-08-19 03:07:30
731,454,2022-10-30 05:24:45,venmo,5701.56,2021-03-26 14:22:10,2022-04-27 12:52:26
732,1398,2022-01-31 09:33:21,paypal,1633.45,2021-08-09 17:24:35,2022-08-28 15:22:56
733,359,2022-07-24 17:56:17,credit_card,2557.88,2021-12-08 09:32:24,2022-10-09 01:56:29
734,2272,2022-07-19 09:21:07,apple_pay,7358.59,2021-05-23 01:13:33,2022-11-22 22:04:37
735,1202,2022-04-03 01:59:37,debit_card,8518.43,2021-02-16 21:43:11,2022-12-23 10:04:27
736,84,2022-01-29 14:19:50,debit_card,2196.25,2021-01-26 00:46:36,2022-02-04 03:53:53
737,1493,2022-12-03 22:16:18,apple_pay,5798.73,2021-05-29 21:39:13,2022-11-09 23:05:44
738,234,2022-03-07 21:46:19,credit_card,3598.62,2021-08-23 06:22:57,2022-07-29 02:20:14
739,50,2022-05-06 16:13:31,credit_card,4518.76,2021-02-06 03:51:36,2022-01-08 04:38:28
740,1074,2022-11-07 08:46:56,paypal,6011.86,2021-06-03 19:23:00,2022-11-09 12:14:38
741,1104,2022-09-20 11:27:16,paypal,2458.51,2021-11-11 15:51:42,2022-08-14 07:25:18
742,41,2022-04-02 18:42:15,apple_pay,8015.91,2021-12-05 06:13:53,2022-07-03 20:07:58
743,834,2022-11-03 01:38:04,credit_card,4945.7,2021-06-24 11:14:32,2022-08-24 09:15:56
744,1461,2022-01-18 10:35:02,credit_card,8858.63,2021-10-19 12:47:29,2022-01-07 19:34:05
745,2511,2022-12-05 01:18:50,venmo,1815.65,2021-06-21 15:01:01,2022-08-03 05:05:35
746,1965,2022-01-05 19:26:07,debit_card,3121.72,2021-09-30 15:50:09,2022-03-24 20:54:19
747,2974,2022-06-04 18:47:09,paypal,5304.78,2021-08-12 11:25:20,2022-04-20 12:07:38
748,1425,2022-07-20 08:04:42,paypal,2830.03,2021-11-02 03:46:56,2022-03-28 07:12:54
749,1611,2022-02-03 23:47:52,paypal,751.44,2021-04-07 07:43:31,2022-03-29 22:06:44
750,2191,2022-02-23 15:40:07,apple_pay,1264.46,2021-05-31 22:01:07,2022-05-22 18:52:28
751,833,2022-09-03 11:51:13,apple_pay,1061.67,2021-04-29 02:56:09,2022-09-08 19:22:37
752,402,2022-09-23 09:56:07,apple_pay,9296.77,2021-12-29 13:58:57,2022-02-23 11:58:38
753,410,2022-11-13 15:27:05,debit_card,6168.59,2021-11-27 06:09:00,2022-06-28 18:10:25
754,1908,2022-03-19 17:41:44,debit_card,1002.02,2021-11-01 09:53:13,2022-11-30 03:53:12
755,1744,2022-07-28 15:32:57,apple_pay,9368.5,2021-09-18 22:41:03,2022-07-20 23:44:20
756,2815,2022-12-07 11:01:15,venmo,9520.15,2021-04-25 19:18:00,2022-07-27 11:12:10
757,537,2022-06-04 11:15:24,apple_pay,9897.05,2021-03-30 01:01:54,2022-08-20 04:11:31
758,188,2022-01-17 13:27:58,paypal,5071.8,2021-04-17 07:01:56,2022-08-13 23:56:41
759,1852,2022-02-21 23:08:37,debit_card,1817.93,2021-10-31 22:07:52,2022-09-01 12:42:02
760,1128,2022-08-19 20:05:01,credit_card,4459.64,2021-05-09 03:50:59,2022-01-22 01:11:43
761,1607,2022-01-06 02:28:58,venmo,2442.85,2021-10-09 11:24:22,2022-11-25 13:43:21
762,1790,2022-11-02 13:44:42,apple_pay,2774.71,2021-04-24 04:38:33,2022-08-11 03:13:45
763,2975,2022-02-27 11:38:24,paypal,8595.57,2021-01-28 08:13:05,2022-03-12 12:56:53
764,367,2022-03-27 01:05:24,credit_card,526.42,2021-10-01 15:49:20,2022-07-09 04:02:30
765,9,2022-12-13 19:20:53,paypal,2704.91,2021-09-23 05:42:16,2022-05-05 06:54:10
766,2649,2022-08-06 16:16:22,debit_card,5097.59,2021-11-09 16:25:57,2022-07-07 20:06:26
767,1101,2022-07-16 16:33:20,paypal,909.29,2021-11-19 13:08:24,2022-02-09 00:23:04
768,1820,2022-08-10 10:00:33,venmo,8682.62,2021-04-23 16:36:22,2022-09-06 06:31:01
769,346,2022-05-07 23:04:30,paypal,6130.72,2021-09-22 08:09:29,2022-11-30 11:59:13
770,564,2022-02-03 07:18:56,credit_card,144.51,2021-11-08 19:49:22,2022-09-05 21:10:57
771,986,2022-06-18 20:17:18,debit_card,2437.87,2021-09-20 20:50:27,2022-04-06 18:00:41
772,722,2022-06-07 01:20:25,paypal,9155.07,2021-03-19 18:09:11,2022-09-20 09:47:40
773,1430,2022-08-30 22:16:53,venmo,5386.57,2021-04-19 20:33:53,2022-02-02 12:34:16
774,2589,2022-11-19 06:59:02,venmo,6911.97,2021-01-27 13:51:54,2022-12-16 17:34:33
775,83,2022-06-08 08:08:12,debit_card,6979.56,2021-01-23 18:47:03,2022-07-12 15:19:36
776,2355,2022-08-02 21:34:48,apple_pay,760.91,2021-11-27 13:59:13,2022-03-28 18:58:42
777,253,2022-10-22 00:04:27,apple_pay,8560.96,2021-12-04 06:09:23,2022-11-03 01:41:28
778,959,2022-04-06 14:32:28,credit_card,3298.61,2021-11-07 19:04:34,2022-03-14 16:01:27
779,852,2022-05-12 22:09:05,apple_pay,5227.84,2021-07-27 16:12:47,2022-03-21 23:06:19
780,2021,2022-09-17 03:09:57,venmo,7539.29,2021-01-09 23:38:03,2022-04-02 00:17:31
781,1020,2022-08-29 02:05:43,credit_card,5481.42,2021-09-03 23:57:16,2022-01-12 05:17:43
782,773,2022-02-20 00:43:05,venmo,830.26,2021-04-22 16:01:56,2022-05-29 21:52:06
783,2651,2022-03-13 08:47:04,credit_card,1088.69,2021-12-11 12:03:06,2022-04-27 02:41:30
784,2089,2022-03-13 14:01:01,debit_card,1578.33,2021-06-11 15:21:55,2022-08-31 18:46:43
785,1486,2022-07-18 11:13:41,apple_pay,1653.48,2021-07-24 01:43:31,2022-05-18 11:02:20
786,1203,2022-06-04 01:23:32,apple_pay,1488.43,2021-12-14 19:35:28,2022-05-09 14:00:25
787,53,2022-05-15 01:25:17,paypal,9203.21,2021-12-28 05:00:17,2022-07-31 19:27:09
788,2530,2022-04-16 04:17:48,paypal,5431.72,2021-06-18 01:25:34,2022-01-25 13:43:15
789,1550,2022-08-26 11:09:32,venmo,3579.22,2021-05-11 06:49:49,2022-05-24 19:54:27
790,2882,2022-03-19 07:10:45,apple_pay,1200.73,2021-08-29 04:43:09,2022-01-20 10:56:34
791,723,2022-10-07 00:01:21,debit_card,6592.13,2021-08-30 23:45:47,2022-08-22 00:44:23
792,1684,2022-09-22 20:20:07,paypal,5178.95,2021-08-28 15:13:08,2022-07-30 05:30:36
793,2429,2022-05-20 01:07:41,credit_card,6844.29,2021-10-23 10:22:24,2022-12-06 13:13:41
794,1324,2022-04-13 04:01:35,credit_card,8471.5,2021-01-04 21:20:15,2022-08-02 17:45:40
795,702,2022-02-10 12:54:02,credit_card,1069.16,2021-05-18 06:08:55,2022-09-16 18:01:34
796,784,2022-01-21 10:15:55,debit_card,7206.95,2021-09-22 14:06:31,2022-06-19 16:50:14
797,2840,2022-09-22 00:04:41,paypal,4191.77,2021-08-04 06:37:49,2022-12-09 08:51:02
798,1791,2022-07-19 20:41:29,debit_card,1026.17,2021-12-14 01:36:27,2022-03-23 10:55:53
799,1785,2022-07-17 09:36:42,venmo,3704.6,2021-03-26 07:37:22,2022-06-22 19:11:01
800,2384,2022-06-04 14:53:28,debit_card,8682.05,2021-02-21 21:54:24,2022-01-18 23:29:45
801,2589,2022-11-11 17:07:16,credit_card,5462.57,2021-10-08 06:23:04,2022-05-14 22:36:20
802,30,2022-05-30 11:37:44,apple_pay,8019.66,2021-10-14 06:06:48,2022-11-30 12:08:30
803,2094,2022-10-11 10:38:16,apple_pay,3557.32,2021-07-13 15:39:49,2022-11-11 12:47:44
804,242,2022-11-08 10:32:11,apple_pay,1374.66,2021-06-30 00:54:24,2022-04-20 23:06:15
805,1804,2022-05-10 15:42:32,paypal,9763.14,2021-06-03 18:39:19,2022-09-11 00:16:36
806,868,2022-10-06 14:10:38,debit_card,3190.74,2021-11-27 02:01:58,2022-11-06 17:35:56
807,943,2022-03-10 21:35:03,paypal,5534.54,2021-12-29 02:18:41,2022-12-16 14:24:13
808,1829,2022-09-11 06:23:14,credit_card,1200.9,2021-08-31 22:07:10,2022-01-20 07:08:03
809,120,2022-08-02 14:55:31,paypal,9778.83,2021-04-21 03:46:10,2022-04-12 03:59:47
810,787,2022-05-11 07:01:51,debit_card,320.01,2021-11-17 10:40:16,2022-01-09 22:10:15
811,2456,2022-03-11 18:49:37,credit_card,5976.54,2021-04-29 08:56:25,2022-07-26 07:55:33
812,192,2022-02-27 08:49:13,venmo,9595.34,2021-02-17 19:59:50,2022-04-09 09:04:53
813,1277,2022-02-06 04:48:34,debit_card,9053.35,2021-04-15 03:14:57,2022-05-05 15:52:37
814,1254,2022-09-22 03:02:31,paypal,9082.93,2021-04-25 16:59:00,2022-06-13 14:07:54
815,29,2022-04-02 20:14:24,venmo,6137.39,2021-01-26 19:31:47,2022-01-16 17:59:29
816,1167,2022-03-11 03:02:18,venmo,2494.37,2021-09-04 01:39:59,2022-05-15 06:36:58
817,91,2022-02-23 20:36:18,apple_pay,3954.29,2021-08-09 03:29:56,2022-05-24 19:14:23
818,1092,2022-06-20 00:58:50,paypal,1657.83,2021-09-10 20:55:39,2022-10-11 13:52:49
819,2694,2022-04-14 19:55:18,paypal,6240.92,2021-02-25 14:59:10,2022-09-19 23:47:15
820,2182,2022-10-10 04:33:20,credit_card,7934.38,2021-09-13 14:51:26,2022-07-16 09:38:21
821,2883,2022-01-23 06:45:10,apple_pay,9726.82,2021-07-07 02:38:30,2022-09-03 18:42:10
822,1128,2022-02-08 09:52:57,venmo,6674.73,2021-01-04 16:09:37,2022-05-24 02:50:04
823,2590,2022-06-12 01:55:27,apple_pay,9875.92,2021-06-08 14:26:32,2022-08-11 13:30:28
824,2307,2022-06-15 09:54:12,paypal,9048.2,2021-10-30 07:39:02,2022-08-22 16:20:13
825,1748,2022-02-10 13:47:31,apple_pay,2853.72,2021-10-29 20:46:32,2022-01-08 00:02:07
826,795,2022-12-06 23:25:08,credit_card,2005.18,2021-05-14 11:28:16,2022-08-09 02:50:02
827,1483,2022-02-20 20:36:37,paypal,7918.51,2021-03-03 17:03:39,2022-11-13 00:49:42
828,1151,2022-09-20 01:52:14,paypal,3776.32,2021-03-31 03:49:37,2022-09-01 22:26:11
829,580,2022-05-20 22:31:42,paypal,4072.48,2021-03-29 12:46:08,2022-12-11 21:19:36
830,474,2022-08-11 13:08:45,paypal,3922.42,2021-04-12 04:49:41,2022-03-05 06:05:17
831,2138,2022-04-29 01:03:24,paypal,1609.3,2021-06-19 05:38:31,2022-03-14 15:05:39
832,2913,2022-08-22 21:02:48,venmo,3421.98,2021-02-16 08:59:42,2022-07-14 13:43:07
833,667,2022-08-20 01:44:56,credit_card,9833.19,2021-06-30 04:59:43,2022-08-14 10:28:25
834,1571,2022-06-21 11:21:07,paypal,9801.69,2021-03-18 08:57:48,2022-08-13 21:59:51
835,1916,2022-05-07 00:17:30,venmo,8057.32,2021-12-03 19:59:56,2022-11-09 12:03:22
836,2917,2022-06-17 00:29:10,apple_pay,484.37,2021-09-28 04:31:56,2022-02-13 18:50:50
837,2781,2022-06-14 16:15:18,credit_card,1160.85,2021-12-19 00:17:02,2022-04-16 08:46:19
838,30,2022-12-09 19:34:28,credit_card,4324.47,2021-03-09 08:55:33,2022-02-04 13:56:57
839,2096,2022-02-06 16:18:28,debit_card,1749.55,2021-02-20 22:34:16,2022-01-17 08:13:28
840,2142,2022-03-15 03:08:58,credit_card,9644.29,2021-09-03 21:44:32,2022-06-28 19:36:17
841,539,2022-12-01 20:10:50,venmo,6248.28,2021-07-16 14:32:34,2022-05-12 03:48:12
842,2362,2022-02-07 14:05:49,debit_card,6889.61,2021-07-11 22:39:43,2022-10-23 07:42:31
843,1036,2022-05-19 18:19:23,credit_card,2736.91,2021-02-07 09:58:25,2022-04-22 02:16:27
844,2454,2022-07-27 05:18:30,paypal,2894.2,2021-02-25 03:20:31,2022-11-27 19:05:34
845,1914,2022-05-31 19:33:51,paypal,1825.34,2021-11-03 17:12:21,2022-01-01 15:08:31
846,1532,2022-02-22 12:41:16,paypal,5826.74,2021-07-22 17:50:03,2022-09-05 04:58:34
847,2399,2022-08-12 00:28:20,apple_pay,7237.67,2021-01-20 23:30:51,2022-04-14 13:40:40
848,251,2022-08-08 11:21:06,apple_pay,8497.02,2021-12-18 14:47:17,2022-11-03 01:11:55
849,694,2022-04-15 07:22:05,credit_card,230.47,2021-08-22 06:41:43,2022-04-01 09:29:58
850,1293,2022-05-12 17:50:03,credit_card,1085.12,2021-05-24 17:59:53,2022-11-17 05:26:21
851,172,2022-04-09 22:15:27,venmo,9446.97,2021-11-08 20:27:24,2022-07-13 16:28:47
852,396,2022-03-15 15:13:21,debit_card,9086.85,2021-07-30 15:36:06,2022-05-29 03:44:54
853,2591,2022-12-10 01:18:59,apple_pay,5092.9,2021-09-30 15:22:49,2022-07-06 06:49:37
854,2473,2022-06-23 15:12:37,venmo,3506.01,2021-06-02 02:41:47,2022-06-04 13:23:18
855,94,2022-10-03 13:23:16,paypal,5283.5,2021-04-08 12:42:44,2022-04-21 14:14:25
856,1922,2022-04-12 16:28:47,credit_card,2753.3,2021-04-14 23:56:39,2022-09-15 02:28:42
857,1436,2022-11-30 12:07:35,paypal,4822.69,2021-02-03 11:54:53,2022-06-24 11:22:22
858,2263,2022-10-27 05:57:45,debit_card,6613.47,2021-01-07 18:38:23,2022-10-30 07:23:22
859,815,2022-05-28 00:38:45,paypal,4688.59,2021-03-01 22:18:53,2022-10-29 14:08:42
860,2081,2022-04-05 00:53:22,paypal,8895.01,2021-10-28 02:31:08,2022-02-09 18:57:33
861,1272,2022-05-13 00:54:24,venmo,9479.35,2021-03-17 09:54:00,2022-11-28 02:48:15
862,1125,2022-04-11 01:32:36,venmo,5567.49,2021-04-30 22:53:28,2022-05-21 15:28:08
863,2486,2022-06-29 02:56:29,venmo,4578.92,2021-12-03 13:36:40,2022-12-20 09:16:28
864,933,2022-03-02 03:17:14,paypal,1327.23,2021-06-27 09:40:17,2022-12-07 22:42:19
865,2860,2022-01-28 15:34:46,debit_card,1742.04,2021-03-31 13:00:53,2022-10-26 01:18:40
866,881,2022-05-15 13:16:39,venmo,9180.79,2021-10-03 23:55:12,2022-01-28 00:12:20
867,1364,2022-07-23 09:31:20,debit_card,5589.04,2021-07-06 18:54:54,2022-09-18 07:58:38
868,2079,2022-03-08 08:45:50,apple_pay,542.33,2021-07-02 22:38:00,2022-06-13 02:59:07
869,823,2022-07-11 08:04:25,paypal,2736.53,2021-07-29 03:30:16,2022-06-28 07:30:43
870,1147,2022-11-21 20:24:41,venmo,6634.02,2021-04-19 13:49:40,2022-04-19 01:06:51
871,190,2022-11-19 03:29:17,apple_pay,6690.6,2021-01-02 02:40:00,2022-11-20 14:08:02
872,996,2022-07-01 09:53:28,debit_card,6053.6,2021-07-12 11:52:16,2022-06-01 04:46:42
873,803,2022-12-16 09:42:47,debit_card,5417.64,2021-07-06 07:59:37,2022-01-29 05:41:07
874,274,2022-10-13 19:21:45,paypal,138.67,2021-06-22 21:38:02,2022-12-10 00:12:29
875,181,2022-08-19 03:04:42,debit_card,657.98,2021-03-19 13:59:01,2022-02-07 23:49:35
876,2452,2022-07-23 10:37:50,debit_card,7668.53,2021-12-27 01:04:28,2022-06-25 16:23:26
877,712,2022-02-06 01:58:32,paypal,3620.33,2021-02-04 22:23:18,2022-08-24 01:04:39
878,2920,2022-12-25 03:47:03,apple_pay,5943.59,2021-02-28 04:19:02,2022-09-15 04:40:29
879,1801,2022-10-13 02:16:19,venmo,4863.62,2021-07-20 01:42:15,2022-09-29 03:02:52
880,1391,2022-04-01 18:34:01,debit_card,4720.61,2021-12-27 04:32:17,2022-12-14 09:09:40
881,754,2022-01-05 11:19:50,paypal,4348.24,2021-07-28 17:42:53,2022-03-24 08:35:03
882,990,2022-03-02 13:55:09,apple_pay,8637.6,2021-12-30 08:45:36,2022-12-14 15:46:50
883,2383,2022-11-15 04:07:40,paypal,1468.41,2021-04-22 01:18:24,2022-02-27 04:55:50
884,2800,2022-05-10 14:00:26,paypal,809.57,2021-03-07 02:38:23,2022-10-21 16:12:03
885,2962,2022-06-26 01:59:06,credit_card,6377.64,2021-02-17 17:05:02,2022-07-30 02:25:52
886,1900,2022-08-05 22:54:42,venmo,2309.81,2021-10-27 00:04:59,2022-12-29 03:57:45
887,1050,2022-10-20 10:46:50,debit_card,9362.52,2021-07-31 17:28:39,2022-01-19 10:52:43
888,2776,2022-11-15 07:37:11,apple_pay,4285.86,2021-06-06 10:08:11,2022-03-09 01:46:13
889,13,2022-10-20 23:14:51,credit_card,2363.47,2021-01-03 23:03:48,2022-04-06 17:55:17
890,1195,2022-07-04 00:30:16,apple_pay,9793.13,2021-03-06 03:28:04,2022-01-12 21:31:47
891,1260,2022-10-16 23:54:33,credit_card,619.86,2021-02-12 06:15:03,2022-08-24 22:40:08
892,743,2022-09-01 08:55:16,paypal,5407.89,2021-08-26 20:49:12,2022-06-07 11:39:56
893,2424,2022-05-08 19:54:41,apple_pay,7686.21,2021-12-20 18:00:31,2022-10-23 23:39:44
894,1865,2022-07-03 04:30:19,venmo,6441.19,2021-01-12 18:17:11,2022-06-23 23:02:15
895,438,2022-01-07 14:55:03,paypal,793.11,2021-02-21 07:19:19,2022-12-14 05:06:39
896,2417,2022-02-14 10:51:56,debit_card,7309.31,2021-05-27 02:37:55,2022-12-27 07:48:26
897,2767,2022-10-12 21:30:43,venmo,6412.97,2021-01-22 16:26:10,2022-07-01 20:31:11
898,1107,2022-10-18 08:03:09,paypal,382.18,2021-09-17 09:23:22,2022-06-26 06:51:47
899,1012,2022-07-02 09:08:43,apple_pay,1905.2,2021-12-19 05:13:27,2022-06-27 20:03:25
900,2902,2022-02-13 18:00:08,apple_pay,6707.94,2021-05-20 14:20:32,2022-05-29 14:03:31
901,1290,2022-10-29 11:52:22,venmo,5588.41,2021-10-12 23:57:22,2022-05-26 18:40:16
902,2702,2022-10-23 06:38:02,apple_pay,7452.16,2021-07-03 06:12:52,2022-09-13 16:57:56
903,2753,2022-12-26 09:17:48,debit_card,7507.51,2021-06-24 06:59:27,2022-02-28 22:32:21
904,1017,2022-02-20 20:58:44,apple_pay,7033.53,2021-01-02 19:30:08,2022-03-17 13:16:31
905,2733,2022-08-27 22:13:14,apple_pay,1255.08,2021-12-25 02:43:33,2022-01-19 00:36:40
906,1644,2022-05-28 09:29:27,debit_card,1837.81,2021-05-27 01:24:32,2022-10-14 12:53:49
907,1201,2022-01-28 00:45:20,venmo,7225.08,2021-01-30 09:50:09,2022-01-06 18:25:03
908,2690,2022-02-22 01:03:58,apple_pay,5637.38,2021-06-28 07:28:07,2022-12-26 13:49:51
909,2836,2022-11-30 19:04:46,debit_card,2406.1,2021-03-04 17:19:42,2022-12-07 10:27:04
910,1950,2022-08-30 10:24:21,venmo,9558.98,2021-04-23 17:26:53,2022-08-29 12:28:26
911,86,2022-05-07 13:41:03,credit_card,2418.44,2021-12-03 14:36:28,2022-05-15 04:52:52
912,1231,2022-08-18 14:09:22,debit_card,6325.66,2021-05-30 23:45:24,2022-03-08 11:22:34
913,1792,2022-01-28 01:52:23,paypal,7044.76,2021-07-28 19:58:16,2022-11-14 22:09:16
914,1473,2022-11-17 13:53:52,debit_card,560.93,2021-06-20 01:59:14,2022-10-28 02:46:21
915,1259,2022-11-24 19:30:38,debit_card,3323.58,2021-07-01 02:00:38,2022-10-10 06:03:48
916,829,2022-10-30 12:20:10,debit_card,3925.41,2021-01-29 10:24:35,2022-02-26 22:34:59
917,2839,2022-11-26 12:23:21,debit_card,3807.98,2021-10-21 00:25:08,2022-12-26 05:46:50
918,1373,2022-03-15 14:29:24,paypal,7008.1,2021-03-11 13:11:01,2022-08-02 07:28:46
919,495,2022-02-27 22:43:54,paypal,1169.05,2021-01-03 02:42:56,2022-01-17 21:27:46
920,2432,2022-02-13 12:37:59,debit_card,7596.58,2021-05-31 10:45:24,2022-09-15 15:14:32
921,2665,2022-04-26 00:06:05,debit_card,8185.45,2021-10-27 20:04:52,2022-12-10 07:00:35
922,1666,2022-02-10 02:49:52,apple_pay,4999.42,2021-07-30 14:46:56,2022-09-08 03:01:34
923,297,2022-02-27 16:32:39,debit_card,1115.71,2021-03-16 21:28:56,2022-03-26 20:08:31
924,2027,2022-09-20 03:06:14,venmo,2166.55,2021-01-23 00:26:52,2022-03-30 02:30:07
925,2432,2022-03-11 23:19:27,venmo,176.51,2021-05-09 23:08:11,2022-06-24 01:26:17
926,439,2022-08-11 16:12:40,paypal,5296.38,2021-04-01 19:25:11,2022-05-24 21:38:34
927,905,2022-09-05 06:07:55,debit_card,7956.16,2021-11-25 02:27:49,2022-09-06 17:58:18
928,2473,2022-06-20 06:16:14,debit_card,9166.02,2021-11-04 20:13:10,2022-01-27 06:45:44
929,1921,2022-01-25 02:47:02,debit_card,4681.23,2021-05-30 16:10:33,2022-08-20 18:32:34
930,789,2022-09-10 10:07:17,paypal,7908.44,2021-03-27 03:51:34,2022-05-18 15:07:44
931,2650,2022-06-26 13:17:09,apple_pay,5425.47,2021-06-03 17:13:23,2022-05-08 13:49:57
932,1804,2022-03-18 05:40:41,credit_card,5036.53,2021-01-02 15:16:57,2022-10-26 05:32:19
933,1779,2022-04-23 10:58:49,debit_card,9420.93,2021-01-28 02:51:42,2022-08-21 18:10:21
934,625,2022-04-08 02:25:36,venmo,4200.02,2021-01-18 13:23:08,2022-08-30 09:06:09
935,178,2022-12-03 19:18:39,paypal,2921.83,2021-05-01 07:28:25,2022-04-30 09:21:44
936,848,2022-08-17 04:27:27,venmo,9297.8,2021-07-28 18:12:30,2022-12-03 22:42:46
937,960,2022-03-06 14:51:22,credit_card,4922.2,2021-07-08 18:14:29,2022-09-07 20:26:59
938,660,2022-07-21 10:54:37,apple_pay,3637.16,2021-05-26 20:35:24,2022-01-01 19:26:43
939,863,2022-03-30 23:36:24,debit_card,3423.56,2021-02-11 16:11:10,2022-12-18 10:44:36
940,1237,2022-07-24 00:10:23,apple_pay,5179.61,2021-06-10 03:22:35,2022-07-15 00:24:37
941,1595,2022-08-17 15:38:51,debit_card,3072.85,2021-02-08 06:02:32,2022-04-23 05:06:56
942,508,2022-03-06 14:08:46,venmo,1029.6,2021-01-28 00:04:36,2022-09-21 00:33:15
943,1489,2022-11-15 01:10:34,credit_card,3424.57,2021-11-24 23:21:42,2022-08-12 23:23:46
944,2188,2022-12-11 13:08:36,venmo,2418.18,2021-10-30 05:40:47,2022-06-05 21:00:00
945,1848,2022-02-25 05:36:28,debit_card,3675.75,2021-05-19 12:06:04,2022-10-19 07:08:03
946,1250,2022-01-31 09:21:23,debit_card,494.74,2021-02-05 21:22:02,2022-11-03 12:11:32
947,2235,2022-04-08 09:06:49,apple_pay,2889.71,2021-03-08 19:31:25,2022-09-26 02:25:08
948,1464,2022-09-14 02:25:40,debit_card,3462.68,2021-07-07 13:33:01,2022-08-19 20:38:34
949,2349,2022-03-17 00:43:29,venmo,9937.26,2021-06-17 15:20:28,2022-09-21 12:17:20
950,508,2022-06-01 12:38:21,debit_card,6237.14,2021-01-31 13:02:52,2022-08-15 20:58:21
951,1922,2022-12-25 07:39:09,venmo,8528.81,2021-07-23 18:33:03,2022-10-21 11:44:50
952,1940,2022-03-09 13:31:50,paypal,9945.14,2021-11-18 20:06:05,2022-12-15 03:35:39
953,1004,2022-09-21 04:35:28,apple_pay,4215.22,2021-07-26 06:33:55,2022-11-15 18:51:32
954,886,2022-08-12 03:54:04,venmo,6720.51,2021-10-10 10:14:58,2022-09-18 16:41:39
955,477,2022-09-10 17:37:02,debit_card,630.53,2021-09-29 12:33:02,2022-02-27 13:15:41
956,1621,2022-04-08 21:11:42,credit_card,8407.34,2021-10-22 17:47:57,2022-09-17 11:02:56
957,231,2022-06-05 02:52:33,venmo,112.75,2021-02-11 08:31:23,2022-08-19 20:23:25
958,2358,2022-03-06 22:22:43,venmo,4564.49,2021-08-09 00:28:49,2022-11-30 04:12:22
959,1798,2022-09-17 15:45:35,apple_pay,5538.71,2021-08-19 18:06:04,2022-07-08 10:37:28
960,166,2022-04-09 11:10:22,paypal,4149.88,2021-01-09 00:36:30,2022-07-21 14:36:20
961,237,2022-06-07 20:24:33,apple_pay,116.12,2021-04-10 19:08:26,2022-09-19 07:39:24
962,1748,2022-09-19 04:22:37,venmo,9303.03,2021-06-17 01:18:27,2022-04-26 07:25:01
963,2225,2022-02-05 05:02:33,debit_card,7518.45,2021-10-17 01:12:19,2022-09-26 00:47:09
964,365,2022-02-27 08:07:05,paypal,5080.29,2021-10-30 23:05:14,2022-05-12 23:28:03
965,1556,2022-10-07 12:01:11,venmo,8606.55,2021-05-22 00:07:09,2022-10-18 00:17:46
966,2148,2022-03-10 13:34:31,paypal,8678.77,2021-03-16 05:03:11,2022-02-03 23:28:11
967,1880,2022-01-09 02:39:00,paypal,6310.79,2021-02-24 08:01:16,2022-06-30 21:40:57
968,497,2022-07-18 18:34:45,venmo,6144.66,2021-02-11 00:29:57,2022-02-28 04:59:59
969,2641,2022-02-05 02:01:34,apple_pay,7300.39,2021-01-30 22:32:23,2022-11-14 22:14:29
970,303,2022-10-18 23:02:05,debit_card,1585.02,2021-03-09 20:47:52,2022-10-04 15:37:26
971,624,2022-07-20 13:27:12,debit_card,3003.07,2021-03-30 12:26:25,2022-02-11 23:44:39
972,2892,2022-07-31 01:48:26,venmo,1354.58,2021-04-14 20:28:52,2022-04-18 18:13:50
973,401,2022-09-23 19:56:33,paypal,2819.69,2021-04-28 03:12:06,2022-07-20 19:43:31
974,2077,2022-06-04 03:03:11,credit_card,8376.3,2021-03-22 16:13:54,2022-08-10 07:49:45
975,2839,2022-07-19 17:47:32,paypal,9813.28,2021-04-03 12:17:59,2022-07-18 01:41:53
976,2885,2022-06-24 03:40:07,apple_pay,2482.15,2021-09-27 05:29:16,2022-05-05 10:39:59
977,2859,2022-06-23 16:53:22,venmo,5720.68,2021-11-21 13:00:23,2022-02-28 15:03:27
978,2361,2022-01-09 22:29:05,credit_card,6528.79,2021-09-07 21:59:02,2022-06-01 11:40:06
979,2056,2022-02-17 01:16:57,paypal,8849.88,2021-01-22 02:27:19,2022-10-21 23:51:42
980,665,2022-09-29 20:42:01,paypal,2596.73,2021-01-09 22:01:24,2022-02-24 05:04:23
981,1779,2022-10-26 21:53:01,debit_card,4971.62,2021-02-13 06:17:19,2022-12-08 18:48:50
982,1752,2022-10-20 17:20:20,debit_card,126.21,2021-10-22 16:44:11,2022-04-06 06:20:33
983,980,2022-10-26 20:55:37,credit_card,5892.45,2021-10-13 19:38:56,2022-02-04 13:04:31
984,107,2022-05-01 05:33:37,credit_card,1535.02,2021-03-28 20:42:36,2022-05-20 10:09:33
985,1151,2022-06-05 08:32:15,paypal,906.25,2021-06-22 06:04:25,2022-01-29 03:47:22
986,1954,2022-09-28 18:59:27,credit_card,9258.61,2021-01-15 22:23:14,2022-03-11 11:06:28
987,666,2022-06-08 08:34:38,paypal,3646.01,2021-05-30 06:44:41,2022-08-09 19:40:12
988,2523,2022-09-10 01:34:47,paypal,6941.55,2021-07-26 07:51:38,2022-07-04 06:26:07
989,1647,2022-02-19 14:57:45,credit_card,3009.28,2021-02-13 06:30:20,2022-11-13 11:52:13
990,1110,2022-11-22 01:51:40,credit_card,6975.18,2021-04-28 08:00:39,2022-03-08 08:16:54
991,61,2022-09-15 10:06:45,paypal,1841.19,2021-03-26 07:50:30,2022-02-02 07:07:35
992,141,2022-09-03 11:57:54,apple_pay,97.23,2021-01-17 12:16:18,2022-10-31 18:14:52
993,2356,2022-10-07 18:44:30,debit_card,7640.37,2021-10-03 04:24:16,2022-04-09 09:23:23
994,2092,2022-02-17 13:44:56,apple_pay,779.16,2021-06-05 22:28:58,2022-11-05 22:50:21
995,1215,2022-08-21 20:26:44,credit_card,9279.63,2021-10-07 13:11:15,2022-01-05 12:48:45
996,1685,2022-01-01 20:03:53,venmo,9928.98,2021-10-10 22:30:36,2022-01-19 23:11:52
997,1562,2022-05-01 20:33:43,venmo,8545.04,2021-05-13 10:40:59,2022-08-03 03:26:49
998,2314,2022-11-08 03:25:48,apple_pay,9032.18,2021-07-07 07:49:26,2022-08-10 06:15:09
999,2523,2022-02-26 19:02:16,apple_pay,9136.22,2021-12-30 22:29:14,2022-02-10 03:44:37
1000,1367,2022-11-04 18:50:30,paypal,6058.08,2021-07-18 01:23:01,2022-01-17 17:37:05
