review_id,product_id,user_id,rating,comment,created_at,updated_at
1001,244,873,3,great value for the price,2021-12-19 13:49:50,2022-01-23 08:21:29
1002,137,646,4,Impressed with the durability and design,2021-05-01 14:41:34,2022-01-12 17:03:34
1003,315,913,4,worth every penny,2021-03-13 03:48:08,2022-02-01 21:54:39
1004,101,655,3,it's a game-changer,2021-04-25 00:14:43,2022-07-17 01:41:12
1005,100,697,5,highly recommend!,2021-02-13 06:16:51,2022-01-08 16:22:41
1006,236,411,3,Absolutely love this product,2021-03-31 23:16:53,2022-05-05 02:21:41
1007,237,132,3,Incredible product,2021-06-11 19:36:28,2022-05-11 03:22:14
1008,369,771,4,Incredible product,2021-06-16 10:39:32,2022-07-07 05:29:58
1009,219,234,3,Couldn't be happier with my purchase,2021-07-30 15:05:45,2022-03-21 13:49:00
1010,205,356,3,will definitely buy again,2021-04-02 06:13:17,2022-07-14 22:28:10
1011,38,831,4,exceeded my expectations,2021-07-07 12:18:29,2022-05-09 18:49:10
1012,39,313,3,will definitely buy again,2021-06-13 01:29:16,2022-07-02 13:02:06
1013,37,408,3,Top-notch quality,2021-11-08 05:26:44,2022-03-30 13:35:00
1014,421,815,3,Amazing quality,2021-02-02 06:07:24,2022-05-05 12:35:12
1015,150,29,4,Top-notch quality,2021-06-29 16:42:34,2022-05-10 06:25:34
1016,241,349,4,it's a game-changer,2021-03-06 23:51:07,2022-02-24 06:08:53
1017,260,139,5,Top-notch quality,2021-12-27 04:11:14,2022-03-12 21:58:35
1018,440,361,3,Absolutely love this product,2021-02-10 12:05:28,2022-12-17 10:31:25
1019,477,719,4,great value for the price,2021-11-21 12:21:55,2022-12-18 22:02:49
1020,194,166,3,exceeded my expectations,2021-01-19 02:59:03,2022-06-08 11:23:34
1021,318,708,3,great value for the price,2021-08-28 06:00:57,2022-02-03 06:31:57
1022,105,616,4,worth every penny,2021-09-08 19:13:02,2022-09-26 04:46:50
1023,96,867,3,Amazing quality,2021-01-12 02:40:43,2022-07-06 08:00:16
1024,207,858,5,Best purchase ever,2021-08-13 17:29:22,2022-10-22 19:50:12
1025,140,287,5,Absolutely love this product,2021-05-25 15:36:18,2022-07-11 00:41:02
1026,383,630,4,Highly satisfied with the performance and features,2021-08-20 00:14:56,2022-08-25 14:26:02
1027,274,587,5,great value for the price,2021-05-18 17:44:12,2022-06-03 20:08:39
1028,174,614,5,Fantastic product,2021-10-13 20:52:33,2022-11-11 12:47:30
1029,14,555,3,will definitely buy again,2021-02-28 14:29:01,2022-01-15 13:23:48
1030,388,972,4,Highly satisfied with the performance and features,2021-11-08 10:25:06,2022-11-22 10:57:44
1031,417,887,3,exceeded my expectations,2021-02-28 23:04:09,2022-06-23 11:25:27
1032,178,951,3,it's a game-changer,2021-04-23 22:33:04,2022-02-27 04:13:07
1033,326,371,3,highly recommend!,2021-12-24 15:18:51,2022-05-29 00:16:54
1034,407,146,5,worth every penny,2021-05-05 10:11:32,2022-01-30 04:04:44
1035,431,361,4,Highly satisfied with the performance and features,2021-07-23 07:13:19,2022-05-08 12:58:10
1036,222,441,3,Excellent customer service and product quality,2021-10-10 05:30:34,2022-08-29 22:31:16
1037,415,288,5,will definitely buy again,2021-07-28 14:46:24,2022-01-25 07:56:20
1038,142,461,3,Top-notch quality,2021-02-15 06:33:10,2022-09-25 03:56:53
1039,448,34,5,Absolutely love this product,2021-11-26 16:27:56,2022-07-15 14:11:44
1040,185,901,4,Best purchase ever,2021-02-06 12:11:28,2022-12-03 12:06:46
1041,499,862,3,Couldn't be happier with my purchase,2021-03-03 01:54:46,2022-08-23 19:06:52
1042,30,694,3,worth every penny,2021-11-01 18:33:52,2022-12-17 04:53:00
1043,307,413,5,Absolutely love this product,2021-06-30 01:51:35,2022-01-08 13:00:59
1044,439,630,4,exceeded my expectations,2021-06-26 00:12:27,2022-04-19 14:06:32
1045,168,976,3,Top-notch quality,2021-07-10 11:29:20,2022-09-28 19:21:36
1046,172,949,3,Incredible product,2021-08-18 10:15:02,2022-12-21 15:54:48
1047,6,525,5,Couldn't be happier with my purchase,2021-07-22 09:19:45,2022-06-10 07:46:41
1048,244,901,5,it's a game-changer,2021-06-09 02:34:57,2022-05-06 14:04:04
1049,438,662,3,Impressed with the durability and design,2021-02-07 02:52:46,2022-11-11 08:09:00
1050,310,692,5,exceeded my expectations,2021-07-15 07:19:57,2022-06-23 01:19:34
1051,182,531,5,Incredible product,2021-03-30 06:17:11,2022-07-19 08:16:13
1052,474,534,3,Absolutely love this product,2021-06-27 22:41:38,2022-08-18 04:57:32
1053,386,813,3,Absolutely love this product,2021-11-14 23:41:53,2022-03-09 01:20:01
1054,464,454,4,Incredible product,2021-08-30 18:02:28,2022-05-11 23:53:30
1055,270,87,4,Top-notch quality,2021-06-27 21:35:31,2022-12-17 11:03:19
1056,386,743,4,Top-notch quality,2021-05-07 11:45:38,2022-06-25 11:56:36
1057,345,445,4,Absolutely love this product,2021-08-18 02:27:38,2022-05-07 09:36:27
1058,282,630,5,Incredible product,2021-04-29 03:51:20,2022-09-05 04:26:37
1059,87,154,3,Fantastic product,2021-12-19 13:58:03,2022-08-02 12:26:40
1060,291,936,3,it's a game-changer,2021-06-17 22:24:54,2022-04-27 05:08:37
1061,304,645,4,Top-notch quality,2021-04-22 17:12:18,2022-01-27 13:41:54
1062,340,497,3,great value for the price,2021-06-15 21:21:02,2022-02-05 20:12:43
1063,357,661,4,Absolutely love this product,2021-06-14 05:30:45,2022-05-21 23:34:56
1064,166,548,3,Impressed with the durability and design,2021-09-17 13:18:12,2022-08-23 10:51:52
1065,23,955,5,great value for the price,2021-05-21 00:44:22,2022-06-07 05:08:24
1066,93,299,5,Incredible product,2021-06-12 05:35:19,2022-04-07 11:27:44
1067,251,959,4,worth every penny,2021-09-05 01:37:24,2022-03-20 08:41:54
1068,432,517,4,exceeded my expectations,2021-02-04 15:20:25,2022-04-22 11:09:57
1069,78,336,4,Incredible product,2021-11-03 13:17:33,2022-11-11 10:23:13
1070,379,527,4,Amazing quality,2021-01-02 08:29:36,2022-06-27 20:36:37
1071,159,308,4,Highly satisfied with the performance and features,2021-08-19 18:12:44,2022-11-17 01:44:07
1072,256,10,5,Best purchase ever,2021-09-08 19:37:29,2022-06-03 13:33:36
1073,114,321,3,Best purchase ever,2021-01-04 13:56:53,2022-10-15 20:12:17
1074,16,252,4,Couldn't be happier with my purchase,2021-12-29 03:41:59,2022-02-03 19:34:01
1075,305,187,5,Top-notch quality,2021-05-01 11:23:48,2022-12-01 08:27:06
1076,84,501,3,Excellent customer service and product quality,2021-02-18 06:28:23,2022-07-03 13:29:00
1077,211,223,5,Fantastic product,2021-11-03 12:59:10,2022-06-14 11:58:55
1078,441,777,5,Incredible product,2021-07-22 01:48:54,2022-09-01 09:04:12
1079,171,781,3,highly recommend!,2021-07-02 12:58:13,2022-07-16 01:37:35
1080,400,708,3,great value for the price,2021-07-04 18:32:56,2022-01-16 12:36:48
1081,62,223,3,Best purchase ever,2021-12-05 20:18:59,2022-03-06 06:50:31
1082,485,959,5,Absolutely love this product,2021-08-03 00:51:53,2022-05-24 21:35:39
1083,380,956,5,will definitely buy again,2021-09-21 11:05:13,2022-04-21 23:31:14
1084,251,735,5,Incredible product,2021-08-21 08:35:07,2022-09-27 12:52:25
1085,419,356,4,Excellent customer service and product quality,2021-08-13 19:14:50,2022-12-28 18:47:18
1086,308,714,3,Top-notch quality,2021-12-15 05:13:56,2022-12-24 17:03:37
1087,416,25,4,Top-notch quality,2021-11-17 01:47:37,2022-03-10 06:10:26
1088,30,809,4,worth every penny,2021-02-18 11:26:55,2022-01-20 13:29:31
1089,438,894,3,Impressed with the durability and design,2021-04-11 07:53:07,2022-02-21 10:06:42
1090,356,245,5,highly recommend!,2021-01-15 15:05:55,2022-03-23 05:53:04
1091,90,247,4,Best purchase ever,2021-07-21 18:04:16,2022-12-18 07:13:04
1092,457,56,3,Highly satisfied with the performance and features,2021-05-09 12:55:30,2022-08-14 15:02:41
1093,99,876,5,Impressed with the durability and design,2021-09-12 03:30:04,2022-02-10 17:47:31
1094,283,292,5,it's a game-changer,2021-03-14 14:13:32,2022-03-25 11:26:52
1095,494,92,4,Highly satisfied with the performance and features,2021-07-01 18:30:14,2022-04-21 05:19:35
1096,90,696,3,it's a game-changer,2021-08-30 12:21:55,2022-05-03 10:59:52
1097,235,347,5,will definitely buy again,2021-12-03 08:10:25,2022-12-11 10:15:23
1098,340,831,5,great value for the price,2021-08-09 02:04:28,2022-11-10 19:30:23
1099,106,135,3,Best purchase ever,2021-05-30 08:01:52,2022-06-14 17:57:30
1100,219,916,4,Absolutely love this product,2021-02-22 19:52:41,2022-10-03 20:09:19
1101,28,310,4,Couldn't be happier with my purchase,2021-10-22 03:24:49,2022-08-09 02:30:12
1102,477,735,4,Impressed with the durability and design,2021-05-27 06:02:05,2022-12-29 02:33:44
1103,174,337,4,Impressed with the durability and design,2021-10-11 15:15:26,2022-02-22 05:03:03
1104,27,346,4,exceeded my expectations,2021-07-05 01:06:45,2022-09-17 14:14:26
1105,86,611,4,highly recommend!,2021-08-17 09:22:42,2022-06-26 23:51:24
1106,3,869,4,it's a game-changer,2021-04-25 17:04:15,2022-04-23 20:07:18
1107,187,797,4,Absolutely love this product,2021-01-05 14:56:15,2022-05-11 14:13:11
1108,287,254,3,exceeded my expectations,2021-09-12 00:39:12,2022-04-25 09:48:42
1109,189,798,3,Excellent customer service and product quality,2021-10-24 12:50:35,2022-04-11 14:33:14
1110,246,424,4,Amazing quality,2021-01-23 04:14:25,2022-11-21 18:08:10
1111,164,450,5,Highly satisfied with the performance and features,2021-10-22 14:17:41,2022-06-14 16:45:20
1112,334,704,4,Absolutely love this product,2021-01-22 14:30:33,2022-08-11 06:26:40
1113,134,795,5,worth every penny,2021-08-25 16:24:13,2022-08-05 07:30:03
1114,351,684,4,Amazing quality,2021-12-22 04:15:15,2022-05-04 16:58:49
1115,391,773,3,Highly satisfied with the performance and features,2021-01-18 02:58:52,2022-03-30 23:39:34
1116,105,357,3,worth every penny,2021-05-06 09:04:24,2022-11-18 17:00:34
1117,85,332,5,Highly satisfied with the performance and features,2021-04-11 11:59:04,2022-03-12 01:52:33
1118,471,540,4,Amazing quality,2021-10-02 16:38:04,2022-01-29 16:04:16
1119,366,886,4,Absolutely love this product,2021-05-07 09:45:07,2022-09-16 17:28:00
1120,194,38,3,Impressed with the durability and design,2021-04-23 06:42:05,2022-11-17 00:43:29
1121,371,917,3,Couldn't be happier with my purchase,2021-05-26 04:30:50,2022-06-29 11:05:43
1122,375,818,3,Couldn't be happier with my purchase,2021-07-11 07:30:36,2022-09-14 19:29:28
1123,364,449,5,Absolutely love this product,2021-07-10 17:40:46,2022-01-29 23:40:06
1124,298,217,4,Excellent customer service and product quality,2021-04-28 06:33:35,2022-04-05 17:25:51
1125,63,371,4,great value for the price,2021-02-02 11:49:44,2022-08-23 07:24:46
1126,296,483,5,Incredible product,2021-11-07 12:39:26,2022-10-31 00:23:15
1127,269,756,3,worth every penny,2021-05-26 14:31:06,2022-11-17 15:03:06
1128,329,662,4,Excellent customer service and product quality,2021-06-28 11:35:40,2022-09-10 22:42:29
1129,276,33,5,Fantastic product,2021-03-23 17:24:31,2022-07-23 11:04:18
1130,248,287,3,it's a game-changer,2021-08-20 05:56:09,2022-03-26 01:34:11
1131,267,27,4,Excellent customer service and product quality,2021-07-08 17:53:40,2022-09-05 21:58:28
1132,91,686,5,Excellent customer service and product quality,2021-07-12 18:16:56,2022-01-07 03:40:06
1133,385,363,4,exceeded my expectations,2021-03-30 04:45:12,2022-01-04 01:32:47
1134,254,42,5,great value for the price,2021-09-13 09:41:10,2022-03-21 02:53:38
1135,243,110,5,Fantastic product,2021-01-04 03:38:49,2022-11-04 08:32:34
1136,328,578,4,Incredible product,2021-10-31 10:18:25,2022-09-13 04:46:05
1137,131,289,3,Couldn't be happier with my purchase,2021-10-14 09:41:07,2022-01-21 16:29:31
1138,40,878,4,it's a game-changer,2021-10-18 05:12:44,2022-02-28 02:40:01
1139,210,679,5,it's a game-changer,2021-03-06 03:13:16,2022-09-11 20:34:10
1140,351,758,3,Fantastic product,2021-11-28 20:32:42,2022-01-07 17:38:43
1141,193,349,5,Fantastic product,2021-05-11 17:15:39,2022-06-16 16:34:54
1142,35,98,4,will definitely buy again,2021-05-05 15:36:12,2022-04-24 21:39:48
1143,290,634,5,great value for the price,2021-05-20 19:53:25,2022-02-23 09:30:46
1144,394,109,5,Top-notch quality,2021-12-24 08:18:49,2022-11-22 03:21:32
1145,132,75,5,Top-notch quality,2021-04-30 03:58:47,2022-05-06 07:59:28
1146,46,483,5,Amazing quality,2021-12-11 18:06:46,2022-08-08 01:21:27
1147,449,868,4,great value for the price,2021-04-30 06:09:45,2022-07-03 01:09:17
1148,187,543,4,Couldn't be happier with my purchase,2021-03-10 08:33:05,2022-12-30 10:36:03
1149,205,338,3,Highly satisfied with the performance and features,2021-06-02 04:48:52,2022-11-24 19:31:17
1150,15,284,4,Excellent customer service and product quality,2021-07-18 05:37:39,2022-02-01 00:42:36
1151,28,707,4,it's a game-changer,2021-03-24 04:31:30,2022-07-03 02:34:24
1152,39,687,5,highly recommend!,2021-03-13 20:06:39,2022-05-09 21:03:20
1153,92,551,4,Amazing quality,2021-09-05 15:20:46,2022-04-04 03:16:02
1154,500,507,3,worth every penny,2021-06-24 09:13:05,2022-08-21 01:19:24
1155,371,542,3,Highly satisfied with the performance and features,2021-05-23 21:39:13,2022-07-26 14:21:16
1156,289,21,5,worth every penny,2021-09-21 02:52:08,2022-07-02 21:41:18
1157,272,463,5,highly recommend!,2021-06-20 02:50:23,2022-09-12 14:41:34
1158,26,975,4,Top-notch quality,2021-06-29 14:01:21,2022-06-19 10:54:05
1159,296,39,4,Top-notch quality,2021-01-09 12:09:05,2022-10-14 00:26:37
1160,64,357,5,Amazing quality,2021-04-06 09:08:11,2022-08-29 09:42:41
1161,438,807,4,highly recommend!,2021-03-21 02:32:39,2022-12-19 13:04:06
1162,318,346,3,Incredible product,2021-06-11 22:36:10,2022-12-27 00:35:31
1163,140,732,3,Couldn't be happier with my purchase,2021-07-25 16:48:12,2022-10-02 18:34:13
1164,171,873,3,worth every penny,2021-02-24 11:01:32,2022-05-20 03:14:42
1165,473,619,5,Impressed with the durability and design,2021-06-02 05:33:12,2022-08-05 07:15:41
1166,243,842,3,Amazing quality,2021-01-17 02:19:10,2022-11-29 18:29:02
1167,448,132,4,Top-notch quality,2021-01-03 16:39:00,2022-07-08 21:21:50
1168,393,241,3,will definitely buy again,2021-11-03 14:49:49,2022-01-20 02:17:34
1169,98,819,3,Highly satisfied with the performance and features,2021-07-21 23:07:05,2022-10-08 06:47:41
1170,64,18,4,Top-notch quality,2021-05-07 16:46:20,2022-12-19 02:22:31
1171,373,524,4,great value for the price,2021-09-11 04:28:16,2022-06-24 22:19:49
1172,227,59,5,will definitely buy again,2021-10-19 21:28:01,2022-07-15 23:42:06
1173,443,334,4,it's a game-changer,2021-07-21 04:26:58,2022-01-18 20:13:14
1174,58,438,4,Excellent customer service and product quality,2021-01-10 12:12:34,2022-02-14 11:54:58
1175,334,11,5,great value for the price,2021-06-11 21:47:19,2022-12-10 20:33:08
1176,381,471,3,will definitely buy again,2021-03-26 12:44:25,2022-05-11 18:48:10
1177,229,218,3,it's a game-changer,2021-08-06 16:57:01,2022-10-31 07:40:12
1178,109,832,4,Absolutely love this product,2021-09-24 11:33:58,2022-08-01 10:05:45
1179,43,770,4,Couldn't be happier with my purchase,2021-10-23 02:29:33,2022-07-08 21:04:42
1180,487,248,4,Fantastic product,2021-01-28 04:25:43,2022-01-27 17:37:57
1181,151,810,4,Fantastic product,2021-11-20 17:41:27,2022-02-09 04:55:53
1182,408,379,4,Best purchase ever,2021-01-22 18:43:15,2022-05-29 14:48:09
1183,36,115,4,Highly satisfied with the performance and features,2021-08-15 04:43:46,2022-04-13 09:13:55
1184,19,413,5,worth every penny,2021-05-09 23:00:41,2022-08-11 07:18:49
1185,284,433,3,Fantastic product,2021-10-13 23:02:51,2022-08-05 07:57:49
1186,292,577,3,worth every penny,2021-05-24 20:38:45,2022-07-11 17:37:40
1187,259,698,3,Couldn't be happier with my purchase,2021-02-24 15:13:38,2022-01-29 23:46:25
1188,457,442,3,highly recommend!,2021-09-16 23:26:57,2022-05-23 04:58:33
1189,338,366,4,Incredible product,2021-03-15 21:24:29,2022-11-17 06:38:31
1190,450,960,5,Excellent customer service and product quality,2021-03-05 07:30:14,2022-12-02 05:06:19
1191,383,814,3,Top-notch quality,2021-07-27 02:53:23,2022-01-12 21:00:51
1192,331,549,3,Absolutely love this product,2021-09-14 02:53:27,2022-06-07 18:26:10
1193,404,883,5,will definitely buy again,2021-08-30 14:42:32,2022-07-26 23:33:47
1194,56,875,5,worth every penny,2021-08-03 18:44:44,2022-09-19 18:54:47
1195,265,704,5,Highly satisfied with the performance and features,2021-01-23 07:08:41,2022-03-04 14:23:32
1196,74,851,5,great value for the price,2021-01-10 12:18:41,2022-01-09 03:32:12
1197,18,793,5,will definitely buy again,2021-12-14 09:10:58,2022-02-12 09:29:04
1198,450,105,4,it's a game-changer,2021-08-20 03:10:24,2022-11-15 11:35:00
1199,188,611,3,will definitely buy again,2021-06-03 14:05:06,2022-08-10 04:57:33
1200,68,147,4,will definitely buy again,2021-01-16 01:18:56,2022-08-08 18:40:25
1201,363,571,5,Excellent customer service and product quality,2021-05-07 04:44:17,2022-02-14 23:49:34
1202,244,855,3,will definitely buy again,2021-11-14 18:07:40,2022-07-21 14:22:23
1203,433,251,3,highly recommend!,2021-05-05 03:21:33,2022-12-15 11:37:45
1204,345,382,4,Absolutely love this product,2021-04-21 16:06:35,2022-12-14 15:29:33
1205,98,739,5,Incredible product,2021-04-17 11:42:18,2022-12-25 14:08:21
1206,424,5,5,Couldn't be happier with my purchase,2021-09-04 01:42:37,2022-12-03 08:28:45
1207,322,426,4,Highly satisfied with the performance and features,2021-08-31 11:24:53,2022-01-18 07:16:59
1208,38,116,4,Excellent customer service and product quality,2021-02-10 10:30:42,2022-08-03 19:02:32
1209,67,233,3,will definitely buy again,2021-05-06 02:05:24,2022-03-10 09:00:10
1210,6,664,5,Incredible product,2021-02-20 14:12:12,2022-07-16 00:26:25
1211,174,458,5,highly recommend!,2021-01-27 21:57:20,2022-07-10 13:10:56
1212,198,946,3,will definitely buy again,2021-01-11 04:00:17,2022-12-08 00:11:46
1213,125,637,4,worth every penny,2021-06-11 16:52:05,2022-03-17 00:06:45
1214,398,519,3,Absolutely love this product,2021-11-17 08:25:43,2022-10-21 14:33:58
1215,118,396,4,Amazing quality,2021-12-24 05:34:07,2022-09-04 01:41:01
1216,487,27,5,Amazing quality,2021-04-30 01:40:15,2022-11-24 07:38:02
1217,266,352,5,Incredible product,2021-04-02 18:31:05,2022-08-03 21:12:27
1218,262,582,4,great value for the price,2021-04-12 20:02:38,2022-05-13 00:05:09
1219,219,28,3,Best purchase ever,2021-02-01 05:48:03,2022-01-09 18:49:08
1220,239,48,3,Amazing quality,2021-10-01 15:59:13,2022-07-12 21:53:27
1221,376,756,5,Impressed with the durability and design,2021-01-01 13:32:34,2022-06-13 20:11:53
1222,308,484,5,Top-notch quality,2021-08-28 21:06:35,2022-06-08 07:44:29
1223,362,346,5,it's a game-changer,2021-12-30 22:32:26,2022-12-01 05:33:51
1224,408,138,3,Incredible product,2021-06-02 19:20:44,2022-03-13 02:50:03
1225,442,828,4,Top-notch quality,2021-10-27 13:03:01,2022-06-02 09:31:36
1226,46,630,5,Excellent customer service and product quality,2021-04-22 21:04:57,2022-08-20 16:31:06
1227,251,976,3,great value for the price,2021-07-04 05:19:08,2022-01-24 13:16:32
1228,57,769,3,Amazing quality,2021-03-23 17:17:07,2022-10-26 06:10:23
1229,418,568,5,Top-notch quality,2021-09-19 08:47:38,2022-05-13 04:21:58
1230,199,256,3,Amazing quality,2021-07-25 04:22:09,2022-08-02 05:54:55
1231,462,56,3,Couldn't be happier with my purchase,2021-06-28 18:55:40,2022-11-25 00:47:41
1232,23,499,5,it's a game-changer,2021-11-07 17:46:55,2022-05-10 09:58:26
1233,385,723,4,Highly satisfied with the performance and features,2021-07-03 10:49:15,2022-05-19 19:30:02
1234,168,549,3,Best purchase ever,2021-10-25 01:26:22,2022-02-28 13:55:28
1235,464,630,3,worth every penny,2021-01-02 03:34:33,2022-09-09 12:04:01
1236,454,162,4,Incredible product,2021-04-27 14:00:48,2022-04-07 23:44:59
1237,428,600,4,Absolutely love this product,2021-04-09 10:51:04,2022-07-28 21:47:48
1238,59,46,3,Impressed with the durability and design,2021-12-12 08:08:44,2022-12-27 00:32:00
1239,436,642,4,Highly satisfied with the performance and features,2021-09-13 23:28:28,2022-02-21 09:46:02
1240,311,655,4,Amazing quality,2021-04-01 20:32:15,2022-06-25 04:52:43
1241,256,122,5,Incredible product,2021-10-06 05:52:20,2022-09-16 08:28:42
1242,373,367,5,Couldn't be happier with my purchase,2021-03-20 16:28:08,2022-01-01 06:08:27
1243,379,504,5,worth every penny,2021-07-29 16:44:31,2022-08-11 09:14:16
1244,200,16,4,Highly satisfied with the performance and features,2021-05-02 18:29:26,2022-11-21 18:43:16
1245,28,677,3,Highly satisfied with the performance and features,2021-02-06 23:11:59,2022-10-30 04:01:35
1246,193,91,5,Couldn't be happier with my purchase,2021-12-21 19:50:30,2022-07-31 21:45:27
1247,355,235,4,Highly satisfied with the performance and features,2021-07-15 09:39:06,2022-05-02 15:06:38
1248,163,484,4,Incredible product,2021-10-29 19:41:04,2022-12-20 08:50:08
1249,403,813,3,Couldn't be happier with my purchase,2021-09-01 01:15:36,2022-02-07 22:15:17
1250,237,138,4,Excellent customer service and product quality,2021-03-30 16:02:01,2022-07-31 14:46:11
1251,91,979,3,will definitely buy again,2021-11-20 15:00:50,2022-07-10 06:34:29
1252,304,768,5,Fantastic product,2021-01-20 21:14:46,2022-03-05 03:49:31
1253,67,381,3,Impressed with the durability and design,2021-11-18 18:59:32,2022-12-07 07:18:02
1254,5,486,5,highly recommend!,2021-10-23 10:53:57,2022-09-02 23:53:47
1255,370,240,3,great value for the price,2021-07-18 05:31:10,2022-03-08 20:47:34
1256,17,433,3,Excellent customer service and product quality,2021-10-13 10:46:12,2022-03-22 01:45:14
1257,359,765,5,highly recommend!,2021-10-20 07:15:17,2022-09-02 16:29:21
1258,288,714,4,Highly satisfied with the performance and features,2021-07-09 21:31:52,2022-10-10 22:18:43
1259,306,877,5,exceeded my expectations,2021-10-03 11:09:30,2022-03-12 20:25:48
1260,337,685,5,it's a game-changer,2021-10-25 07:25:54,2022-12-24 00:01:14
1261,302,39,3,Absolutely love this product,2021-01-07 22:56:25,2022-02-12 07:56:17
1262,478,752,5,worth every penny,2021-12-20 19:24:21,2022-07-05 09:36:57
1263,417,857,3,worth every penny,2021-05-10 07:07:46,2022-01-16 05:31:22
1264,409,175,5,worth every penny,2021-05-17 21:58:37,2022-02-05 11:50:40
1265,369,880,3,Absolutely love this product,2021-11-18 09:05:47,2022-11-29 21:37:55
1266,101,858,4,will definitely buy again,2021-06-12 10:58:54,2022-03-19 05:59:23
1267,13,383,4,Excellent customer service and product quality,2021-11-16 20:00:54,2022-12-17 20:19:18
1268,341,966,4,Incredible product,2021-02-27 05:35:25,2022-10-06 06:15:23
1269,123,696,5,will definitely buy again,2021-12-23 04:49:55,2022-11-02 19:57:53
1270,49,169,3,exceeded my expectations,2021-04-26 13:20:52,2022-07-26 10:47:54
1271,189,74,5,Excellent customer service and product quality,2021-04-14 17:42:47,2022-08-02 20:41:01
1272,278,866,4,Couldn't be happier with my purchase,2021-09-23 07:12:05,2022-09-01 13:30:06
1273,340,403,5,it's a game-changer,2021-03-07 19:54:48,2022-10-16 15:56:20
1274,202,594,3,will definitely buy again,2021-08-11 09:41:17,2022-01-26 15:45:19
1275,302,570,4,Best purchase ever,2021-08-24 12:41:41,2022-09-11 16:07:56
1276,72,380,3,Excellent customer service and product quality,2021-12-24 13:05:22,2022-11-06 00:08:04
1277,281,5,3,highly recommend!,2021-03-19 03:39:44,2022-11-24 17:58:15
1278,394,40,5,highly recommend!,2021-07-28 19:40:20,2022-10-13 10:06:32
1279,362,102,4,Couldn't be happier with my purchase,2021-09-05 03:41:07,2022-04-20 14:59:27
1280,83,841,4,highly recommend!,2021-08-05 13:34:06,2022-08-03 13:27:35
1281,202,200,3,worth every penny,2021-07-11 14:41:19,2022-07-28 00:50:52
1282,245,31,3,exceeded my expectations,2021-11-24 16:39:23,2022-10-07 06:40:07
1283,359,373,4,Impressed with the durability and design,2021-12-21 13:28:00,2022-01-04 09:58:21
1284,33,231,4,will definitely buy again,2021-12-26 11:00:53,2022-03-11 08:17:14
1285,44,728,4,Incredible product,2021-09-29 00:18:39,2022-03-26 21:11:39
1286,54,393,5,Absolutely love this product,2021-06-07 19:01:45,2022-08-30 12:06:23
1287,369,956,5,worth every penny,2021-05-26 16:35:20,2022-05-12 16:37:35
1288,201,59,3,it's a game-changer,2021-12-18 03:57:08,2022-04-07 10:08:04
1289,427,994,3,Couldn't be happier with my purchase,2021-01-11 07:38:58,2022-11-01 17:12:18
1290,360,228,4,great value for the price,2021-01-09 18:15:06,2022-03-22 19:15:21
1291,178,365,5,Highly satisfied with the performance and features,2021-07-20 16:53:06,2022-09-15 23:31:08
1292,450,899,3,Couldn't be happier with my purchase,2021-04-09 00:47:31,2022-05-27 05:02:44
1293,466,693,3,great value for the price,2021-06-07 14:31:29,2022-01-10 14:10:05
1294,13,228,5,Couldn't be happier with my purchase,2021-12-29 18:09:14,2022-11-09 10:46:14
1295,87,983,3,Absolutely love this product,2021-06-03 04:08:26,2022-04-12 20:38:29
1296,86,985,3,Top-notch quality,2021-02-09 16:22:08,2022-01-14 08:07:39
1297,193,185,5,great value for the price,2021-08-11 12:16:12,2022-03-10 19:10:56
1298,385,306,3,Couldn't be happier with my purchase,2021-07-05 10:48:35,2022-09-07 01:14:10
1299,253,921,5,Best purchase ever,2021-02-12 16:12:43,2022-12-18 12:46:38
1300,368,644,3,exceeded my expectations,2021-12-04 20:52:16,2022-03-20 03:12:24
1301,415,862,4,highly recommend!,2021-11-30 23:20:55,2022-08-17 11:23:18
1302,90,795,5,worth every penny,2021-01-19 02:41:06,2022-01-26 00:26:28
1303,322,444,5,Best purchase ever,2021-08-14 18:58:58,2022-09-06 02:47:24
1304,159,989,3,great value for the price,2021-09-17 08:49:23,2022-03-26 23:33:40
1305,499,501,4,Couldn't be happier with my purchase,2021-03-23 21:46:06,2022-08-15 00:42:27
1306,152,163,3,Amazing quality,2021-03-16 17:50:53,2022-04-07 09:32:47
1307,63,740,4,Incredible product,2021-05-03 01:14:08,2022-05-23 13:13:22
1308,25,965,4,exceeded my expectations,2021-12-24 17:18:11,2022-07-16 22:47:36
1309,241,776,4,exceeded my expectations,2021-11-27 10:04:31,2022-01-26 21:55:33
1310,480,858,4,Absolutely love this product,2021-11-28 14:54:19,2022-11-02 03:55:21
1311,390,178,3,it's a game-changer,2021-09-17 22:24:36,2022-04-12 17:51:16
1312,197,807,4,Impressed with the durability and design,2021-12-10 06:17:13,2022-04-05 07:58:12
1313,467,10,3,Amazing quality,2021-07-18 10:17:18,2022-05-29 08:54:39
1314,269,842,3,great value for the price,2021-06-29 07:21:54,2022-03-20 10:39:37
1315,491,779,4,Best purchase ever,2021-04-14 02:19:58,2022-10-27 04:16:55
1316,40,340,3,it's a game-changer,2021-11-04 13:01:16,2022-09-02 03:31:29
1317,361,19,5,Couldn't be happier with my purchase,2021-11-06 09:27:39,2022-05-18 23:57:08
1318,141,731,5,worth every penny,2021-11-30 08:36:58,2022-05-28 14:22:26
1319,221,460,4,will definitely buy again,2021-04-10 02:32:14,2022-03-14 20:23:10
1320,286,886,3,Excellent customer service and product quality,2021-10-23 15:46:00,2022-03-04 08:59:49
1321,396,390,4,Highly satisfied with the performance and features,2021-05-06 03:47:31,2022-05-12 16:03:43
1322,386,573,4,Excellent customer service and product quality,2021-06-11 10:49:09,2022-07-08 16:24:31
1323,187,645,4,Excellent customer service and product quality,2021-06-03 09:18:43,2022-10-23 20:18:14
1324,408,97,5,it's a game-changer,2021-11-15 08:05:04,2022-11-26 07:09:29
1325,42,546,4,Highly satisfied with the performance and features,2021-09-10 00:52:35,2022-09-13 02:41:15
1326,376,4,3,exceeded my expectations,2021-11-05 18:14:17,2022-05-05 00:03:43
1327,386,109,3,Top-notch quality,2021-10-13 08:27:36,2022-10-06 07:50:31
1328,480,601,3,Fantastic product,2021-01-13 00:41:28,2022-08-26 20:03:03
1329,411,837,4,Fantastic product,2021-07-17 21:23:07,2022-05-16 22:07:40
1330,259,862,5,will definitely buy again,2021-01-24 17:00:28,2022-03-07 10:36:28
1331,15,25,4,Amazing quality,2021-01-23 22:53:41,2022-08-02 05:19:41
1332,123,860,4,Incredible product,2021-05-12 19:48:13,2022-11-25 18:17:52
1333,321,811,3,will definitely buy again,2021-03-18 11:21:41,2022-10-10 19:59:54
1334,269,596,5,Impressed with the durability and design,2021-07-12 02:21:10,2022-07-16 20:54:56
1335,20,898,4,Absolutely love this product,2021-09-29 01:19:13,2022-05-07 04:16:36
1336,369,841,3,it's a game-changer,2021-07-16 16:01:29,2022-05-12 13:22:59
1337,82,121,4,Incredible product,2021-12-25 11:03:55,2022-05-04 08:00:08
1338,473,70,3,worth every penny,2021-07-09 14:55:55,2022-03-10 09:35:11
1339,185,33,3,Excellent customer service and product quality,2021-05-10 05:41:18,2022-11-06 05:14:51
1340,431,678,3,Incredible product,2021-08-27 12:23:47,2022-10-20 10:20:53
1341,234,403,5,Absolutely love this product,2021-03-27 07:53:14,2022-01-30 21:12:43
1342,470,165,5,Impressed with the durability and design,2021-08-08 10:44:29,2022-02-14 21:57:47
1343,392,425,4,Fantastic product,2021-03-04 04:29:28,2022-09-09 20:00:10
1344,140,98,5,exceeded my expectations,2021-08-01 17:47:16,2022-11-19 21:02:08
1345,459,741,5,exceeded my expectations,2021-01-07 08:05:12,2022-08-14 17:29:36
1346,480,67,4,great value for the price,2021-09-17 08:31:22,2022-05-23 20:43:43
1347,50,1000,5,great value for the price,2021-02-18 07:48:33,2022-04-01 04:32:01
1348,85,33,4,Incredible product,2021-09-06 23:54:38,2022-12-19 23:20:04
1349,245,379,3,it's a game-changer,2021-12-05 19:39:58,2022-10-15 10:23:14
1350,142,388,3,Incredible product,2021-01-28 02:07:21,2022-12-26 09:03:38
1351,311,727,3,Excellent customer service and product quality,2021-05-16 06:38:02,2022-04-04 02:29:50
1352,272,927,5,Amazing quality,2021-03-11 20:22:30,2022-03-26 19:14:07
1353,250,354,5,Couldn't be happier with my purchase,2021-10-31 20:15:57,2022-10-13 16:05:22
1354,14,442,3,Highly satisfied with the performance and features,2021-03-17 15:53:35,2022-05-14 16:43:03
1355,237,645,3,Excellent customer service and product quality,2021-01-08 22:59:45,2022-08-07 08:31:44
1356,147,793,3,Top-notch quality,2021-10-12 04:26:34,2022-06-28 23:31:38
1357,23,250,3,Best purchase ever,2021-06-18 05:03:44,2022-03-08 09:34:22
1358,300,546,5,great value for the price,2021-01-20 04:44:19,2022-01-12 02:39:59
1359,179,704,3,Absolutely love this product,2021-05-16 15:02:31,2022-06-04 16:04:33
1360,415,119,3,exceeded my expectations,2021-01-08 02:07:22,2022-11-05 03:02:01
1361,131,226,4,Impressed with the durability and design,2021-09-21 16:23:42,2022-07-07 19:55:33
1362,159,881,5,Top-notch quality,2021-05-10 21:39:59,2022-07-12 13:32:16
1363,131,945,4,Best purchase ever,2021-06-07 07:27:14,2022-02-24 10:54:48
1364,8,844,4,Highly satisfied with the performance and features,2021-09-20 03:48:15,2022-03-06 13:40:15
1365,188,727,4,Excellent customer service and product quality,2021-12-03 20:10:56,2022-01-27 07:11:42
1366,423,953,4,Highly satisfied with the performance and features,2021-12-12 11:24:29,2022-09-06 23:12:23
1367,341,302,5,Absolutely love this product,2021-03-01 16:49:28,2022-02-01 19:59:46
1368,250,574,3,highly recommend!,2021-03-27 18:17:34,2022-06-30 22:43:30
1369,167,364,5,will definitely buy again,2021-03-25 14:23:45,2022-03-13 05:01:22
1370,239,259,5,Amazing quality,2021-05-02 21:50:28,2022-11-20 14:52:13
1371,37,141,3,it's a game-changer,2021-04-12 06:03:40,2022-03-10 16:47:03
1372,323,285,4,Absolutely love this product,2021-08-30 22:05:43,2022-01-10 20:41:02
1373,423,723,4,Top-notch quality,2021-07-15 01:52:47,2022-05-12 06:30:51
1374,154,720,3,Top-notch quality,2021-09-12 15:40:42,2022-12-09 16:07:44
1375,8,276,5,worth every penny,2021-06-09 02:07:16,2022-09-13 13:30:13
1376,173,465,3,Incredible product,2021-04-29 02:57:38,2022-11-06 05:11:32
1377,95,203,3,great value for the price,2021-12-23 17:27:53,2022-10-31 00:09:38
1378,262,385,5,worth every penny,2021-06-02 12:09:21,2022-06-19 13:45:38
1379,298,878,4,Excellent customer service and product quality,2021-10-29 02:44:46,2022-09-04 19:38:43
1380,275,18,4,Fantastic product,2021-04-05 23:52:30,2022-02-25 12:21:44
1381,470,831,5,it's a game-changer,2021-07-26 23:56:53,2022-01-18 11:52:31
1382,72,661,4,Top-notch quality,2021-04-20 19:46:21,2022-11-25 20:19:49
1383,441,938,3,Impressed with the durability and design,2021-04-17 12:27:55,2022-12-20 12:48:30
1384,392,773,5,Amazing quality,2021-10-15 21:37:05,2022-01-31 11:46:11
1385,339,578,4,Absolutely love this product,2021-08-08 05:51:29,2022-06-14 21:43:34
1386,74,605,3,Incredible product,2021-11-19 13:19:07,2022-01-05 06:59:18
1387,51,436,5,Incredible product,2021-06-14 11:29:28,2022-04-11 16:52:07
1388,462,166,4,Fantastic product,2021-02-14 05:59:59,2022-09-05 07:54:37
1389,47,467,4,Top-notch quality,2021-08-13 15:31:54,2022-04-14 22:18:38
1390,41,80,5,great value for the price,2021-07-23 15:23:19,2022-05-24 01:25:54
1391,437,468,5,Couldn't be happier with my purchase,2021-10-19 04:08:48,2022-07-15 09:54:04
1392,489,277,4,Couldn't be happier with my purchase,2021-07-24 08:49:07,2022-10-18 08:28:21
1393,53,861,4,it's a game-changer,2021-09-14 01:37:24,2022-09-08 16:34:40
1394,159,961,5,Amazing quality,2021-12-10 09:50:58,2022-04-11 08:11:16
1395,478,963,3,Highly satisfied with the performance and features,2021-03-05 09:45:26,2022-11-03 09:25:00
1396,244,613,4,Highly satisfied with the performance and features,2021-01-01 15:02:32,2022-01-26 08:33:17
1397,89,632,4,Couldn't be happier with my purchase,2021-04-08 14:01:53,2022-01-28 00:48:34
1398,314,354,5,Amazing quality,2021-07-02 20:38:51,2022-08-06 08:49:17
1399,416,419,5,Incredible product,2021-12-27 20:36:55,2022-11-23 04:55:39
1400,25,866,5,Best purchase ever,2021-12-01 18:53:29,2022-05-06 06:45:39
1401,71,923,4,Impressed with the durability and design,2021-08-27 21:38:27,2022-11-24 09:47:37
1402,411,965,4,Couldn't be happier with my purchase,2021-06-04 11:01:18,2022-07-03 04:22:10
1403,48,156,3,Best purchase ever,2021-07-31 10:32:17,2022-03-13 09:17:14
1404,379,690,4,will definitely buy again,2021-04-14 22:58:18,2022-03-12 15:02:04
1405,110,684,4,will definitely buy again,2021-09-12 21:24:55,2022-05-16 20:30:42
1406,237,90,4,Excellent customer service and product quality,2021-12-02 11:16:13,2022-03-15 05:12:41
1407,421,376,5,great value for the price,2021-06-25 22:11:34,2022-10-27 17:01:54
1408,257,299,3,Incredible product,2021-05-14 21:19:10,2022-06-25 07:06:01
1409,129,496,5,Best purchase ever,2021-01-14 17:47:02,2022-10-29 04:37:18
1410,418,693,5,Best purchase ever,2021-11-27 21:00:50,2022-03-14 13:41:31
1411,262,742,5,Fantastic product,2021-08-06 21:27:52,2022-12-02 06:00:29
1412,181,920,3,will definitely buy again,2021-11-16 01:28:02,2022-08-04 22:35:33
1413,304,214,5,Absolutely love this product,2021-03-26 04:58:07,2022-09-15 01:12:34
1414,467,382,4,Impressed with the durability and design,2021-05-28 12:51:17,2022-07-23 10:37:56
1415,101,859,3,Highly satisfied with the performance and features,2021-08-23 16:48:40,2022-11-27 13:48:53
1416,212,268,3,Incredible product,2021-12-30 06:37:31,2022-08-06 06:19:23
1417,163,821,4,Top-notch quality,2021-12-25 23:36:57,2022-01-04 09:06:00
1418,351,312,5,highly recommend!,2021-02-19 16:17:38,2022-07-10 13:07:18
1419,13,920,4,Amazing quality,2021-10-03 23:56:25,2022-08-09 06:51:53
1420,430,48,3,Excellent customer service and product quality,2021-04-25 15:13:06,2022-07-31 10:47:14
1421,252,214,4,Absolutely love this product,2021-01-15 16:38:03,2022-06-10 02:32:08
1422,317,652,3,Top-notch quality,2021-10-12 14:31:45,2022-10-29 13:42:30
1423,167,480,4,exceeded my expectations,2021-09-14 08:11:49,2022-12-23 14:43:31
1424,404,581,4,highly recommend!,2021-05-17 16:02:52,2022-12-28 00:49:01
1425,249,853,5,exceeded my expectations,2021-02-10 02:31:00,2022-02-18 19:09:25
1426,199,766,5,worth every penny,2021-02-25 10:00:40,2022-05-29 21:31:30
1427,409,447,5,Best purchase ever,2021-05-29 02:20:17,2022-06-28 17:02:21
1428,454,996,5,Excellent customer service and product quality,2021-01-26 09:17:33,2022-08-25 02:13:10
1429,199,4,3,will definitely buy again,2021-09-04 15:10:06,2022-11-09 03:32:54
1430,156,860,3,Couldn't be happier with my purchase,2021-06-30 19:24:06,2022-01-20 19:50:27
1431,137,194,4,great value for the price,2021-01-24 01:02:47,2022-01-12 13:18:16
1432,55,219,4,Best purchase ever,2021-01-27 11:22:32,2022-02-18 16:52:57
1433,494,503,3,highly recommend!,2021-02-14 22:58:30,2022-06-11 12:54:13
1434,500,573,5,will definitely buy again,2021-11-21 18:31:38,2022-09-12 08:31:52
1435,12,96,5,Absolutely love this product,2021-03-13 21:36:39,2022-12-19 20:26:36
1436,379,265,5,Excellent customer service and product quality,2021-10-02 18:24:51,2022-04-04 23:35:21
1437,25,185,4,worth every penny,2021-10-11 19:03:14,2022-12-07 20:32:01
1438,399,443,5,it's a game-changer,2021-09-09 13:15:47,2022-03-25 18:24:49
1439,125,658,4,Absolutely love this product,2021-06-04 23:41:03,2022-10-30 11:34:05
1440,233,853,5,Incredible product,2021-03-27 22:56:55,2022-10-15 20:52:50
1441,284,748,3,Best purchase ever,2021-10-17 13:09:22,2022-07-13 14:30:18
1442,362,210,3,exceeded my expectations,2021-12-10 11:00:42,2022-07-19 20:14:51
1443,235,272,4,exceeded my expectations,2021-07-15 10:25:30,2022-01-30 07:38:22
1444,357,883,4,Couldn't be happier with my purchase,2021-11-26 08:29:44,2022-08-06 10:31:43
1445,447,70,4,Top-notch quality,2021-04-05 13:59:35,2022-10-14 15:17:37
1446,132,69,3,Couldn't be happier with my purchase,2021-08-14 12:56:37,2022-11-18 14:29:53
1447,50,648,3,Amazing quality,2021-08-10 02:32:13,2022-12-27 20:58:58
1448,176,686,5,Couldn't be happier with my purchase,2021-10-04 11:16:14,2022-07-28 22:10:19
1449,276,657,5,Excellent customer service and product quality,2021-06-25 10:11:38,2022-07-09 14:55:09
1450,491,298,3,Absolutely love this product,2021-10-08 02:04:54,2022-02-25 01:05:31
1451,362,770,5,Top-notch quality,2021-09-29 14:01:33,2022-12-10 23:26:59
1452,1,579,3,Amazing quality,2021-06-26 13:37:40,2022-11-16 21:07:06
1453,385,384,5,will definitely buy again,2021-04-29 04:04:01,2022-03-01 13:29:36
1454,138,796,4,Highly satisfied with the performance and features,2021-03-06 13:21:14,2022-04-10 11:38:48
1455,297,182,3,worth every penny,2021-09-11 08:59:40,2022-07-31 08:30:41
1456,407,656,5,Absolutely love this product,2021-07-24 15:59:09,2022-09-08 20:16:18
1457,203,232,4,it's a game-changer,2021-12-09 13:58:18,2022-02-04 19:02:37
1458,177,286,4,Couldn't be happier with my purchase,2021-08-11 02:33:18,2022-02-21 18:35:04
1459,354,47,5,Incredible product,2021-04-10 02:12:37,2022-10-06 22:32:44
1460,425,540,5,Top-notch quality,2021-01-10 18:52:41,2022-03-21 19:32:40
1461,455,602,4,Fantastic product,2021-11-24 02:59:16,2022-01-05 21:25:02
1462,39,240,4,highly recommend!,2021-03-08 09:58:52,2022-10-15 01:55:14
1463,294,355,3,it's a game-changer,2021-02-11 02:32:03,2022-07-31 08:00:11
1464,269,222,4,Best purchase ever,2021-11-05 08:22:11,2022-07-14 21:37:59
1465,236,691,3,Excellent customer service and product quality,2021-05-01 07:15:20,2022-12-22 13:18:21
1466,473,530,4,exceeded my expectations,2021-03-13 03:09:31,2022-10-04 05:04:03
1467,447,41,4,Impressed with the durability and design,2021-05-05 21:03:29,2022-09-10 18:55:12
1468,27,220,5,Couldn't be happier with my purchase,2021-10-08 21:26:42,2022-01-03 00:59:25
1469,395,710,3,Amazing quality,2021-05-06 12:59:44,2022-03-07 02:40:13
1470,180,374,4,Excellent customer service and product quality,2021-08-31 01:46:14,2022-05-27 19:42:23
1471,265,714,4,exceeded my expectations,2021-09-16 20:59:22,2022-10-24 12:57:33
1472,479,378,4,Highly satisfied with the performance and features,2021-02-07 16:41:33,2022-05-18 06:21:31
1473,86,458,4,it's a game-changer,2021-06-03 07:46:58,2022-12-16 19:12:43
1474,224,972,5,Absolutely love this product,2021-04-17 13:18:58,2022-11-28 11:59:38
1475,495,107,5,Highly satisfied with the performance and features,2021-04-12 15:36:50,2022-01-05 03:10:46
1476,109,676,5,Fantastic product,2021-03-21 09:34:05,2022-01-24 00:02:28
1477,467,48,5,will definitely buy again,2021-01-23 01:58:15,2022-03-14 02:54:15
1478,120,766,4,worth every penny,2021-03-24 21:36:05,2022-12-20 17:19:30
1479,139,384,3,Amazing quality,2021-04-24 17:05:32,2022-09-29 22:50:37
1480,204,337,5,Excellent customer service and product quality,2021-06-05 00:55:23,2022-02-03 07:54:50
1481,182,677,4,great value for the price,2021-11-18 14:50:23,2022-10-06 00:23:23
1482,293,540,3,it's a game-changer,2021-07-21 18:58:37,2022-12-22 15:00:07
1483,300,7,5,Couldn't be happier with my purchase,2021-09-24 10:44:07,2022-02-04 22:33:45
1484,197,724,3,worth every penny,2021-10-06 04:55:40,2022-05-10 01:58:13
1485,274,471,4,Highly satisfied with the performance and features,2021-04-09 08:07:23,2022-11-29 12:07:22
1486,341,211,5,Top-notch quality,2021-04-16 09:17:57,2022-04-12 14:14:23
1487,289,456,5,will definitely buy again,2021-09-20 18:05:46,2022-06-13 22:39:00
1488,22,489,3,it's a game-changer,2021-01-12 01:39:17,2022-08-07 13:15:20
1489,473,426,4,Best purchase ever,2021-08-30 08:01:51,2022-04-23 03:35:51
1490,135,363,5,Excellent customer service and product quality,2021-10-04 19:51:16,2022-08-13 18:57:20
1491,418,420,5,Fantastic product,2021-12-01 15:51:31,2022-02-24 10:18:20
1492,295,53,4,Top-notch quality,2021-04-21 23:50:49,2022-02-14 08:12:23
1493,318,837,4,Best purchase ever,2021-05-16 10:49:41,2022-06-13 02:24:08
1494,372,495,3,worth every penny,2021-05-31 18:44:21,2022-05-27 14:20:37
1495,457,855,5,Excellent customer service and product quality,2021-03-15 14:33:58,2022-03-21 13:03:07
1496,258,193,5,it's a game-changer,2021-09-17 22:29:32,2022-09-25 17:44:24
1497,285,94,4,Absolutely love this product,2021-07-24 07:25:46,2022-05-21 15:03:03
1498,227,937,5,Top-notch quality,2021-03-22 01:57:49,2022-01-02 18:24:11
1499,171,613,5,Highly satisfied with the performance and features,2021-08-31 02:00:07,2022-05-05 05:32:35
1500,14,694,3,Impressed with the durability and design,2021-05-30 13:00:09,2022-05-17 21:06:28
1501,414,728,5,Incredible product,2021-03-04 17:26:13,2022-06-01 02:42:32
1502,90,781,4,Highly satisfied with the performance and features,2021-10-03 08:06:28,2022-06-16 06:02:05
1503,267,210,4,highly recommend!,2021-04-15 03:06:02,2022-05-25 09:53:32
1504,186,214,4,Absolutely love this product,2021-05-14 22:16:28,2022-10-01 07:49:11
1505,442,237,5,Couldn't be happier with my purchase,2021-05-27 21:05:23,2022-09-14 02:56:48
1506,498,509,5,Absolutely love this product,2021-10-04 18:27:02,2022-09-07 02:32:22
1507,313,325,3,worth every penny,2021-02-12 16:11:15,2022-01-14 01:00:08
1508,376,829,4,Excellent customer service and product quality,2021-02-22 07:13:14,2022-03-31 08:29:35
1509,464,15,5,Highly satisfied with the performance and features,2021-03-28 15:11:40,2022-01-22 12:05:18
1510,435,305,5,Excellent customer service and product quality,2021-12-27 23:28:24,2022-03-20 15:28:40
1511,246,491,5,Excellent customer service and product quality,2021-02-20 20:27:11,2022-10-28 06:09:56
1512,448,131,4,Highly satisfied with the performance and features,2021-02-09 21:08:55,2022-04-26 05:31:03
1513,319,162,5,Fantastic product,2021-05-08 15:31:30,2022-05-21 12:53:39
1514,267,706,3,great value for the price,2021-02-15 13:19:43,2022-07-28 03:32:57
1515,109,398,5,it's a game-changer,2021-12-30 22:43:46,2022-02-11 11:14:51
1516,208,257,3,exceeded my expectations,2021-01-28 02:51:40,2022-06-17 20:59:35
1517,271,311,5,Impressed with the durability and design,2021-12-30 18:41:58,2022-10-09 18:36:07
1518,260,930,5,exceeded my expectations,2021-01-10 02:57:13,2022-06-05 01:36:41
1519,408,75,4,worth every penny,2021-02-13 09:09:20,2022-04-25 08:49:10
1520,113,72,5,exceeded my expectations,2021-10-08 06:26:05,2022-10-12 22:04:09
1521,445,906,3,Incredible product,2021-10-15 00:15:15,2022-02-08 17:59:14
1522,118,406,4,Fantastic product,2021-07-03 22:05:25,2022-10-19 20:25:06
1523,410,581,5,worth every penny,2021-08-03 12:42:09,2022-01-20 04:30:56
1524,25,804,5,Excellent customer service and product quality,2021-03-29 04:28:02,2022-05-06 23:34:36
1525,452,318,5,Highly satisfied with the performance and features,2021-09-09 18:15:33,2022-02-10 13:07:34
1526,370,751,3,Incredible product,2021-07-22 19:24:49,2022-08-29 19:02:00
1527,242,110,4,will definitely buy again,2021-07-01 19:18:43,2022-10-16 17:00:24
1528,216,535,3,Absolutely love this product,2021-03-12 10:45:40,2022-12-09 05:54:00
1529,413,104,4,great value for the price,2021-03-14 02:38:10,2022-04-22 20:16:20
1530,113,386,4,Incredible product,2021-03-02 19:45:03,2022-08-17 21:10:51
1531,412,546,5,Fantastic product,2021-03-18 02:31:55,2022-07-08 02:04:33
1532,430,191,5,Top-notch quality,2021-01-10 17:57:48,2022-01-12 09:18:24
1533,482,351,4,exceeded my expectations,2021-08-14 01:11:22,2022-05-03 21:09:57
1534,349,383,3,Amazing quality,2021-02-25 10:07:22,2022-08-29 10:18:59
1535,423,558,4,will definitely buy again,2021-01-28 05:49:44,2022-10-20 14:15:21
1536,375,775,3,great value for the price,2021-09-07 03:01:18,2022-10-31 04:28:25
1537,35,686,5,exceeded my expectations,2021-11-02 00:57:45,2022-11-20 23:31:46
1538,176,232,3,Top-notch quality,2021-05-06 08:42:24,2022-11-06 11:45:08
1539,142,7,3,Incredible product,2021-04-29 02:29:23,2022-05-10 04:07:23
1540,193,280,4,great value for the price,2021-05-16 05:15:46,2022-06-11 22:14:46
1541,136,999,4,worth every penny,2021-07-03 07:54:50,2022-12-23 05:45:51
1542,486,587,3,Incredible product,2021-01-29 21:49:33,2022-10-02 16:16:41
1543,106,244,3,Amazing quality,2021-08-16 02:16:47,2022-10-03 01:33:24
1544,279,755,3,Incredible product,2021-01-21 01:29:35,2022-05-26 13:02:42
1545,346,836,4,Impressed with the durability and design,2021-07-06 02:50:20,2022-11-12 04:51:23
1546,195,179,3,highly recommend!,2021-09-06 06:01:52,2022-11-01 11:28:26
1547,308,613,3,Excellent customer service and product quality,2021-11-22 09:41:39,2022-01-13 19:41:51
1548,257,14,4,Impressed with the durability and design,2021-05-22 02:34:15,2022-10-15 16:05:04
1549,39,18,4,great value for the price,2021-02-15 15:41:30,2022-12-05 05:41:13
1550,381,702,3,great value for the price,2021-03-16 08:32:40,2022-04-29 12:13:56
1551,389,259,4,Amazing quality,2021-06-16 08:10:02,2022-10-13 01:32:14
1552,457,73,3,Fantastic product,2021-09-20 04:51:15,2022-05-30 17:58:52
1553,156,69,3,Couldn't be happier with my purchase,2021-07-06 19:55:22,2022-10-20 08:28:47
1554,67,649,5,Top-notch quality,2021-05-22 13:44:37,2022-09-30 11:41:20
1555,207,372,5,Highly satisfied with the performance and features,2021-07-16 09:21:22,2022-09-22 14:37:06
1556,151,291,3,exceeded my expectations,2021-10-21 03:34:55,2022-09-17 07:22:48
1557,393,450,5,Incredible product,2021-07-30 02:37:56,2022-03-27 22:56:59
1558,456,123,3,highly recommend!,2021-11-01 15:06:02,2022-08-21 19:15:49
1559,43,682,3,will definitely buy again,2021-11-08 03:37:23,2022-08-20 18:47:27
1560,359,810,5,great value for the price,2021-10-10 21:33:47,2022-05-10 20:30:32
1561,330,592,4,worth every penny,2021-11-25 20:38:21,2022-05-03 10:35:45
1562,481,953,5,Top-notch quality,2021-09-11 20:08:08,2022-10-10 16:59:05
1563,416,459,3,it's a game-changer,2021-01-21 01:45:49,2022-07-21 20:50:51
1564,274,737,3,Excellent customer service and product quality,2021-03-23 02:35:43,2022-08-10 19:44:13
1565,232,125,5,it's a game-changer,2021-10-01 11:25:37,2022-12-20 12:59:58
1566,192,315,3,Excellent customer service and product quality,2021-10-01 10:58:11,2022-06-18 10:07:09
1567,269,23,4,Amazing quality,2021-07-17 18:13:51,2022-07-07 07:57:58
1568,315,436,3,Best purchase ever,2021-05-07 01:21:42,2022-10-18 01:17:46
1569,235,796,5,will definitely buy again,2021-07-10 14:59:38,2022-09-07 17:46:43
1570,167,54,4,Best purchase ever,2021-06-29 12:30:50,2022-11-28 06:38:20
1571,90,408,4,Fantastic product,2021-02-08 11:20:46,2022-02-19 07:54:15
1572,259,933,4,Fantastic product,2021-04-11 03:12:45,2022-07-10 22:55:44
1573,395,631,3,it's a game-changer,2021-05-02 21:09:31,2022-08-20 06:07:09
1574,4,370,5,Fantastic product,2021-04-18 07:04:36,2022-03-17 08:56:07
1575,445,57,4,highly recommend!,2021-07-29 04:10:24,2022-09-18 02:57:16
1576,111,830,4,Highly satisfied with the performance and features,2021-04-14 08:35:07,2022-02-23 04:58:50
1577,356,177,5,Excellent customer service and product quality,2021-02-25 09:41:57,2022-09-03 01:27:30
1578,463,527,5,Excellent customer service and product quality,2021-01-22 19:30:07,2022-03-12 07:46:55
1579,478,449,4,worth every penny,2021-03-09 12:21:43,2022-06-05 03:45:53
1580,252,589,4,Excellent customer service and product quality,2021-09-21 04:25:24,2022-01-09 10:40:13
1581,159,558,4,worth every penny,2021-02-20 21:46:46,2022-07-22 13:27:41
1582,473,894,3,Fantastic product,2021-12-20 21:21:09,2022-06-28 09:12:57
1583,247,19,3,worth every penny,2021-07-26 17:40:16,2022-04-05 07:46:08
1584,452,162,3,Amazing quality,2021-08-06 23:11:21,2022-08-09 19:18:36
1585,215,96,3,Highly satisfied with the performance and features,2021-06-18 01:01:26,2022-11-30 12:00:05
1586,222,297,3,Incredible product,2021-09-18 16:52:10,2022-10-22 12:19:18
1587,41,173,5,Best purchase ever,2021-06-20 11:00:50,2022-08-22 07:58:55
1588,137,427,5,highly recommend!,2021-03-11 08:21:27,2022-05-12 14:21:51
1589,148,82,5,Absolutely love this product,2021-04-02 14:59:03,2022-07-18 00:12:12
1590,270,408,5,Amazing quality,2021-09-12 01:59:28,2022-09-24 05:36:40
1591,19,350,4,worth every penny,2021-03-22 22:26:24,2022-10-29 15:12:34
1592,172,577,3,it's a game-changer,2021-07-13 10:37:59,2022-09-23 12:38:35
1593,290,393,3,Incredible product,2021-01-31 22:04:08,2022-04-02 13:05:03
1594,473,530,4,exceeded my expectations,2021-07-30 20:08:24,2022-03-22 21:07:24
1595,181,388,4,Couldn't be happier with my purchase,2021-07-02 23:56:03,2022-07-31 11:32:35
1596,276,951,4,great value for the price,2021-10-14 04:23:10,2022-04-04 01:31:23
1597,209,428,3,will definitely buy again,2021-03-28 20:57:46,2022-12-23 19:08:48
1598,317,250,5,Impressed with the durability and design,2021-04-23 19:14:41,2022-02-05 13:13:12
1599,329,470,3,will definitely buy again,2021-05-04 01:02:27,2022-10-21 20:46:23
1600,419,396,5,Top-notch quality,2021-02-02 01:15:45,2022-06-03 04:50:54
1601,121,379,3,Absolutely love this product,2021-05-26 15:07:27,2022-03-23 20:35:54
1602,278,744,4,it's a game-changer,2021-09-26 00:14:41,2022-08-17 07:52:14
1603,475,546,4,Amazing quality,2021-09-22 16:19:11,2022-04-28 06:19:44
1604,101,692,3,Impressed with the durability and design,2021-07-14 17:34:13,2022-01-15 11:11:48
1605,408,669,4,Amazing quality,2021-06-15 21:34:32,2022-10-11 22:54:17
1606,355,249,4,Fantastic product,2021-12-06 22:15:32,2022-04-18 02:20:50
1607,247,330,4,highly recommend!,2021-11-09 13:20:06,2022-07-02 22:04:59
1608,247,330,4,great value for the price,2021-09-18 16:24:23,2022-02-28 20:36:51
1609,478,698,4,Impressed with the durability and design,2021-12-09 18:08:01,2022-02-05 18:49:20
1610,68,967,4,Absolutely love this product,2021-03-10 02:24:16,2022-01-22 13:43:55
1611,367,47,4,Couldn't be happier with my purchase,2021-07-14 01:11:28,2022-08-03 13:33:47
1612,430,770,4,will definitely buy again,2021-03-15 22:01:02,2022-07-24 10:57:18
1613,113,816,5,Absolutely love this product,2021-02-09 03:27:58,2022-06-02 08:56:18
1614,242,563,5,worth every penny,2021-06-05 13:16:08,2022-05-19 14:54:37
1615,276,410,5,exceeded my expectations,2021-03-10 07:49:29,2022-11-22 22:57:59
1616,426,773,4,Fantastic product,2021-07-26 04:41:57,2022-05-14 10:29:16
1617,484,632,3,great value for the price,2021-04-03 23:02:56,2022-11-08 11:11:07
1618,172,270,5,Fantastic product,2021-08-17 07:09:05,2022-05-23 09:57:12
1619,129,828,5,Excellent customer service and product quality,2021-08-19 20:08:41,2022-09-29 06:11:23
1620,451,638,4,Excellent customer service and product quality,2021-08-18 04:52:48,2022-05-23 10:46:08
1621,39,993,3,worth every penny,2021-01-21 01:58:51,2022-06-06 04:23:05
1622,61,456,4,Best purchase ever,2021-11-10 07:42:43,2022-03-20 15:40:56
1623,208,256,5,worth every penny,2021-04-18 19:33:59,2022-11-12 07:57:22
1624,447,941,3,Couldn't be happier with my purchase,2021-05-31 23:26:13,2022-04-20 18:28:43
1625,412,550,5,Couldn't be happier with my purchase,2021-02-27 20:35:36,2022-03-07 08:16:46
1626,322,829,4,great value for the price,2021-09-24 07:09:25,2022-07-05 17:18:25
1627,442,580,5,Fantastic product,2021-12-20 01:18:07,2022-11-23 18:46:34
1628,400,252,3,great value for the price,2021-10-27 18:44:18,2022-05-16 17:02:22
1629,446,767,3,exceeded my expectations,2021-02-28 05:22:36,2022-10-07 09:39:37
1630,321,84,4,it's a game-changer,2021-08-25 01:31:00,2022-02-07 18:12:50
1631,35,190,3,Top-notch quality,2021-06-03 20:35:44,2022-03-19 08:41:55
1632,410,339,4,Couldn't be happier with my purchase,2021-07-23 14:07:19,2022-06-08 15:12:34
1633,234,933,5,Amazing quality,2021-04-13 19:48:24,2022-12-02 13:16:23
1634,261,682,4,highly recommend!,2021-04-30 22:44:37,2022-02-07 22:41:02
1635,90,411,4,Absolutely love this product,2021-05-26 17:25:32,2022-04-06 08:56:52
1636,395,471,5,Absolutely love this product,2021-01-13 18:33:28,2022-09-10 12:45:35
1637,265,916,5,great value for the price,2021-12-02 17:18:04,2022-09-20 15:45:10
1638,15,328,4,Couldn't be happier with my purchase,2021-08-11 18:08:11,2022-06-08 00:27:32
1639,434,938,3,Top-notch quality,2021-03-27 08:10:30,2022-11-09 02:00:15
1640,463,111,5,it's a game-changer,2021-09-06 07:11:07,2022-09-29 07:54:14
1641,5,333,4,Highly satisfied with the performance and features,2021-02-22 19:04:18,2022-07-11 20:59:54
1642,411,63,3,will definitely buy again,2021-07-09 07:42:20,2022-12-08 08:16:47
1643,115,718,4,Best purchase ever,2021-04-06 17:57:04,2022-07-27 06:36:41
1644,247,261,4,Top-notch quality,2021-01-28 08:22:37,2022-12-08 04:12:25
1645,209,90,3,Impressed with the durability and design,2021-06-25 19:03:24,2022-07-04 14:35:02
1646,347,868,5,highly recommend!,2021-04-04 16:59:49,2022-02-06 16:46:34
1647,272,979,4,Amazing quality,2021-11-21 05:55:18,2022-01-12 10:07:24
1648,193,906,3,Fantastic product,2021-03-24 13:23:37,2022-09-28 03:41:05
1649,176,409,5,Highly satisfied with the performance and features,2021-01-28 00:46:38,2022-07-02 11:00:36
1650,27,286,5,Highly satisfied with the performance and features,2021-04-14 08:46:18,2022-09-21 21:12:16
1651,387,55,3,Top-notch quality,2021-03-27 08:52:20,2022-06-11 04:57:45
1652,431,741,5,will definitely buy again,2021-06-12 01:58:02,2022-02-21 18:35:41
1653,194,99,4,Absolutely love this product,2021-12-05 21:22:06,2022-07-08 02:31:30
1654,131,839,4,will definitely buy again,2021-05-28 06:22:12,2022-07-23 09:21:25
1655,116,783,5,exceeded my expectations,2021-08-06 19:26:01,2022-01-09 19:56:57
1656,106,444,3,Couldn't be happier with my purchase,2021-08-10 10:30:39,2022-04-24 11:03:20
1657,101,442,3,highly recommend!,2021-11-07 02:11:13,2022-03-30 20:55:00
1658,14,245,5,Highly satisfied with the performance and features,2021-12-16 15:00:47,2022-09-15 14:12:29
1659,238,445,4,Fantastic product,2021-03-05 05:22:57,2022-12-13 01:01:04
1660,264,848,4,will definitely buy again,2021-11-21 22:19:35,2022-08-08 21:48:36
1661,465,387,4,Fantastic product,2021-12-26 05:08:46,2022-12-16 21:28:42
1662,346,550,3,great value for the price,2021-06-02 11:45:33,2022-01-03 10:22:20
1663,128,980,3,Amazing quality,2021-11-17 10:47:26,2022-01-31 18:11:56
1664,288,362,4,Impressed with the durability and design,2021-06-19 07:54:33,2022-04-19 17:38:18
1665,174,505,4,Excellent customer service and product quality,2021-10-07 01:41:06,2022-02-15 00:56:40
1666,133,645,4,Top-notch quality,2021-12-20 02:26:59,2022-11-10 19:45:42
1667,45,629,4,great value for the price,2021-06-01 09:55:55,2022-02-06 07:41:31
1668,378,433,4,Highly satisfied with the performance and features,2021-10-18 21:58:38,2022-12-28 03:30:29
1669,303,422,5,Absolutely love this product,2021-07-27 12:29:31,2022-03-11 07:01:43
1670,173,328,3,Amazing quality,2021-01-22 12:14:48,2022-11-15 06:16:04
1671,325,434,3,Excellent customer service and product quality,2021-02-13 19:45:03,2022-01-01 08:19:30
1672,405,245,4,Impressed with the durability and design,2021-03-12 22:42:35,2022-05-09 15:55:00
1673,68,626,3,Couldn't be happier with my purchase,2021-02-18 20:03:48,2022-12-28 06:36:14
1674,428,819,3,Amazing quality,2021-01-05 01:02:10,2022-04-26 19:55:33
1675,437,324,3,Couldn't be happier with my purchase,2021-12-25 02:42:42,2022-10-25 07:00:17
1676,183,664,5,it's a game-changer,2021-04-17 07:31:21,2022-09-30 01:29:28
1677,285,129,5,highly recommend!,2021-02-19 12:08:59,2022-02-28 14:58:42
1678,183,344,5,Highly satisfied with the performance and features,2021-04-17 22:54:55,2022-11-07 12:53:57
1679,164,580,3,Excellent customer service and product quality,2021-12-14 14:30:55,2022-01-31 22:21:29
1680,87,188,3,will definitely buy again,2021-04-22 19:07:48,2022-08-18 01:07:03
1681,147,715,3,Absolutely love this product,2021-01-07 23:35:01,2022-11-01 02:31:10
1682,209,68,5,great value for the price,2021-05-30 22:19:14,2022-03-29 13:21:10
1683,131,906,3,Best purchase ever,2021-12-23 00:52:37,2022-03-17 16:48:17
1684,292,897,5,great value for the price,2021-10-23 21:42:14,2022-02-24 19:30:47
1685,97,330,4,Absolutely love this product,2021-06-30 13:23:30,2022-12-24 04:18:03
1686,146,787,5,Couldn't be happier with my purchase,2021-01-04 06:42:13,2022-09-04 23:21:30
1687,283,72,4,Top-notch quality,2021-09-11 15:48:44,2022-11-21 07:33:24
1688,493,893,5,Absolutely love this product,2021-05-03 17:39:06,2022-01-13 02:22:30
1689,7,413,4,exceeded my expectations,2021-01-26 19:32:25,2022-04-26 21:38:34
1690,443,683,4,it's a game-changer,2021-12-28 15:07:11,2022-06-11 12:31:22
1691,316,374,3,Excellent customer service and product quality,2021-04-21 05:10:19,2022-03-03 05:40:33
1692,26,783,4,Impressed with the durability and design,2021-11-01 03:59:49,2022-03-12 19:55:10
1693,394,134,4,Couldn't be happier with my purchase,2021-03-27 22:56:09,2022-10-23 11:42:33
1694,244,650,4,Absolutely love this product,2021-05-14 00:23:39,2022-05-21 19:50:25
1695,19,921,5,will definitely buy again,2021-02-20 18:56:55,2022-04-14 09:14:17
1696,275,527,5,Excellent customer service and product quality,2021-02-16 09:51:43,2022-12-29 16:41:48
1697,460,86,5,worth every penny,2021-10-02 13:28:56,2022-06-28 23:21:49
1698,381,460,4,great value for the price,2021-12-16 11:06:51,2022-11-15 15:18:57
1699,391,80,3,Couldn't be happier with my purchase,2021-12-02 01:46:48,2022-01-22 01:56:07
1700,400,408,3,Impressed with the durability and design,2021-03-07 05:25:04,2022-01-31 20:54:10
1701,10,320,3,Couldn't be happier with my purchase,2021-04-29 05:44:50,2022-05-03 21:06:19
1702,265,305,3,worth every penny,2021-10-06 03:14:21,2022-03-09 23:33:24
1703,390,641,3,Best purchase ever,2021-10-26 17:28:10,2022-09-18 14:15:30
1704,136,911,4,will definitely buy again,2021-02-22 12:12:38,2022-05-25 01:41:05
1705,264,770,5,highly recommend!,2021-07-23 17:20:54,2022-10-16 11:31:48
1706,135,826,3,Highly satisfied with the performance and features,2021-12-06 23:00:30,2022-06-16 11:27:14
1707,202,211,4,Best purchase ever,2021-08-13 17:00:10,2022-03-01 01:11:07
1708,490,425,3,Impressed with the durability and design,2021-01-13 15:20:07,2022-10-05 03:11:32
1709,128,679,5,Best purchase ever,2021-10-26 17:04:59,2022-06-24 09:37:19
1710,201,383,4,Impressed with the durability and design,2021-06-12 11:14:30,2022-04-19 09:24:53
1711,159,988,4,will definitely buy again,2021-09-09 16:10:15,2022-04-24 02:07:05
1712,25,324,5,highly recommend!,2021-12-06 04:11:52,2022-09-01 10:18:33
1713,375,898,4,it's a game-changer,2021-09-17 02:35:45,2022-07-31 11:55:23
1714,409,542,4,Impressed with the durability and design,2021-02-10 04:27:45,2022-01-15 11:13:24
1715,66,337,4,Excellent customer service and product quality,2021-03-17 00:10:51,2022-05-09 02:24:11
1716,473,827,4,Amazing quality,2021-06-13 12:28:24,2022-08-02 01:17:58
1717,302,77,4,Best purchase ever,2021-07-20 03:23:25,2022-06-28 09:41:40
1718,99,550,3,will definitely buy again,2021-03-10 00:48:58,2022-05-01 04:22:55
1719,394,907,4,Impressed with the durability and design,2021-09-04 19:58:26,2022-08-01 15:25:38
1720,475,931,3,it's a game-changer,2021-06-11 07:08:42,2022-09-02 07:44:10
1721,445,912,5,Excellent customer service and product quality,2021-07-07 08:03:54,2022-12-14 03:06:20
1722,196,533,5,Absolutely love this product,2021-11-22 20:21:10,2022-10-13 22:08:42
1723,189,858,4,Impressed with the durability and design,2021-12-08 23:20:08,2022-10-22 21:00:55
1724,247,860,5,will definitely buy again,2021-03-23 13:33:24,2022-12-11 19:04:28
1725,399,983,5,Incredible product,2021-11-03 22:58:03,2022-05-09 06:04:18
1726,325,532,3,Impressed with the durability and design,2021-04-26 15:01:34,2022-07-26 13:49:50
1727,227,142,4,worth every penny,2021-07-16 05:18:56,2022-03-05 01:44:38
1728,174,735,5,Couldn't be happier with my purchase,2021-09-01 02:48:24,2022-06-01 00:24:12
1729,271,884,3,Absolutely love this product,2021-09-21 20:32:58,2022-09-09 06:25:31
1730,317,64,4,highly recommend!,2021-04-27 02:06:00,2022-07-02 17:01:02
1731,393,253,3,Top-notch quality,2021-11-22 22:12:47,2022-04-18 01:23:39
1732,127,1000,3,Fantastic product,2021-10-16 09:47:47,2022-12-12 17:24:22
1733,93,689,4,Incredible product,2021-01-10 09:57:55,2022-08-03 12:02:20
1734,193,185,5,Amazing quality,2021-06-16 19:35:25,2022-09-03 19:50:52
1735,150,969,4,Excellent customer service and product quality,2021-07-18 11:19:19,2022-06-16 06:55:32
1736,178,621,5,Highly satisfied with the performance and features,2021-04-04 20:42:03,2022-07-03 01:38:39
1737,435,95,5,Best purchase ever,2021-01-26 02:49:26,2022-07-04 04:44:21
1738,327,810,5,exceeded my expectations,2021-06-05 16:35:09,2022-08-08 00:05:58
1739,414,251,5,worth every penny,2021-06-05 10:56:02,2022-06-24 22:31:03
1740,245,828,3,highly recommend!,2021-02-26 05:46:15,2022-12-11 05:43:56
1741,137,474,4,Impressed with the durability and design,2021-04-03 17:53:36,2022-02-23 21:39:23
1742,239,497,3,Top-notch quality,2021-07-15 21:07:16,2022-08-29 11:24:14
1743,336,240,5,Incredible product,2021-07-19 05:17:26,2022-02-06 04:12:28
1744,294,218,3,great value for the price,2021-12-09 09:14:28,2022-08-17 01:31:51
1745,356,11,3,highly recommend!,2021-12-15 01:49:16,2022-02-25 08:07:50
1746,236,441,5,Amazing quality,2021-03-28 09:52:04,2022-05-21 05:07:33
1747,154,533,5,it's a game-changer,2021-02-25 08:44:40,2022-07-12 06:26:16
1748,215,490,5,Excellent customer service and product quality,2021-11-14 22:51:34,2022-09-28 13:44:21
1749,433,760,5,it's a game-changer,2021-11-09 09:21:46,2022-05-09 11:19:07
1750,272,154,3,great value for the price,2021-01-06 04:38:24,2022-09-10 03:55:57
1751,411,754,3,exceeded my expectations,2021-03-28 04:44:21,2022-12-24 21:19:45
1752,254,472,3,Absolutely love this product,2021-08-04 09:37:04,2022-06-26 13:01:38
1753,372,842,3,will definitely buy again,2021-01-08 02:48:54,2022-07-16 19:44:33
1754,120,918,5,Fantastic product,2021-08-28 23:12:49,2022-10-14 00:31:53
1755,231,797,3,exceeded my expectations,2021-09-26 07:26:02,2022-09-02 01:25:26
1756,18,519,3,Top-notch quality,2021-09-24 01:19:52,2022-06-07 03:04:49
1757,381,345,3,worth every penny,2021-10-25 20:24:26,2022-09-05 06:56:34
1758,13,266,4,will definitely buy again,2021-04-05 06:55:34,2022-05-30 23:09:35
1759,132,220,3,highly recommend!,2021-05-19 04:03:22,2022-01-09 10:46:40
1760,352,503,5,it's a game-changer,2021-09-25 07:21:05,2022-01-31 05:35:10
1761,32,360,4,Fantastic product,2021-03-18 03:10:37,2022-11-10 14:29:04
1762,239,933,3,it's a game-changer,2021-05-18 05:45:00,2022-03-26 03:55:52
1763,398,400,3,worth every penny,2021-05-07 05:03:27,2022-07-09 12:26:43
1764,142,533,4,highly recommend!,2021-12-06 19:52:44,2022-06-06 03:08:23
1765,54,691,4,Incredible product,2021-01-14 07:36:46,2022-12-27 10:43:32
1766,312,863,4,highly recommend!,2021-06-24 12:09:55,2022-08-03 01:40:22
1767,171,326,3,worth every penny,2021-09-22 05:58:21,2022-07-28 09:31:37
1768,77,742,3,highly recommend!,2021-06-16 18:51:46,2022-07-08 18:05:52
1769,167,844,5,worth every penny,2021-07-12 10:50:58,2022-01-20 15:13:44
1770,107,139,3,Incredible product,2021-12-19 04:08:53,2022-06-18 19:08:41
1771,284,175,4,will definitely buy again,2021-07-09 19:55:24,2022-05-18 23:12:27
1772,96,50,4,highly recommend!,2021-05-22 04:39:42,2022-07-25 20:42:58
1773,337,625,5,it's a game-changer,2021-01-08 07:31:12,2022-10-22 01:52:14
1774,116,814,3,Incredible product,2021-01-06 01:48:51,2022-11-12 17:51:20
1775,202,749,4,great value for the price,2021-09-05 08:16:40,2022-07-29 21:45:34
1776,369,803,4,Incredible product,2021-12-15 14:29:38,2022-09-29 06:40:38
1777,416,873,4,Excellent customer service and product quality,2021-04-16 17:45:50,2022-12-18 01:48:24
1778,297,453,4,it's a game-changer,2021-01-05 03:38:41,2022-04-14 15:53:13
1779,160,998,4,great value for the price,2021-06-07 10:36:53,2022-09-30 11:19:31
1780,19,487,4,Absolutely love this product,2021-10-19 06:23:41,2022-09-13 06:34:50
1781,89,727,3,Amazing quality,2021-09-28 18:41:06,2022-05-18 01:10:21
1782,150,15,3,exceeded my expectations,2021-07-29 06:29:12,2022-02-18 10:07:38
1783,122,224,3,great value for the price,2021-11-11 10:15:25,2022-05-21 19:49:54
1784,200,600,5,Absolutely love this product,2021-02-20 19:31:13,2022-05-01 13:50:43
1785,48,721,3,Amazing quality,2021-01-06 01:05:06,2022-06-06 06:50:17
1786,438,837,3,great value for the price,2021-03-27 16:49:03,2022-06-28 17:45:13
1787,487,59,4,Best purchase ever,2021-02-10 06:00:57,2022-04-15 04:57:26
1788,61,578,5,highly recommend!,2021-05-31 11:10:14,2022-12-08 04:14:08
1789,286,722,4,Best purchase ever,2021-08-17 23:32:50,2022-05-06 05:56:41
1790,18,639,3,great value for the price,2021-04-14 06:27:06,2022-03-23 06:08:37
1791,65,329,4,great value for the price,2021-03-21 12:42:01,2022-07-28 21:03:27
1792,102,847,5,Couldn't be happier with my purchase,2021-07-23 09:10:55,2022-03-04 15:06:51
1793,41,835,3,Fantastic product,2021-07-09 13:27:43,2022-04-12 18:44:50
1794,197,450,4,Couldn't be happier with my purchase,2021-10-08 11:31:21,2022-03-03 09:32:00
1795,462,254,5,highly recommend!,2021-06-23 15:09:58,2022-12-09 10:36:52
1796,74,380,5,highly recommend!,2021-04-09 13:30:02,2022-10-22 04:41:13
1797,277,988,5,Couldn't be happier with my purchase,2021-01-21 18:32:14,2022-04-26 00:13:06
1798,386,830,5,Top-notch quality,2021-07-22 11:03:09,2022-01-19 02:11:43
1799,111,941,4,Best purchase ever,2021-05-05 01:08:44,2022-09-26 19:23:14
1800,45,454,5,Absolutely love this product,2021-07-23 19:28:32,2022-05-17 15:54:01
1801,366,664,4,will definitely buy again,2021-12-19 00:08:31,2022-04-26 04:05:04
1802,413,854,5,highly recommend!,2021-10-03 02:19:37,2022-12-09 02:14:59
1803,418,248,5,it's a game-changer,2021-11-13 11:21:15,2022-06-09 04:38:08
1804,250,362,5,Impressed with the durability and design,2021-08-30 08:36:35,2022-12-09 09:49:24
1805,135,751,4,Couldn't be happier with my purchase,2021-11-18 12:23:29,2022-10-29 06:45:24
1806,202,655,5,worth every penny,2021-08-19 03:10:48,2022-09-25 02:32:31
1807,460,747,5,Highly satisfied with the performance and features,2021-06-17 16:47:04,2022-09-11 23:47:20
1808,224,168,5,Excellent customer service and product quality,2021-12-17 10:33:02,2022-06-13 11:06:58
1809,419,784,5,highly recommend!,2021-05-04 06:55:13,2022-10-02 23:02:27
1810,428,221,5,will definitely buy again,2021-10-28 00:48:37,2022-07-28 22:52:32
1811,469,832,5,Incredible product,2021-09-25 22:17:10,2022-11-20 02:11:59
1812,166,9,4,Absolutely love this product,2021-11-11 12:26:05,2022-11-09 03:30:04
1813,130,101,5,it's a game-changer,2021-11-07 04:46:52,2022-03-31 11:23:22
1814,336,432,4,Highly satisfied with the performance and features,2021-04-17 22:30:09,2022-09-11 18:59:33
1815,212,456,4,Top-notch quality,2021-02-23 09:10:36,2022-01-06 16:27:03
1816,365,79,4,Amazing quality,2021-04-02 07:26:51,2022-06-11 10:59:31
1817,140,270,4,highly recommend!,2021-12-22 12:14:33,2022-08-18 16:16:57
1818,394,664,3,highly recommend!,2021-03-22 00:24:03,2022-06-03 03:50:26
1819,442,679,5,Incredible product,2021-09-27 06:54:52,2022-01-26 09:47:46
1820,450,626,3,worth every penny,2021-01-21 06:38:42,2022-06-30 14:53:52
1821,362,580,3,Fantastic product,2021-01-06 13:51:36,2022-05-04 13:07:49
1822,15,232,3,Amazing quality,2021-03-26 00:09:36,2022-12-02 04:57:19
1823,122,861,5,great value for the price,2021-12-04 01:48:06,2022-11-05 00:43:15
1824,425,651,5,Fantastic product,2021-01-19 09:00:06,2022-10-02 13:34:24
1825,360,414,3,Fantastic product,2021-06-11 23:02:02,2022-08-16 06:13:33
1826,404,227,3,worth every penny,2021-06-03 01:43:30,2022-04-03 02:47:34
1827,266,614,4,it's a game-changer,2021-04-13 03:24:40,2022-08-07 11:09:06
1828,261,43,4,it's a game-changer,2021-08-30 07:54:23,2022-12-07 22:42:03
1829,274,475,4,Couldn't be happier with my purchase,2021-03-07 01:13:38,2022-11-26 11:38:25
1830,8,863,3,Highly satisfied with the performance and features,2021-07-15 06:38:46,2022-04-06 10:13:27
1831,327,864,4,Absolutely love this product,2021-11-22 17:13:04,2022-11-24 20:15:46
1832,240,768,3,worth every penny,2021-09-12 15:36:00,2022-10-02 20:04:27
1833,110,511,4,will definitely buy again,2021-02-14 23:59:41,2022-02-26 18:12:20
1834,226,872,3,Top-notch quality,2021-05-18 02:36:29,2022-05-27 20:07:29
1835,274,461,5,it's a game-changer,2021-08-25 13:49:37,2022-10-30 20:52:13
1836,223,141,3,will definitely buy again,2021-09-07 09:20:38,2022-03-30 22:07:04
1837,203,859,5,Fantastic product,2021-05-30 13:51:50,2022-04-15 02:13:14
1838,98,108,5,great value for the price,2021-03-07 19:54:59,2022-03-27 05:57:03
1839,113,495,5,exceeded my expectations,2021-04-13 05:43:41,2022-05-09 13:23:54
1840,246,518,3,worth every penny,2021-05-18 02:50:22,2022-08-30 03:18:38
1841,426,111,4,Excellent customer service and product quality,2021-04-22 08:50:17,2022-11-13 00:18:24
1842,82,771,5,worth every penny,2021-01-07 04:24:28,2022-07-04 01:12:49
1843,233,614,4,Amazing quality,2021-12-20 13:31:52,2022-05-30 16:51:04
1844,366,38,5,great value for the price,2021-10-11 01:59:53,2022-06-13 22:56:16
1845,86,974,5,Highly satisfied with the performance and features,2021-05-10 21:51:07,2022-03-29 12:31:30
1846,215,428,3,exceeded my expectations,2021-01-26 22:04:23,2022-10-01 11:30:51
1847,312,910,5,Fantastic product,2021-06-21 05:19:51,2022-02-28 06:13:43
1848,133,840,5,Top-notch quality,2021-04-10 19:26:47,2022-11-06 16:32:30
1849,50,473,3,worth every penny,2021-03-08 15:06:24,2022-10-03 09:37:59
1850,431,990,5,it's a game-changer,2021-11-13 11:30:05,2022-02-18 21:41:24
1851,56,863,5,great value for the price,2021-01-30 16:36:16,2022-07-13 13:56:19
1852,203,51,4,Best purchase ever,2021-02-15 05:43:10,2022-11-18 06:34:00
1853,263,124,3,Excellent customer service and product quality,2021-11-15 13:40:52,2022-10-24 01:20:30
1854,34,425,3,Couldn't be happier with my purchase,2021-02-04 14:56:58,2022-07-10 02:43:25
1855,356,648,4,highly recommend!,2021-07-25 18:47:50,2022-04-04 09:55:45
1856,333,538,3,it's a game-changer,2021-10-12 21:26:22,2022-11-27 22:57:01
1857,353,331,4,Highly satisfied with the performance and features,2021-10-14 06:15:41,2022-07-04 10:43:52
1858,410,851,3,worth every penny,2021-09-12 20:10:30,2022-03-02 05:18:50
1859,124,841,3,Excellent customer service and product quality,2021-05-08 00:12:14,2022-04-21 04:50:31
1860,364,738,3,Highly satisfied with the performance and features,2021-10-24 08:04:56,2022-04-03 12:46:51
1861,273,10,3,Couldn't be happier with my purchase,2021-08-09 03:03:17,2022-03-19 12:48:14
1862,436,257,5,Highly satisfied with the performance and features,2021-11-08 15:33:05,2022-05-18 18:25:29
1863,169,839,5,it's a game-changer,2021-12-16 07:06:51,2022-04-26 04:07:50
1864,387,108,4,Amazing quality,2021-01-28 15:16:12,2022-03-22 18:37:39
1865,294,831,3,Fantastic product,2021-11-01 15:08:39,2022-04-03 15:09:58
1866,344,581,5,Impressed with the durability and design,2021-04-17 13:49:12,2022-11-13 23:04:47
1867,106,228,5,Absolutely love this product,2021-11-23 16:14:23,2022-01-29 14:39:10
1868,51,232,3,worth every penny,2021-03-31 04:41:28,2022-09-08 01:36:53
1869,203,601,5,Impressed with the durability and design,2021-06-01 18:26:20,2022-07-08 15:44:27
1870,464,886,4,Absolutely love this product,2021-09-18 23:24:38,2022-01-27 23:17:00
1871,490,522,5,Incredible product,2021-10-03 00:43:01,2022-09-14 13:01:14
1872,321,320,4,Absolutely love this product,2021-03-06 05:07:00,2022-03-20 22:01:25
1873,433,722,3,Fantastic product,2021-02-16 13:42:10,2022-06-13 00:15:16
1874,476,554,5,Impressed with the durability and design,2021-06-17 00:15:32,2022-07-31 07:42:30
1875,59,993,4,Highly satisfied with the performance and features,2021-11-05 05:31:05,2022-12-13 15:50:07
1876,132,352,4,Absolutely love this product,2021-10-11 07:57:46,2022-12-04 15:11:21
1877,458,58,5,exceeded my expectations,2021-02-09 01:50:42,2022-08-19 08:45:37
1878,67,543,4,Highly satisfied with the performance and features,2021-07-16 11:00:36,2022-01-09 02:39:05
1879,136,648,5,it's a game-changer,2021-07-17 00:44:20,2022-11-03 09:05:46
1880,372,533,4,Fantastic product,2021-09-15 03:59:38,2022-07-02 23:23:16
1881,163,124,4,highly recommend!,2021-11-19 08:35:28,2022-04-20 08:11:03
1882,445,356,5,Excellent customer service and product quality,2021-05-17 06:03:38,2022-03-12 11:10:16
1883,369,933,5,Best purchase ever,2021-09-25 22:57:50,2022-12-15 22:18:48
1884,393,222,4,Excellent customer service and product quality,2021-01-05 02:27:54,2022-06-28 11:57:40
1885,128,503,4,Amazing quality,2021-01-12 06:02:41,2022-08-26 23:16:24
1886,181,42,4,Top-notch quality,2021-10-19 06:51:54,2022-03-19 12:02:53
1887,420,60,4,Incredible product,2021-07-14 14:29:59,2022-08-18 10:03:38
1888,308,274,4,Excellent customer service and product quality,2021-06-03 11:15:59,2022-07-22 01:18:34
1889,168,812,5,Incredible product,2021-05-31 17:57:30,2022-02-28 20:45:44
1890,108,29,4,Impressed with the durability and design,2021-01-15 15:51:22,2022-03-18 18:18:26
1891,246,112,5,worth every penny,2021-04-01 20:01:28,2022-04-06 09:26:27
1892,343,911,3,great value for the price,2021-01-08 08:03:41,2022-10-18 02:14:07
1893,113,84,3,Amazing quality,2021-07-30 14:40:19,2022-10-15 04:56:28
1894,314,899,3,highly recommend!,2021-01-31 13:27:59,2022-08-19 01:06:09
1895,460,498,4,Incredible product,2021-12-22 01:56:36,2022-12-22 14:54:52
1896,77,405,5,highly recommend!,2021-09-16 06:14:36,2022-10-13 17:24:44
1897,145,798,3,Best purchase ever,2021-04-17 19:26:47,2022-09-06 03:45:27
1898,164,380,4,Excellent customer service and product quality,2021-03-31 03:15:50,2022-10-14 13:35:38
1899,470,956,5,will definitely buy again,2021-08-17 09:48:22,2022-04-09 15:32:44
1900,140,861,4,Incredible product,2021-03-15 11:37:46,2022-08-05 00:53:19
1901,8,374,5,exceeded my expectations,2021-05-22 01:21:35,2022-08-03 00:01:31
1902,4,766,3,Excellent customer service and product quality,2021-02-15 21:31:47,2022-02-07 06:05:54
1903,99,124,4,great value for the price,2021-08-16 01:40:46,2022-08-06 22:35:55
1904,316,264,4,great value for the price,2021-08-18 12:36:32,2022-10-04 08:15:17
1905,444,904,4,Excellent customer service and product quality,2021-01-10 19:10:25,2022-05-06 22:22:51
1906,367,235,5,great value for the price,2021-02-08 14:28:14,2022-04-04 12:52:00
1907,436,95,3,Fantastic product,2021-02-23 08:58:35,2022-11-25 10:09:11
1908,29,879,5,Amazing quality,2021-05-01 14:53:18,2022-02-19 08:30:58
1909,48,542,3,Excellent customer service and product quality,2021-02-28 01:20:35,2022-08-20 13:22:10
1910,234,738,4,Amazing quality,2021-12-05 09:09:42,2022-02-26 12:38:56
1911,184,694,5,will definitely buy again,2021-10-15 00:46:43,2022-07-05 22:27:17
1912,219,778,3,Excellent customer service and product quality,2021-05-11 22:24:25,2022-04-13 23:04:57
1913,18,907,5,Absolutely love this product,2021-10-19 19:06:43,2022-05-10 13:55:39
1914,56,845,3,great value for the price,2021-06-30 07:51:18,2022-11-05 22:13:24
1915,258,765,5,Excellent customer service and product quality,2021-04-08 15:10:29,2022-04-26 16:14:28
1916,199,131,5,Best purchase ever,2021-08-22 20:31:24,2022-12-09 05:26:12
1917,39,658,5,Fantastic product,2021-07-09 17:03:18,2022-12-20 10:21:56
1918,369,567,3,will definitely buy again,2021-02-24 06:52:32,2022-02-19 20:51:55
1919,368,636,5,Couldn't be happier with my purchase,2021-03-26 17:51:43,2022-04-27 12:35:10
1920,82,250,4,Incredible product,2021-08-01 03:13:55,2022-11-19 19:58:40
1921,458,595,3,Couldn't be happier with my purchase,2021-08-09 19:11:42,2022-03-14 00:56:54
1922,4,378,4,highly recommend!,2021-02-21 19:53:31,2022-01-21 01:54:34
1923,54,127,3,will definitely buy again,2021-10-06 01:48:50,2022-02-24 03:03:02
1924,407,374,3,Impressed with the durability and design,2021-12-26 18:52:22,2022-10-23 18:13:23
1925,275,992,3,Absolutely love this product,2021-01-25 05:12:09,2022-07-07 08:05:23
1926,110,902,3,exceeded my expectations,2021-07-30 05:36:26,2022-03-15 01:01:44
1927,206,839,4,Incredible product,2021-03-15 01:49:44,2022-12-24 10:09:50
1928,256,370,4,great value for the price,2021-01-08 05:54:47,2022-03-18 06:30:41
1929,276,612,5,Excellent customer service and product quality,2021-01-10 16:55:10,2022-11-13 15:56:20
1930,237,850,4,Incredible product,2021-06-25 04:10:28,2022-11-12 20:47:20
1931,483,367,3,Impressed with the durability and design,2021-12-19 07:58:24,2022-11-02 09:57:23
1932,256,378,4,will definitely buy again,2021-05-05 21:17:01,2022-05-12 20:00:11
1933,287,641,3,will definitely buy again,2021-03-30 22:55:08,2022-10-10 20:26:45
1934,221,275,5,will definitely buy again,2021-09-15 23:49:44,2022-09-03 17:41:17
1935,46,163,5,it's a game-changer,2021-08-18 03:51:14,2022-01-31 15:00:11
1936,430,648,5,exceeded my expectations,2021-04-26 06:47:51,2022-10-13 03:00:41
1937,266,472,4,Fantastic product,2021-03-23 14:59:16,2022-03-13 10:46:23
1938,480,329,5,Incredible product,2021-07-06 22:02:36,2022-02-15 15:11:01
1939,305,934,4,Top-notch quality,2021-04-05 06:28:52,2022-08-30 08:36:53
1940,3,902,3,Highly satisfied with the performance and features,2021-05-26 11:17:01,2022-09-08 01:09:13
1941,174,365,4,it's a game-changer,2021-01-24 04:20:45,2022-11-28 17:28:19
1942,223,382,5,Excellent customer service and product quality,2021-08-04 09:39:56,2022-07-11 15:14:41
1943,397,652,4,Excellent customer service and product quality,2021-05-25 11:02:14,2022-09-04 12:10:40
1944,92,941,4,Couldn't be happier with my purchase,2021-05-17 17:44:02,2022-02-04 15:05:03
1945,351,979,5,Best purchase ever,2021-11-21 14:45:54,2022-10-18 09:10:38
1946,70,486,4,Amazing quality,2021-12-06 22:00:29,2022-01-19 12:51:19
1947,168,110,3,Amazing quality,2021-05-15 14:20:30,2022-06-24 17:25:00
1948,371,604,4,Highly satisfied with the performance and features,2021-03-07 22:49:11,2022-09-17 05:25:26
1949,39,171,3,highly recommend!,2021-04-30 07:46:57,2022-03-24 21:07:12
1950,493,360,3,Impressed with the durability and design,2021-11-12 07:41:21,2022-06-30 21:59:17
1951,371,113,4,Excellent customer service and product quality,2021-07-05 06:34:12,2022-08-10 14:02:52
1952,112,659,3,Impressed with the durability and design,2021-02-09 11:35:03,2022-04-23 03:34:57
1953,46,691,3,will definitely buy again,2021-06-06 06:16:28,2022-01-21 05:33:53
1954,370,515,3,Amazing quality,2021-01-15 15:25:56,2022-07-26 14:52:54
1955,203,695,5,worth every penny,2021-03-03 06:19:10,2022-09-22 13:19:54
1956,79,581,4,Impressed with the durability and design,2021-12-15 13:43:55,2022-10-01 09:04:29
1957,176,574,4,Top-notch quality,2021-08-30 22:28:47,2022-02-26 00:50:15
1958,26,217,4,Highly satisfied with the performance and features,2021-06-16 18:18:30,2022-07-21 08:11:18
1959,42,851,4,highly recommend!,2021-06-23 05:21:59,2022-04-23 13:44:30
1960,78,98,3,Incredible product,2021-08-15 19:58:04,2022-05-20 07:01:01
1961,432,901,4,Excellent customer service and product quality,2021-02-21 23:09:21,2022-09-10 17:40:20
1962,331,278,4,worth every penny,2021-12-29 00:49:58,2022-01-08 07:20:30
1963,91,114,4,it's a game-changer,2021-06-14 08:19:59,2022-01-08 20:49:30
1964,67,698,4,will definitely buy again,2021-07-03 00:12:49,2022-09-26 16:39:21
1965,216,758,4,exceeded my expectations,2021-09-28 16:52:09,2022-11-20 21:17:34
1966,403,710,3,Best purchase ever,2021-01-14 15:04:56,2022-11-08 09:44:09
1967,369,235,3,Couldn't be happier with my purchase,2021-04-30 06:59:43,2022-05-25 16:32:19
1968,423,712,4,exceeded my expectations,2021-04-05 04:28:26,2022-03-14 15:13:02
1969,118,644,3,Incredible product,2021-08-22 03:32:58,2022-08-16 16:18:35
1970,57,808,5,great value for the price,2021-01-04 10:35:34,2022-12-04 09:33:49
1971,486,636,3,highly recommend!,2021-09-26 03:20:08,2022-04-19 06:20:20
1972,383,57,3,it's a game-changer,2021-12-16 08:12:40,2022-03-04 18:30:56
1973,290,143,3,Excellent customer service and product quality,2021-02-01 13:25:17,2022-10-18 05:06:11
1974,41,343,5,Couldn't be happier with my purchase,2021-04-14 07:09:24,2022-08-30 09:45:53
1975,276,721,4,Absolutely love this product,2021-01-15 04:17:43,2022-05-28 16:00:58
1976,138,474,4,Fantastic product,2021-02-08 17:25:21,2022-10-31 15:28:14
1977,232,239,4,will definitely buy again,2021-12-21 00:41:52,2022-10-05 14:43:30
1978,181,54,4,Highly satisfied with the performance and features,2021-06-26 05:08:30,2022-10-11 12:32:57
1979,214,682,3,Absolutely love this product,2021-09-07 03:40:01,2022-06-18 02:33:48
1980,500,882,4,will definitely buy again,2021-12-26 10:10:42,2022-12-20 13:15:24
1981,75,929,4,will definitely buy again,2021-11-16 04:08:21,2022-07-12 22:57:23
1982,230,2,5,will definitely buy again,2021-03-22 07:41:04,2022-09-07 10:14:11
1983,115,252,3,exceeded my expectations,2021-06-17 11:32:12,2022-01-17 23:25:43
1984,434,511,4,Impressed with the durability and design,2021-11-27 05:02:55,2022-01-01 07:32:49
1985,494,897,3,Amazing quality,2021-03-26 15:43:00,2022-06-07 10:44:07
1986,499,141,4,highly recommend!,2021-11-01 14:03:02,2022-09-15 16:30:35
1987,131,476,4,worth every penny,2021-07-07 16:25:22,2022-02-05 00:54:50
1988,101,785,4,Impressed with the durability and design,2021-03-23 09:49:28,2022-06-14 07:18:04
1989,488,268,3,Couldn't be happier with my purchase,2021-05-18 23:35:06,2022-05-03 18:01:47
1990,412,767,3,Top-notch quality,2021-05-29 00:04:34,2022-05-29 18:08:31
1991,84,359,5,Highly satisfied with the performance and features,2021-07-28 11:51:04,2022-02-06 14:54:24
1992,494,90,3,Incredible product,2021-05-09 06:26:44,2022-03-12 00:13:29
1993,348,82,5,highly recommend!,2021-02-20 16:00:46,2022-03-13 20:06:13
1994,52,802,5,Top-notch quality,2021-05-05 22:56:37,2022-06-21 03:01:09
1995,366,688,5,great value for the price,2021-02-04 07:00:44,2022-03-09 21:17:46
1996,225,164,4,Highly satisfied with the performance and features,2021-01-15 09:50:29,2022-06-03 11:07:46
1997,205,918,3,Incredible product,2021-02-18 11:49:50,2022-03-04 15:29:11
1998,126,362,4,Amazing quality,2021-12-01 04:42:11,2022-10-13 13:20:18
1999,268,674,3,Best purchase ever,2021-10-18 09:21:31,2022-10-10 06:44:26
2000,21,37,4,Fantastic product,2021-09-10 10:14:19,2022-11-19 11:50:10
