wishlist_id,user_id,product_id,created_at,updated_at
1,370,268,2021-12-04 10:08:56,2022-01-02 02:54:31
2,935,394,2021-07-19 14:18:35,2022-01-05 04:31:01
3,526,228,2021-03-22 23:33:19,2022-09-20 20:20:20
4,733,319,2021-11-11 03:24:02,2022-05-19 17:48:50
5,958,378,2021-05-03 18:16:03,2022-12-20 22:19:02
6,596,462,2021-05-14 10:59:32,2022-11-16 08:22:28
7,356,332,2021-10-03 02:47:17,2022-09-17 19:00:33
8,498,339,2021-12-28 21:43:06,2022-05-28 03:11:30
9,200,169,2021-08-12 03:47:05,2022-12-02 02:14:03
10,95,198,2021-11-09 12:24:44,2022-05-24 04:33:27
11,119,339,2021-09-14 07:05:10,2022-11-30 22:08:55
12,410,94,2021-01-17 16:57:48,2022-02-26 16:46:51
13,636,481,2021-08-14 06:31:34,2022-08-08 09:12:55
14,817,137,2021-10-31 13:13:24,2022-05-29 14:40:49
15,351,147,2021-08-03 07:27:01,2022-02-25 22:11:37
16,728,180,2021-10-04 10:45:00,2022-07-10 14:41:23
17,649,311,2021-01-15 05:16:51,2022-06-08 16:36:47
18,907,344,2021-05-03 12:15:43,2022-10-26 00:30:53
19,118,160,2021-08-28 07:32:48,2022-01-11 03:49:10
20,818,198,2021-12-01 11:39:11,2022-01-30 18:41:45
21,118,109,2021-08-20 13:21:25,2022-11-11 11:13:42
22,460,245,2021-12-08 06:00:46,2022-01-10 16:15:08
23,424,318,2021-07-18 01:07:15,2022-12-19 09:21:58
24,727,150,2021-11-19 17:26:57,2022-08-10 13:12:45
25,805,80,2021-05-19 14:58:56,2022-06-30 03:40:31
26,985,409,2021-02-18 06:37:37,2022-11-14 02:15:27
27,752,57,2021-05-17 18:26:40,2022-01-22 01:33:52
28,879,258,2021-09-30 06:36:06,2022-06-18 09:47:42
29,251,32,2021-07-13 04:08:34,2022-01-26 01:18:01
30,805,500,2021-11-09 13:32:49,2022-07-22 06:19:00
31,726,286,2021-07-02 23:36:27,2022-02-15 16:11:02
32,220,115,2021-04-13 19:56:41,2022-12-14 21:14:29
33,56,441,2021-07-24 04:43:23,2022-03-24 01:17:48
34,723,292,2021-07-08 00:26:53,2022-04-02 02:17:57
35,533,372,2021-04-30 09:35:00,2022-01-26 11:04:48
36,647,476,2021-10-30 06:07:17,2022-06-15 23:00:11
37,478,301,2021-05-12 06:26:37,2022-12-02 08:51:25
38,313,297,2021-06-21 14:33:12,2022-10-19 08:54:52
39,846,144,2021-01-23 08:40:34,2022-06-04 09:50:18
40,795,253,2021-08-01 05:23:01,2022-09-10 12:40:50
41,96,394,2021-02-03 06:14:28,2022-09-01 06:53:37
42,721,21,2021-08-11 22:48:44,2022-01-29 13:32:11
43,938,222,2021-03-29 19:30:23,2022-11-10 06:47:32
44,72,336,2021-04-09 23:01:04,2022-03-19 16:35:39
45,262,451,2021-11-03 17:07:35,2022-09-08 06:43:07
46,793,83,2021-07-13 15:15:55,2022-01-06 06:54:36
47,540,329,2021-03-07 23:42:55,2022-12-19 07:06:10
48,457,339,2021-12-28 09:07:00,2022-01-08 12:56:18
49,130,139,2021-04-17 00:28:22,2022-01-20 21:17:16
50,752,361,2021-03-11 19:29:38,2022-02-22 15:43:44
51,577,328,2021-04-08 14:56:44,2022-11-03 10:04:11
52,420,464,2021-07-24 07:52:56,2022-08-28 17:14:04
53,577,229,2021-12-19 16:41:09,2022-08-13 16:13:42
54,852,423,2021-11-07 04:45:39,2022-11-05 08:53:27
55,454,147,2021-08-24 10:27:21,2022-02-20 02:18:14
56,984,320,2021-10-10 20:50:25,2022-11-20 22:00:13
57,610,362,2021-07-18 16:24:05,2022-02-13 07:06:45
58,294,439,2021-07-26 11:08:10,2022-02-11 00:48:31
59,835,244,2021-11-02 07:13:47,2022-08-27 23:17:35
60,861,342,2021-07-21 05:42:05,2022-02-21 05:07:24
61,416,159,2021-02-24 21:39:42,2022-05-05 06:49:20
62,625,453,2021-03-12 06:31:37,2022-09-24 13:08:32
63,471,268,2021-11-09 18:26:56,2022-09-14 03:12:12
64,508,341,2021-08-01 10:35:38,2022-02-26 13:08:41
65,161,129,2021-01-22 15:12:55,2022-04-14 19:19:18
66,111,296,2021-08-22 08:29:49,2022-10-06 00:54:23
67,364,158,2021-07-21 11:19:26,2022-01-30 11:46:47
68,16,138,2021-10-26 03:13:47,2022-09-02 07:15:50
69,814,147,2021-10-05 09:35:19,2022-02-22 15:03:42
70,779,192,2021-12-30 15:03:45,2022-05-10 23:26:07
71,96,439,2021-07-13 07:28:20,2022-05-21 08:33:31
72,416,310,2021-02-03 21:06:43,2022-10-28 23:23:45
73,545,398,2021-07-08 20:16:22,2022-05-14 16:13:56
74,433,194,2021-04-21 21:19:14,2022-12-01 14:07:18
75,671,420,2021-09-22 11:01:19,2022-03-16 23:23:19
76,547,167,2021-01-25 19:18:14,2022-08-10 09:13:30
77,762,312,2021-12-28 22:56:22,2022-10-20 18:07:54
78,427,376,2021-11-17 10:54:22,2022-05-20 23:41:15
79,721,210,2021-04-03 21:40:50,2022-04-05 18:19:16
80,587,102,2021-03-11 02:20:37,2022-12-18 15:51:34
81,164,278,2021-07-25 14:17:11,2022-08-28 20:50:18
82,512,458,2021-01-18 13:19:45,2022-03-17 20:57:05
83,147,430,2021-06-20 01:58:29,2022-01-07 07:09:33
84,434,72,2021-08-01 05:38:24,2022-01-31 18:25:40
85,948,387,2021-12-18 12:28:19,2022-05-07 23:29:21
86,708,146,2021-05-05 16:44:16,2022-08-17 04:34:16
87,887,489,2021-06-23 03:00:31,2022-06-17 11:04:28
88,549,260,2021-05-07 10:04:53,2022-04-27 09:42:49
89,200,264,2021-01-28 15:08:37,2022-12-05 04:57:58
90,285,412,2021-03-01 13:15:37,2022-09-23 01:28:15
91,580,84,2021-12-24 04:06:39,2022-01-28 18:25:27
92,136,464,2021-02-17 15:00:16,2022-02-04 00:23:46
93,11,177,2021-10-18 01:53:19,2022-03-07 16:39:34
94,285,393,2021-09-07 04:42:30,2022-12-23 02:28:12
95,873,251,2021-11-09 20:49:18,2022-10-05 17:12:28
96,350,43,2021-10-20 00:20:40,2022-03-07 02:17:57
97,322,428,2021-08-31 00:25:14,2022-05-09 21:04:24
98,867,485,2021-11-04 03:38:24,2022-07-20 11:46:19
99,847,258,2021-10-21 17:58:10,2022-12-22 15:04:47
100,400,217,2021-05-20 10:55:04,2022-09-15 05:28:29
101,589,82,2021-03-27 01:48:46,2022-08-16 07:42:34
102,452,257,2021-10-31 16:38:59,2022-11-26 19:04:02
103,216,355,2021-12-01 09:54:00,2022-08-18 15:29:14
104,539,388,2021-04-22 15:13:16,2022-12-20 00:53:32
105,816,368,2021-02-23 17:23:53,2022-01-12 18:11:55
106,853,474,2021-02-17 16:17:44,2022-07-09 06:55:28
107,207,98,2021-07-28 02:26:40,2022-05-13 14:25:18
108,29,288,2021-07-25 17:40:25,2022-07-25 07:44:58
109,460,222,2021-09-05 08:44:52,2022-02-14 15:34:50
110,393,148,2021-01-20 00:31:57,2022-04-05 03:17:15
111,672,242,2021-04-27 20:34:30,2022-04-05 20:34:27
112,405,477,2021-01-10 05:55:08,2022-12-11 03:04:47
113,63,298,2021-10-25 17:01:58,2022-06-11 14:03:41
114,334,385,2021-06-05 03:59:21,2022-09-09 00:36:47
115,182,454,2021-02-14 12:35:23,2022-03-29 09:59:07
116,700,92,2021-07-22 07:07:54,2022-10-21 23:15:23
117,329,14,2021-07-18 18:21:51,2022-10-01 19:33:22
118,442,408,2021-11-10 16:18:41,2022-06-18 09:38:07
119,706,139,2021-03-13 07:20:06,2022-09-19 18:25:47
120,558,274,2021-05-20 22:35:39,2022-01-21 11:26:12
121,660,252,2021-04-01 09:18:11,2022-12-09 01:38:49
122,743,59,2021-04-16 19:00:48,2022-06-04 12:46:21
123,205,244,2021-04-13 04:45:58,2022-04-23 05:35:17
124,946,485,2021-11-12 00:20:03,2022-03-17 09:57:32
125,330,78,2021-01-22 04:51:03,2022-12-14 23:48:34
126,922,100,2021-11-19 21:00:46,2022-12-12 18:05:03
127,363,357,2021-10-08 07:33:53,2022-02-12 19:44:14
128,820,315,2021-04-02 02:16:45,2022-04-11 07:54:48
129,769,433,2021-04-08 19:49:10,2022-07-03 22:28:30
130,521,104,2021-04-18 14:53:25,2022-11-26 03:06:53
131,335,339,2021-09-25 09:33:18,2022-08-02 17:52:19
132,594,1,2021-06-08 17:50:30,2022-11-30 14:48:13
133,398,451,2021-09-02 18:21:44,2022-10-21 10:21:34
134,917,396,2021-09-06 17:31:38,2022-07-22 02:05:56
135,371,81,2021-11-28 21:07:08,2022-06-02 13:49:59
136,522,345,2021-10-02 01:51:37,2022-04-22 03:30:23
137,215,128,2021-02-18 16:28:08,2022-04-06 05:30:40
138,245,445,2021-05-15 20:35:17,2022-01-20 06:57:21
139,294,140,2021-09-16 08:18:03,2022-11-19 16:59:35
140,417,15,2021-12-11 19:28:34,2022-09-01 00:31:10
141,510,141,2021-09-17 20:43:46,2022-09-08 21:11:40
142,144,154,2021-04-22 22:30:13,2022-07-11 10:52:58
143,314,80,2021-11-07 14:33:25,2022-07-24 01:03:23
144,737,388,2021-09-29 08:07:08,2022-08-09 11:20:03
145,740,231,2021-12-24 09:32:52,2022-02-16 03:55:00
146,828,264,2021-06-21 16:42:30,2022-09-12 06:07:06
147,557,274,2021-07-19 09:36:13,2022-09-01 04:21:49
148,321,214,2021-05-16 10:48:35,2022-05-25 23:25:37
149,291,262,2021-10-31 12:02:38,2022-11-05 09:21:57
150,425,22,2021-01-10 09:48:53,2022-03-18 02:20:24
151,801,303,2021-09-12 18:56:28,2022-04-24 02:16:21
152,629,394,2021-12-01 23:18:20,2022-04-28 22:11:12
153,552,65,2021-01-14 17:22:17,2022-10-18 10:27:34
154,462,417,2021-08-05 13:54:08,2022-01-26 00:01:25
155,66,150,2021-06-06 00:52:53,2022-06-29 20:14:06
156,665,155,2021-07-02 14:59:51,2022-02-05 08:31:27
157,638,144,2021-08-18 09:42:53,2022-07-06 07:08:21
158,553,99,2021-07-31 05:08:33,2022-02-03 23:31:35
159,406,458,2021-02-11 01:31:20,2022-11-14 13:03:29
160,635,364,2021-08-11 22:51:07,2022-01-03 14:39:46
161,841,216,2021-11-27 21:59:24,2022-10-17 05:32:58
162,311,63,2021-03-22 10:43:54,2022-04-10 03:14:29
163,203,182,2021-01-02 11:15:06,2022-10-13 07:47:12
164,737,245,2021-01-30 13:42:27,2022-01-28 16:56:39
165,22,492,2021-12-16 07:06:40,2022-04-08 04:54:00
166,133,291,2021-06-23 16:16:41,2022-04-04 22:19:12
167,956,415,2021-05-26 10:55:32,2022-03-09 12:02:36
168,24,334,2021-06-15 08:14:26,2022-06-24 18:40:52
169,5,161,2021-08-02 13:46:07,2022-10-27 22:06:36
170,901,494,2021-04-13 17:37:12,2022-03-04 09:54:56
171,360,438,2021-04-27 19:35:56,2022-04-09 10:59:49
172,266,340,2021-03-12 23:35:36,2022-11-02 17:12:43
173,750,448,2021-10-19 12:56:02,2022-07-07 20:13:37
174,155,116,2021-10-07 21:44:59,2022-09-24 12:32:21
175,784,281,2021-11-12 19:34:21,2022-08-26 01:01:52
176,544,211,2021-09-29 00:31:46,2022-07-07 20:44:50
177,333,406,2021-11-30 09:56:46,2022-11-12 06:25:16
178,582,422,2021-07-05 21:00:50,2022-01-28 10:53:20
179,41,170,2021-06-30 07:02:29,2022-04-20 06:25:09
180,796,334,2021-06-30 08:02:28,2022-07-15 13:40:26
181,854,397,2021-11-04 17:20:57,2022-09-20 10:00:37
182,475,96,2021-07-10 17:59:24,2022-07-13 03:27:57
183,841,354,2021-10-08 14:47:27,2022-04-29 03:52:43
184,77,103,2021-06-24 22:12:23,2022-06-05 15:30:46
185,835,466,2021-08-21 19:05:21,2022-06-12 15:45:53
186,304,41,2021-08-27 06:23:49,2022-08-06 23:19:53
187,482,265,2021-01-08 17:02:47,2022-03-13 18:19:29
188,299,170,2021-09-12 15:11:10,2022-11-11 05:54:09
189,767,43,2021-06-26 13:33:16,2022-06-28 08:25:46
190,702,288,2021-01-17 21:11:52,2022-12-20 07:21:43
191,533,204,2021-10-30 01:55:27,2022-12-19 23:48:34
192,404,365,2021-01-09 05:54:44,2022-08-10 08:23:46
193,744,416,2021-12-29 09:21:23,2022-01-06 12:54:11
194,249,156,2021-08-20 02:56:46,2022-04-14 15:27:40
195,556,367,2021-01-05 20:13:15,2022-06-14 00:19:34
196,949,274,2021-05-24 01:34:28,2022-06-11 13:07:57
197,112,325,2021-03-04 18:17:21,2022-03-24 15:33:49
198,474,64,2021-11-28 20:18:10,2022-06-17 22:06:14
199,994,261,2021-10-16 00:08:37,2022-01-26 06:44:26
200,672,422,2021-10-18 09:12:22,2022-04-05 15:22:26
201,629,139,2021-06-28 20:20:29,2022-05-13 14:34:34
202,897,45,2021-05-20 18:35:28,2022-05-01 12:21:27
203,602,400,2021-12-20 13:38:31,2022-06-08 03:31:16
204,983,354,2021-01-25 02:07:51,2022-08-21 02:44:48
205,774,195,2021-05-04 18:08:40,2022-01-05 13:08:04
206,165,325,2021-05-09 01:10:44,2022-07-03 01:30:06
207,507,147,2021-03-07 13:36:21,2022-06-26 21:06:46
208,507,479,2021-01-30 03:47:01,2022-09-04 19:13:21
209,935,133,2021-02-07 18:51:48,2022-02-07 16:52:43
210,168,61,2021-03-12 16:29:45,2022-09-12 06:24:30
211,104,260,2021-09-14 02:24:02,2022-09-27 10:15:36
212,17,400,2021-05-26 03:39:16,2022-05-28 01:00:33
213,895,44,2021-03-04 08:08:47,2022-04-15 12:22:05
214,186,5,2021-05-11 09:04:39,2022-05-14 05:19:14
215,141,86,2021-03-14 23:02:46,2022-10-21 15:16:59
216,919,257,2021-06-22 07:14:23,2022-12-20 00:11:33
217,354,486,2021-01-29 13:33:50,2022-10-12 01:48:40
218,226,395,2021-05-12 00:44:04,2022-12-22 13:49:47
219,251,304,2021-05-10 14:19:11,2022-11-01 09:48:05
220,551,406,2021-12-29 18:32:52,2022-07-05 22:39:49
221,288,438,2021-04-07 12:34:58,2022-06-14 00:17:42
222,878,106,2021-06-17 04:27:13,2022-03-13 05:35:50
223,934,457,2021-01-06 20:39:01,2022-07-04 19:25:00
224,723,310,2021-10-01 08:49:09,2022-05-24 13:47:49
225,590,374,2021-06-07 17:06:22,2022-03-29 10:07:31
226,912,401,2021-01-19 00:18:29,2022-10-20 09:17:23
227,307,53,2021-12-08 18:42:08,2022-10-25 18:45:37
228,895,90,2021-02-15 07:27:57,2022-01-13 00:31:57
229,790,437,2021-07-31 18:20:42,2022-08-26 19:50:55
230,809,323,2021-05-12 06:54:08,2022-02-05 08:56:17
231,371,187,2021-04-10 00:03:05,2022-02-10 23:32:58
232,652,367,2021-02-02 12:11:13,2022-10-25 04:54:29
233,848,430,2021-01-23 19:49:16,2022-03-10 19:28:03
234,107,130,2021-09-23 03:57:44,2022-06-22 15:48:28
235,383,72,2021-02-24 00:41:17,2022-09-12 07:32:37
236,274,82,2021-04-17 10:14:15,2022-02-06 03:31:08
237,680,208,2021-06-10 23:42:12,2022-10-20 21:56:39
238,867,235,2021-08-04 17:40:06,2022-04-20 11:00:40
239,11,163,2021-04-06 09:46:30,2022-04-09 00:38:01
240,241,216,2021-02-26 07:49:42,2022-12-14 15:54:54
241,12,227,2021-02-19 09:41:10,2022-09-04 13:08:33
242,842,323,2021-10-07 15:01:25,2022-05-11 10:26:42
243,568,192,2021-05-23 01:55:47,2022-10-21 21:50:05
244,213,498,2021-09-06 18:11:33,2022-11-12 10:19:18
245,545,97,2021-09-01 11:57:02,2022-02-14 17:21:45
246,586,120,2021-10-28 04:17:50,2022-07-13 07:25:41
247,639,86,2021-08-21 08:07:15,2022-11-18 11:04:26
248,819,287,2021-11-21 13:26:31,2022-09-20 16:53:43
249,975,193,2021-01-06 09:07:46,2022-04-28 04:55:43
250,156,336,2021-01-07 19:09:36,2022-04-21 19:56:48
251,741,7,2021-04-18 05:50:35,2022-08-02 10:52:41
252,298,472,2021-06-05 04:27:17,2022-07-31 11:44:19
253,766,435,2021-12-07 22:33:20,2022-07-21 20:56:20
254,837,268,2021-07-03 07:38:39,2022-06-30 14:09:16
255,246,19,2021-08-08 19:08:23,2022-11-29 01:00:35
256,202,33,2021-06-02 21:37:16,2022-07-22 17:51:10
257,867,272,2021-12-13 18:17:57,2022-02-16 20:15:35
258,102,87,2021-09-10 12:32:09,2022-01-20 06:18:39
259,980,175,2021-07-20 04:07:43,2022-06-02 03:36:34
260,99,35,2021-12-23 17:26:34,2022-12-13 05:35:58
261,666,242,2021-11-21 16:13:58,2022-02-22 03:14:33
262,58,447,2021-08-16 19:20:43,2022-11-10 14:01:49
263,53,228,2021-01-22 04:16:56,2022-09-30 11:00:11
264,441,433,2021-02-24 03:45:09,2022-12-01 14:49:18
265,397,401,2021-05-09 18:55:15,2022-03-17 06:47:57
266,118,329,2021-09-21 01:03:55,2022-08-13 17:14:02
267,319,238,2021-02-18 13:47:29,2022-02-12 00:49:55
268,601,201,2021-07-17 03:11:55,2022-07-24 07:53:03
269,341,359,2021-04-15 00:02:04,2022-12-27 21:20:24
270,775,220,2021-12-06 20:42:20,2022-08-02 10:05:29
271,919,488,2021-05-22 01:50:36,2022-09-29 21:36:31
272,851,22,2021-04-15 04:20:20,2022-04-01 04:00:38
273,83,365,2021-10-15 13:45:37,2022-04-30 20:36:42
274,170,447,2021-12-25 18:14:38,2022-01-15 08:37:17
275,28,163,2021-07-24 14:28:04,2022-11-21 21:51:59
276,292,96,2021-08-04 00:06:54,2022-02-05 08:20:25
277,54,278,2021-03-15 16:52:45,2022-09-01 15:02:27
278,338,188,2021-02-27 07:50:42,2022-05-01 02:47:48
279,941,187,2021-04-05 23:08:35,2022-01-08 13:49:28
280,442,348,2021-04-30 15:27:16,2022-03-11 17:15:46
281,429,297,2021-06-12 20:51:18,2022-03-12 11:17:18
282,942,352,2021-05-15 23:12:57,2022-12-26 08:05:20
283,428,51,2021-04-21 00:40:19,2022-08-29 19:46:16
284,109,174,2021-10-10 17:12:10,2022-05-29 01:36:27
285,846,178,2021-01-15 23:19:36,2022-07-23 07:14:31
286,358,241,2021-07-05 12:59:42,2022-08-01 08:15:24
287,217,133,2021-03-03 15:26:13,2022-12-14 16:33:05
288,853,436,2021-10-22 10:54:01,2022-09-28 02:24:23
289,453,29,2021-09-14 08:32:58,2022-05-10 04:06:32
290,496,296,2021-10-05 04:27:47,2022-06-25 09:04:36
291,110,145,2021-01-02 09:21:59,2022-06-23 18:45:41
292,675,428,2021-12-11 13:47:10,2022-04-13 02:01:28
293,185,374,2021-10-11 17:20:59,2022-08-21 04:04:33
294,37,103,2021-01-30 16:49:53,2022-02-15 14:23:42
295,79,213,2021-12-14 03:56:01,2022-09-23 17:31:18
296,614,74,2021-06-06 13:27:02,2022-07-17 09:38:57
297,764,430,2021-11-18 00:08:04,2022-07-08 17:47:54
298,131,11,2021-04-22 18:21:05,2022-09-23 11:06:41
299,337,66,2021-06-15 09:16:12,2022-12-17 14:04:17
300,782,33,2021-06-04 03:56:37,2022-10-09 00:18:50
301,390,255,2021-03-29 14:59:49,2022-09-11 06:01:55
302,230,347,2021-09-10 01:27:15,2022-07-03 01:37:15
303,337,331,2021-04-30 13:02:10,2022-03-30 14:44:12
304,82,221,2021-06-13 08:41:48,2022-06-11 18:08:01
305,264,273,2021-03-12 00:04:35,2022-10-22 00:13:19
306,682,476,2021-04-10 09:21:16,2022-02-20 22:31:36
307,335,159,2021-12-20 08:29:52,2022-01-08 17:49:56
308,676,45,2021-12-12 14:46:39,2022-09-01 17:45:37
309,288,71,2021-03-14 20:42:01,2022-09-07 12:40:37
310,945,210,2021-02-20 22:56:10,2022-12-10 20:08:46
311,27,197,2021-04-09 10:57:23,2022-03-15 01:41:53
312,409,254,2021-08-28 15:38:15,2022-10-05 09:43:50
313,662,59,2021-02-20 10:37:12,2022-10-15 17:40:44
314,179,62,2021-06-27 11:52:49,2022-02-27 17:32:37
315,156,227,2021-01-30 05:56:40,2022-04-06 14:45:15
316,605,56,2021-03-09 03:03:38,2022-04-14 09:11:06
317,996,429,2021-10-07 04:03:25,2022-09-25 14:20:52
318,675,29,2021-07-01 13:27:39,2022-10-19 13:43:42
319,263,297,2021-06-16 12:19:15,2022-12-17 18:34:26
320,584,70,2021-02-13 22:55:45,2022-03-06 05:13:53
321,128,146,2021-09-19 00:23:28,2022-10-05 17:06:03
322,673,342,2021-07-10 15:15:56,2022-08-09 07:41:05
323,143,459,2021-06-30 02:12:36,2022-01-10 05:53:47
324,837,452,2021-02-22 12:59:49,2022-10-31 17:13:12
325,411,432,2021-06-28 19:33:17,2022-06-14 14:21:53
326,876,283,2021-05-14 06:56:44,2022-06-08 19:10:28
327,649,121,2021-02-15 21:41:11,2022-12-19 01:11:38
328,857,114,2021-06-20 11:31:43,2022-08-25 16:25:16
329,705,339,2021-10-31 21:15:26,2022-11-02 09:58:30
330,180,31,2021-08-07 09:07:02,2022-05-12 02:44:49
331,30,304,2021-06-15 21:07:57,2022-07-08 07:31:11
332,121,177,2021-10-31 05:46:49,2022-02-27 16:07:47
333,581,439,2021-03-22 23:40:31,2022-01-20 14:32:32
334,650,355,2021-03-25 19:53:47,2022-09-19 16:27:11
335,501,463,2021-11-04 02:17:31,2022-11-12 10:43:00
336,960,42,2021-01-28 09:45:05,2022-07-23 02:27:06
337,582,472,2021-03-16 10:21:26,2022-10-14 09:18:05
338,527,76,2021-06-07 12:04:07,2022-02-20 16:16:43
339,377,289,2021-03-31 07:13:32,2022-01-08 10:56:37
340,940,377,2021-08-08 23:12:33,2022-05-26 04:39:15
341,750,134,2021-06-14 14:12:32,2022-02-20 15:40:00
342,956,351,2021-09-29 15:15:19,2022-12-13 01:26:20
343,607,54,2021-11-07 01:12:10,2022-03-28 14:07:21
344,517,476,2021-03-25 01:58:51,2022-11-10 15:12:11
345,559,224,2021-09-28 09:36:54,2022-07-07 06:47:09
346,263,141,2021-05-13 09:04:50,2022-05-06 13:19:44
347,901,66,2021-03-08 13:52:14,2022-04-18 12:19:03
348,125,188,2021-08-25 05:06:03,2022-01-19 18:09:55
349,837,414,2021-08-11 14:25:10,2022-01-15 08:47:53
350,700,13,2021-05-06 16:38:57,2022-09-27 10:46:14
351,625,407,2021-07-05 22:15:56,2022-08-13 04:50:34
352,541,17,2021-08-13 04:31:40,2022-11-09 12:10:11
353,650,188,2021-01-26 22:45:53,2022-09-17 23:37:22
354,7,413,2021-01-20 01:16:39,2022-02-22 16:24:28
355,230,74,2021-10-04 23:52:02,2022-12-28 08:51:02
356,292,288,2021-08-12 08:42:17,2022-09-07 03:30:25
357,463,80,2021-01-29 12:31:15,2022-09-10 10:04:20
358,336,267,2021-04-05 03:54:15,2022-04-14 17:59:56
359,315,168,2021-08-19 23:31:44,2022-08-20 13:29:43
360,915,291,2021-04-19 22:19:57,2022-11-09 15:02:30
361,903,313,2021-03-06 09:11:11,2022-09-03 04:43:08
362,998,348,2021-10-18 20:27:40,2022-03-18 22:05:47
363,211,459,2021-03-25 09:13:05,2022-02-22 23:21:46
364,943,81,2021-02-23 05:40:41,2022-02-14 22:11:01
365,1,459,2021-10-16 14:30:24,2022-04-26 16:37:24
366,868,405,2021-12-12 04:38:31,2022-07-31 00:05:41
367,830,348,2021-11-29 17:04:56,2022-12-19 23:47:55
368,154,406,2021-06-13 20:51:01,2022-03-05 03:44:34
369,602,374,2021-01-15 22:16:02,2022-03-17 23:04:01
370,521,286,2021-11-14 06:03:18,2022-02-10 14:38:10
371,623,28,2021-03-07 06:08:53,2022-01-28 13:02:01
372,538,169,2021-02-18 01:29:00,2022-04-09 03:28:25
373,978,492,2021-08-08 20:33:25,2022-07-04 21:53:05
374,910,488,2021-01-20 23:14:19,2022-09-06 02:02:50
375,822,494,2021-08-20 13:34:23,2022-01-13 03:32:34
376,497,282,2021-11-11 07:01:16,2022-05-28 13:22:56
377,768,68,2021-10-02 09:19:41,2022-09-21 17:47:30
378,534,401,2021-11-27 15:58:12,2022-10-22 10:58:24
379,578,43,2021-06-06 12:29:26,2022-11-28 17:00:16
380,11,320,2021-06-07 21:07:49,2022-08-26 01:24:45
381,203,283,2021-06-02 06:01:52,2022-02-08 10:36:30
382,350,155,2021-05-31 01:14:12,2022-04-29 20:33:48
383,478,120,2021-10-22 21:06:52,2022-08-03 06:52:43
384,378,215,2021-01-06 05:34:11,2022-05-30 15:29:41
385,598,155,2021-10-28 15:34:39,2022-08-15 13:43:12
386,286,473,2021-04-30 18:07:11,2022-12-17 05:44:00
387,47,466,2021-10-26 07:32:03,2022-11-20 21:44:14
388,716,84,2021-01-25 00:28:10,2022-07-09 03:15:56
389,205,339,2021-07-02 04:14:53,2022-03-27 17:59:46
390,249,220,2021-07-04 08:30:52,2022-05-18 20:32:26
391,538,8,2021-03-24 02:41:04,2022-08-13 00:43:20
392,235,70,2021-06-24 06:51:33,2022-06-19 11:51:01
393,495,59,2021-03-11 16:04:42,2022-08-15 12:52:05
394,775,461,2021-06-01 10:49:54,2022-11-28 10:23:42
395,891,387,2021-01-23 14:46:30,2022-01-29 10:51:45
396,459,335,2021-02-06 00:25:30,2022-02-11 20:59:46
397,165,217,2021-07-29 15:39:15,2022-09-27 04:23:21
398,888,355,2021-09-22 01:25:46,2022-04-18 14:24:18
399,623,207,2021-12-20 22:15:38,2022-09-20 17:45:44
400,345,429,2021-05-17 08:10:43,2022-04-27 01:12:28
401,547,67,2021-04-25 13:49:49,2022-02-27 03:43:26
402,143,335,2021-08-10 21:02:46,2022-07-01 06:43:15
403,194,344,2021-08-26 02:58:52,2022-01-21 17:06:27
404,686,467,2021-02-06 04:21:43,2022-12-22 09:46:09
405,245,294,2021-09-20 12:08:59,2022-12-16 12:50:29
406,253,420,2021-10-27 01:42:44,2022-04-10 23:07:57
407,841,326,2021-03-24 08:43:29,2022-08-13 07:27:58
408,598,112,2021-10-08 08:21:31,2022-12-21 13:59:26
409,178,97,2021-06-02 04:56:58,2022-06-25 14:20:27
410,734,409,2021-03-31 23:31:04,2022-05-11 22:11:52
411,573,462,2021-11-27 20:38:50,2022-03-24 19:31:26
412,391,412,2021-11-02 04:49:59,2022-07-17 20:40:28
413,921,316,2021-07-07 14:28:02,2022-02-23 10:03:29
414,86,384,2021-02-17 16:49:29,2022-02-16 21:41:52
415,290,400,2021-03-26 06:03:15,2022-01-06 10:34:10
416,566,359,2021-07-23 07:27:21,2022-02-19 17:43:18
417,27,387,2021-03-09 18:22:01,2022-01-17 16:09:28
418,103,278,2021-05-22 11:04:47,2022-10-09 16:20:20
419,563,223,2021-12-10 02:43:21,2022-07-25 02:55:47
420,795,388,2021-07-07 02:17:14,2022-05-07 07:19:12
421,69,471,2021-07-23 05:40:59,2022-02-15 12:18:40
422,280,383,2021-01-22 01:02:59,2022-11-12 16:56:11
423,290,295,2021-05-11 18:41:44,2022-09-20 12:14:50
424,789,32,2021-12-11 12:10:06,2022-11-16 11:51:22
425,269,43,2021-08-28 15:20:17,2022-02-27 01:14:22
426,400,439,2021-04-10 16:36:04,2022-04-23 11:33:06
427,120,391,2021-01-11 05:18:30,2022-09-10 01:38:33
428,610,129,2021-05-31 18:55:27,2022-05-25 23:24:21
429,931,403,2021-12-09 12:35:27,2022-11-11 03:10:33
430,262,409,2021-12-03 21:19:38,2022-06-08 00:25:57
431,923,265,2021-07-15 04:32:08,2022-04-11 16:49:47
432,220,63,2021-07-18 15:14:15,2022-07-29 21:34:59
433,874,438,2021-09-01 23:37:32,2022-12-21 18:20:57
434,1,331,2021-01-05 16:33:56,2022-06-26 08:54:25
435,214,19,2021-04-16 17:31:22,2022-03-29 10:33:46
436,583,205,2021-10-25 17:57:55,2022-05-09 21:46:55
437,188,499,2021-01-15 08:37:09,2022-07-27 08:48:58
438,164,393,2021-01-08 10:15:47,2022-01-06 02:05:37
439,13,290,2021-12-03 13:19:13,2022-09-17 20:11:21
440,242,292,2021-05-23 06:58:58,2022-01-06 02:36:08
441,808,363,2021-12-28 10:40:38,2022-08-27 18:47:33
442,951,119,2021-03-20 11:21:40,2022-11-13 03:55:14
443,196,220,2021-10-26 00:16:07,2022-06-24 17:47:01
444,995,78,2021-10-30 18:17:54,2022-10-21 22:28:02
445,717,215,2021-04-23 18:20:00,2022-07-05 12:32:31
446,428,448,2021-11-18 11:31:21,2022-07-15 21:20:51
447,710,408,2021-03-11 05:57:40,2022-10-07 19:13:44
448,199,180,2021-06-27 18:09:05,2022-10-01 04:24:15
449,54,211,2021-03-07 10:13:33,2022-11-09 18:05:22
450,939,135,2021-02-01 05:48:16,2022-11-20 02:55:16
451,249,331,2021-10-11 06:22:48,2022-10-05 10:31:51
452,571,42,2021-02-26 20:42:16,2022-06-04 21:42:38
453,636,261,2021-09-18 21:58:34,2022-12-29 17:03:17
454,168,76,2021-08-21 16:04:01,2022-09-20 01:36:50
455,63,276,2021-09-15 12:06:25,2022-02-27 20:29:04
456,127,162,2021-06-14 16:24:34,2022-10-29 18:28:15
457,693,67,2021-07-01 21:06:47,2022-09-27 11:01:03
458,38,210,2021-01-23 04:59:32,2022-07-01 00:15:09
459,888,370,2021-11-02 19:05:34,2022-09-22 06:16:12
460,489,198,2021-10-05 05:16:48,2022-04-30 07:16:35
461,973,67,2021-07-25 23:16:38,2022-06-22 21:49:25
462,440,172,2021-11-14 10:37:55,2022-04-10 14:30:43
463,499,280,2021-02-09 16:14:51,2022-08-14 16:31:00
464,172,257,2021-12-21 13:28:00,2022-10-29 21:01:32
465,803,308,2021-09-28 12:25:18,2022-10-15 01:43:31
466,437,106,2021-07-26 14:58:41,2022-11-04 17:55:01
467,292,23,2021-11-20 18:35:23,2022-02-13 21:59:10
468,77,148,2021-05-06 15:43:04,2022-02-14 23:05:43
469,821,240,2021-08-08 03:08:05,2022-03-08 10:31:55
470,884,22,2021-11-17 01:46:25,2022-03-23 14:18:54
471,496,153,2021-04-18 11:57:52,2022-10-10 06:27:48
472,464,475,2021-09-04 10:02:48,2022-03-09 23:13:32
473,910,451,2021-12-27 00:04:30,2022-12-01 19:06:59
474,721,115,2021-09-16 02:43:25,2022-09-17 17:48:49
475,800,149,2021-03-08 11:05:37,2022-09-22 03:16:58
476,517,405,2021-08-25 23:15:25,2022-04-11 07:31:00
477,579,229,2021-07-11 02:10:11,2022-01-21 15:09:49
478,615,350,2021-04-12 17:19:30,2022-04-29 09:51:46
479,266,383,2021-04-28 20:57:26,2022-12-06 09:47:16
480,685,412,2021-12-26 19:09:54,2022-05-26 07:21:42
481,529,402,2021-03-14 01:25:39,2022-01-03 15:34:16
482,146,152,2021-07-11 00:44:18,2022-06-05 23:36:16
483,888,114,2021-01-12 00:52:33,2022-06-13 12:19:47
484,992,257,2021-01-09 21:25:57,2022-12-05 06:27:47
485,647,47,2021-12-26 06:52:20,2022-12-21 08:15:18
486,278,259,2021-08-02 07:59:35,2022-03-02 10:42:22
487,861,213,2021-02-20 01:41:56,2022-05-07 02:22:06
488,508,425,2021-03-05 08:18:42,2022-10-23 08:44:08
489,897,373,2021-07-16 04:10:39,2022-08-14 04:50:22
490,381,485,2021-10-16 07:52:41,2022-09-19 22:11:02
491,13,36,2021-09-13 05:34:00,2022-07-06 03:41:48
492,723,383,2021-04-17 02:53:30,2022-07-09 08:54:53
493,452,108,2021-10-07 19:41:30,2022-01-03 21:19:50
494,269,259,2021-12-04 06:09:38,2022-06-29 01:55:02
495,686,447,2021-06-03 04:38:47,2022-06-18 03:48:49
496,752,487,2021-08-03 08:35:34,2022-02-12 18:52:13
497,241,361,2021-10-27 08:49:03,2022-06-10 05:24:38
498,966,230,2021-07-04 20:33:55,2022-04-24 02:28:55
499,639,79,2021-11-05 13:13:12,2022-11-02 11:06:50
500,982,130,2021-10-31 18:50:28,2022-03-24 16:39:59
501,275,251,2021-04-08 17:05:22,2022-03-31 23:31:41
502,234,158,2021-08-17 22:38:17,2022-12-03 07:47:42
503,322,358,2021-08-27 16:46:28,2022-08-19 00:36:35
504,924,383,2021-09-16 21:01:06,2022-02-12 14:36:41
505,329,25,2021-01-11 18:40:27,2022-05-03 02:08:29
506,977,361,2021-02-13 19:28:26,2022-11-14 20:23:11
507,937,292,2021-01-24 02:06:16,2022-05-21 21:56:34
508,205,224,2021-06-04 21:43:28,2022-08-15 16:54:33
509,391,430,2021-02-14 02:37:38,2022-07-02 04:36:23
510,900,3,2021-05-16 22:42:48,2022-09-03 01:57:40
511,657,416,2021-02-23 12:08:13,2022-12-16 23:12:12
512,519,455,2021-05-22 05:47:26,2022-10-31 07:45:06
513,731,9,2021-07-21 17:40:24,2022-08-20 17:04:33
514,840,17,2021-11-16 09:15:41,2022-04-02 11:21:58
515,145,411,2021-06-03 18:45:26,2022-10-22 17:24:45
516,140,458,2021-03-10 09:15:32,2022-08-12 02:43:29
517,801,3,2021-11-20 22:40:00,2022-06-08 04:36:02
518,420,40,2021-06-15 04:45:59,2022-08-25 21:49:16
519,665,162,2021-02-04 00:56:13,2022-12-25 18:24:42
520,397,444,2021-12-04 19:44:58,2022-05-25 20:44:25
521,195,146,2021-11-05 13:40:56,2022-07-19 10:12:42
522,538,127,2021-05-09 21:25:16,2022-04-13 15:12:41
523,384,389,2021-06-10 05:41:18,2022-05-23 02:33:20
524,507,488,2021-05-02 08:56:21,2022-12-03 09:38:25
525,848,272,2021-12-02 09:06:31,2022-03-18 05:27:21
526,107,169,2021-07-12 17:42:32,2022-05-12 08:41:32
527,818,388,2021-04-28 16:43:55,2022-09-19 20:33:03
528,935,113,2021-10-17 00:25:05,2022-06-09 19:43:02
529,259,54,2021-02-23 03:55:15,2022-08-03 09:17:35
530,449,470,2021-04-06 20:09:44,2022-04-30 02:25:06
531,53,463,2021-03-21 09:02:29,2022-03-24 16:43:41
532,773,275,2021-05-28 15:32:04,2022-07-20 14:22:08
533,569,149,2021-01-27 16:33:47,2022-10-02 20:34:29
534,815,260,2021-01-26 00:57:44,2022-05-03 15:25:56
535,742,312,2021-02-15 13:00:36,2022-08-15 15:33:22
536,128,85,2021-05-31 16:16:42,2022-02-07 01:38:03
537,302,127,2021-02-23 20:51:09,2022-01-13 15:22:06
538,463,358,2021-01-14 10:42:12,2022-02-09 00:06:17
539,260,355,2021-10-05 01:24:56,2022-01-12 23:04:17
540,893,303,2021-06-27 03:50:23,2022-07-19 03:38:54
541,282,227,2021-05-11 04:45:15,2022-03-21 19:55:22
542,457,56,2021-10-29 23:59:30,2022-04-18 07:05:17
543,872,254,2021-02-03 09:36:40,2022-03-24 13:22:41
544,762,58,2021-05-16 20:42:17,2022-03-19 05:09:43
545,87,371,2021-04-05 01:21:11,2022-07-05 11:58:29
546,230,316,2021-02-03 08:05:49,2022-10-21 07:36:00
547,346,255,2021-12-11 20:27:52,2022-05-13 05:10:48
548,830,88,2021-09-20 20:19:36,2022-08-26 00:23:22
549,246,344,2021-06-04 21:41:38,2022-03-28 12:38:30
550,933,111,2021-03-19 11:23:00,2022-09-07 03:59:12
551,183,394,2021-01-17 21:27:48,2022-05-09 12:33:46
552,853,260,2021-10-06 14:30:24,2022-02-11 08:48:50
553,442,403,2021-09-29 00:10:29,2022-07-18 03:08:39
554,886,38,2021-09-11 02:40:49,2022-07-23 22:50:02
555,678,94,2021-03-28 16:43:46,2022-08-11 22:13:14
556,242,68,2021-08-19 14:30:52,2022-07-05 09:02:40
557,867,166,2021-05-17 20:26:49,2022-12-05 15:13:46
558,922,96,2021-08-28 23:39:32,2022-04-28 01:22:53
559,571,477,2021-04-04 09:27:58,2022-08-23 15:13:47
560,210,7,2021-12-14 22:56:11,2022-07-31 22:44:27
561,556,137,2021-09-13 13:06:26,2022-04-08 14:28:49
562,338,217,2021-04-30 02:52:32,2022-02-26 15:14:22
563,394,168,2021-11-14 02:18:16,2022-11-15 10:35:42
564,824,330,2021-01-12 22:46:15,2022-08-24 22:55:49
565,946,323,2021-09-06 23:50:19,2022-08-07 01:59:39
566,108,362,2021-07-01 10:28:44,2022-11-24 00:46:07
567,15,299,2021-08-04 12:45:38,2022-01-12 12:57:01
568,868,157,2021-06-18 18:31:14,2022-06-21 02:44:15
569,481,68,2021-11-03 15:49:24,2022-11-09 10:35:34
570,761,6,2021-05-28 02:08:35,2022-10-04 09:47:22
571,855,221,2021-09-19 12:53:10,2022-09-24 23:16:53
572,868,183,2021-11-28 11:38:51,2022-02-04 17:50:22
573,515,472,2021-12-05 10:14:54,2022-06-18 14:43:25
574,316,450,2021-09-18 01:57:18,2022-04-13 21:05:47
575,891,438,2021-07-29 23:12:43,2022-06-22 23:20:02
576,382,127,2021-11-05 09:33:21,2022-10-15 12:03:34
577,832,163,2021-03-20 17:12:02,2022-02-10 20:13:49
578,858,221,2021-05-27 11:31:06,2022-02-05 23:17:51
579,504,159,2021-07-30 12:39:17,2022-04-20 20:11:25
580,716,88,2021-10-22 06:46:58,2022-08-28 16:53:28
581,317,141,2021-10-27 18:22:37,2022-01-09 05:26:45
582,29,450,2021-11-10 09:38:21,2022-04-13 21:49:53
583,194,119,2021-06-14 21:17:22,2022-02-16 01:21:11
584,993,258,2021-06-11 19:14:43,2022-06-12 02:43:48
585,760,120,2021-04-18 17:43:50,2022-10-29 00:23:42
586,823,123,2021-09-03 05:12:05,2022-01-21 06:45:36
587,563,146,2021-11-13 02:00:04,2022-08-26 17:16:10
588,375,402,2021-10-20 09:21:20,2022-10-17 02:18:54
589,755,342,2021-08-13 02:47:52,2022-03-16 05:29:46
590,846,165,2021-12-24 09:23:33,2022-06-04 19:08:38
591,336,248,2021-12-04 11:58:02,2022-09-26 18:17:08
592,444,248,2021-12-27 02:25:17,2022-08-12 03:13:15
593,717,487,2021-06-18 03:48:49,2022-08-19 10:41:15
594,802,109,2021-01-27 00:44:32,2022-04-18 00:40:20
595,832,46,2021-02-21 13:58:24,2022-07-23 10:28:01
596,199,290,2021-07-27 06:26:01,2022-07-18 10:54:58
597,82,39,2021-11-11 00:16:05,2022-06-09 12:53:24
598,102,241,2021-06-12 05:05:41,2022-09-06 18:03:27
599,590,392,2021-08-11 10:29:04,2022-09-13 06:21:00
600,923,113,2021-03-23 16:44:01,2022-09-23 07:02:19
601,895,152,2021-08-31 15:56:09,2022-06-01 12:27:51
602,551,418,2021-01-19 17:33:06,2022-11-13 13:40:01
603,954,265,2021-10-02 12:10:25,2022-07-06 12:29:59
604,533,114,2021-01-09 18:02:43,2022-09-02 07:03:53
605,768,182,2021-05-07 21:28:28,2022-04-08 19:49:28
606,3,54,2021-07-17 12:03:28,2022-08-09 05:46:57
607,92,397,2021-11-12 11:19:32,2022-06-20 05:19:26
608,880,237,2021-05-01 16:22:36,2022-07-08 21:44:30
609,956,356,2021-07-26 01:45:35,2022-07-12 22:49:59
610,367,462,2021-02-21 09:28:03,2022-07-17 13:08:53
611,760,424,2021-10-22 00:59:33,2022-08-17 03:34:04
612,814,485,2021-06-25 04:17:33,2022-02-21 08:04:00
613,91,87,2021-02-04 15:10:17,2022-07-29 13:48:05
614,237,174,2021-11-27 19:48:49,2022-04-15 06:02:12
615,436,61,2021-04-22 16:40:46,2022-02-19 15:26:38
616,810,421,2021-08-08 16:10:52,2022-04-29 23:46:57
617,453,17,2021-05-30 14:31:30,2022-08-27 22:12:05
618,255,205,2021-04-03 14:48:44,2022-06-17 05:17:29
619,716,275,2021-03-30 01:05:32,2022-03-28 07:00:23
620,245,458,2021-06-11 08:06:19,2022-11-12 01:32:22
621,438,107,2021-07-06 18:32:41,2022-04-14 22:02:35
622,667,494,2021-05-08 07:47:29,2022-01-20 05:04:43
623,163,485,2021-07-24 21:37:43,2022-05-11 02:35:40
624,434,257,2021-09-09 19:35:09,2022-01-28 13:47:29
625,458,493,2021-08-02 03:12:07,2022-07-11 10:05:05
626,457,83,2021-12-02 05:33:22,2022-06-07 19:14:49
627,117,83,2021-07-25 18:37:32,2022-05-14 05:34:27
628,560,456,2021-11-27 11:13:44,2022-04-05 14:58:06
629,272,361,2021-10-15 12:36:28,2022-10-04 06:46:51
630,874,65,2021-04-23 15:12:19,2022-04-02 11:54:36
631,330,151,2021-12-01 11:17:57,2022-02-25 18:14:08
632,982,229,2021-12-19 20:07:21,2022-12-28 03:39:40
633,721,200,2021-05-31 19:03:32,2022-10-22 22:26:42
634,565,348,2021-03-08 21:34:06,2022-02-05 03:32:53
635,806,339,2021-04-28 10:43:56,2022-11-16 04:22:11
636,281,465,2021-10-12 20:54:44,2022-10-15 03:02:00
637,752,65,2021-07-23 16:57:53,2022-07-15 01:18:34
638,867,301,2021-07-05 10:10:08,2022-01-25 00:08:24
639,830,65,2021-09-18 23:52:32,2022-12-27 17:43:05
640,438,4,2021-12-26 07:27:41,2022-03-17 00:14:24
641,933,63,2021-12-07 03:01:14,2022-11-18 21:02:35
642,851,127,2021-03-17 22:55:09,2022-09-06 20:12:45
643,623,351,2021-10-15 07:44:30,2022-05-13 08:39:23
644,608,146,2021-03-14 21:39:46,2022-08-17 20:58:52
645,338,210,2021-05-19 10:59:59,2022-04-24 06:15:20
646,651,181,2021-09-22 06:22:50,2022-03-11 03:18:37
647,286,370,2021-07-07 10:21:43,2022-07-04 22:11:19
648,985,221,2021-09-16 23:38:25,2022-12-09 07:09:23
649,588,281,2021-03-08 22:28:23,2022-11-07 21:13:50
650,277,308,2021-11-03 02:39:33,2022-02-13 21:56:39
651,647,78,2021-05-17 17:49:32,2022-04-18 06:54:39
652,258,232,2021-03-22 12:46:26,2022-09-30 01:37:09
653,714,160,2021-04-05 12:03:35,2022-06-16 12:54:55
654,136,326,2021-10-09 12:12:58,2022-09-04 18:50:25
655,669,403,2021-10-09 08:53:22,2022-12-03 05:45:06
656,189,113,2021-12-29 15:18:16,2022-11-05 07:03:50
657,341,372,2021-03-19 15:08:33,2022-10-08 00:22:37
658,849,179,2021-02-10 14:46:38,2022-02-21 08:56:58
659,651,20,2021-10-07 13:56:09,2022-04-30 09:50:21
660,7,203,2021-04-13 23:49:24,2022-07-28 12:08:13
661,843,142,2021-12-14 23:13:11,2022-02-18 07:10:30
662,251,176,2021-07-29 10:02:49,2022-07-17 13:41:11
663,506,10,2021-06-10 00:52:45,2022-05-25 17:56:05
664,741,220,2021-11-10 16:55:26,2022-02-09 04:58:07
665,104,91,2021-12-17 21:36:17,2022-03-20 17:32:24
666,367,443,2021-05-28 13:16:32,2022-07-01 17:53:36
667,723,338,2021-02-17 19:18:53,2022-08-09 15:23:29
668,608,498,2021-09-02 14:38:26,2022-02-20 00:19:59
669,590,483,2021-11-21 21:59:46,2022-07-20 12:31:46
670,927,439,2021-10-24 10:06:47,2022-10-29 15:04:40
671,771,198,2021-10-19 01:43:57,2022-02-24 01:57:30
672,678,347,2021-09-07 12:37:21,2022-04-21 19:47:58
673,995,479,2021-01-10 01:02:31,2022-03-21 19:59:47
674,664,295,2021-04-26 02:02:19,2022-06-20 02:01:31
675,23,300,2021-10-07 01:58:09,2022-09-30 11:35:49
676,280,111,2021-07-24 08:22:45,2022-09-09 03:57:46
677,402,340,2021-03-25 15:59:29,2022-09-09 01:02:01
678,336,313,2021-07-03 14:09:00,2022-01-20 03:29:09
679,818,473,2021-08-12 23:10:32,2022-12-27 22:38:14
680,884,45,2021-09-08 09:40:05,2022-10-02 20:07:50
681,261,225,2021-02-04 10:10:21,2022-05-17 03:39:36
682,644,255,2021-01-31 21:33:46,2022-10-01 16:46:09
683,879,168,2021-02-24 19:43:50,2022-10-17 22:14:28
684,234,211,2021-01-25 09:18:59,2022-10-09 20:41:32
685,751,15,2021-05-18 22:29:27,2022-10-22 18:59:24
686,986,269,2021-03-30 16:37:44,2022-04-15 20:59:38
687,946,146,2021-05-27 16:43:09,2022-10-07 08:18:49
688,642,65,2021-08-15 18:36:06,2022-07-10 11:16:55
689,242,66,2021-10-06 23:07:23,2022-09-19 11:08:26
690,692,297,2021-08-02 21:05:45,2022-06-18 10:24:19
691,214,291,2021-05-26 08:29:37,2022-12-22 07:56:07
692,71,350,2021-02-05 07:20:22,2022-08-04 16:52:28
693,382,353,2021-05-14 01:08:33,2022-06-21 00:46:15
694,593,264,2021-09-06 12:37:34,2022-03-29 16:24:16
695,316,252,2021-01-02 09:35:46,2022-08-28 09:47:46
696,431,417,2021-11-09 10:07:31,2022-11-10 01:48:14
697,621,235,2021-06-10 19:14:17,2022-10-18 20:05:09
698,42,158,2021-09-16 14:08:59,2022-06-15 21:15:59
699,81,136,2021-11-25 21:06:47,2022-02-13 07:06:30
700,479,250,2021-01-29 20:20:26,2022-06-28 04:19:41
701,378,178,2021-02-14 00:31:27,2022-07-05 18:26:30
702,318,44,2021-01-04 13:24:51,2022-03-04 21:58:40
703,15,216,2021-09-21 00:42:08,2022-06-22 07:28:13
704,170,440,2021-01-23 05:54:12,2022-11-30 11:30:18
705,718,348,2021-07-06 13:14:08,2022-06-20 16:55:47
706,119,15,2021-08-24 14:17:32,2022-01-05 22:07:49
707,236,5,2021-09-15 21:18:33,2022-04-18 12:50:08
708,10,439,2021-11-23 02:34:18,2022-02-14 15:10:33
709,792,140,2021-05-26 09:59:08,2022-07-07 18:48:37
710,753,348,2021-04-08 11:19:10,2022-12-09 03:14:10
711,676,257,2021-01-24 14:14:19,2022-02-08 03:10:44
712,160,225,2021-12-23 05:34:47,2022-12-19 05:39:51
713,534,301,2021-06-05 10:22:23,2022-12-03 10:44:52
714,230,140,2021-01-04 01:36:53,2022-08-11 01:02:44
715,41,287,2021-08-17 04:07:44,2022-01-03 20:44:20
716,127,331,2021-08-19 05:21:41,2022-08-30 15:16:22
717,590,294,2021-08-06 21:56:18,2022-10-27 23:24:31
718,581,6,2021-05-03 14:18:21,2022-12-10 23:33:36
719,199,403,2021-02-10 10:59:46,2022-02-14 21:45:54
720,52,484,2021-03-26 19:15:51,2022-03-30 15:27:07
721,739,270,2021-02-13 19:00:54,2022-03-14 20:39:51
722,425,161,2021-08-27 21:11:22,2022-10-17 22:15:35
723,396,167,2021-02-15 12:03:41,2022-08-06 03:04:24
724,448,152,2021-09-26 09:30:48,2022-07-05 21:08:52
725,740,27,2021-10-20 09:32:32,2022-07-26 11:12:01
726,236,166,2021-02-17 03:23:26,2022-03-18 12:51:21
727,990,459,2021-02-09 19:22:29,2022-12-15 15:23:29
728,186,437,2021-01-17 11:53:05,2022-10-26 01:59:16
729,117,240,2021-11-15 11:04:58,2022-07-26 16:32:28
730,469,118,2021-04-21 01:25:20,2022-07-29 03:10:27
731,604,444,2021-03-09 11:27:56,2022-10-22 12:28:08
732,974,93,2021-07-22 12:41:55,2022-09-02 23:03:41
733,689,113,2021-08-01 03:42:09,2022-06-07 07:12:10
734,154,401,2021-02-12 03:33:01,2022-02-28 08:45:33
735,522,478,2021-07-03 09:20:26,2022-01-24 14:22:35
736,811,178,2021-01-02 12:47:14,2022-03-07 23:01:09
737,108,401,2021-11-16 01:14:12,2022-07-05 12:40:46
738,165,255,2021-02-25 02:54:53,2022-05-27 02:49:41
739,276,102,2021-10-06 10:21:08,2022-06-04 08:18:02
740,381,207,2021-10-16 03:54:26,2022-10-20 00:46:45
741,397,459,2021-03-09 02:42:49,2022-07-26 02:31:53
742,294,273,2021-08-20 22:58:20,2022-01-11 01:24:00
743,257,57,2021-03-07 08:37:19,2022-05-07 10:19:41
744,589,190,2021-04-26 22:11:19,2022-06-12 19:50:15
745,291,201,2021-04-24 13:15:58,2022-07-12 06:09:19
746,112,3,2021-12-08 14:27:32,2022-04-11 06:48:24
747,908,48,2021-10-03 09:55:26,2022-06-07 21:42:36
748,594,182,2021-08-13 23:03:38,2022-06-25 15:00:25
749,88,199,2021-06-28 12:51:31,2022-09-20 05:13:01
750,710,443,2021-01-23 04:35:23,2022-10-31 03:49:23
751,69,85,2021-09-07 08:44:08,2022-01-21 15:32:23
752,756,286,2021-01-02 08:18:05,2022-09-18 01:14:05
753,703,276,2021-04-29 13:29:55,2022-10-27 12:10:27
754,632,270,2021-02-13 14:37:18,2022-09-02 10:08:05
755,858,282,2021-11-23 03:22:07,2022-12-06 06:31:47
756,610,427,2021-12-05 16:36:42,2022-01-04 06:12:19
757,996,432,2021-05-03 08:02:31,2022-11-29 01:51:04
758,470,98,2021-12-13 17:50:22,2022-10-20 06:36:23
759,469,429,2021-05-08 08:38:52,2022-02-06 18:23:22
760,750,81,2021-10-23 10:58:32,2022-05-14 07:31:10
761,994,134,2021-04-07 15:55:01,2022-08-30 03:07:03
762,803,92,2021-10-11 12:22:41,2022-01-26 10:40:09
763,161,84,2021-12-24 16:41:15,2022-05-19 08:59:14
764,353,399,2021-10-24 17:56:48,2022-08-03 15:52:30
765,940,308,2021-08-24 15:30:00,2022-05-06 07:40:41
766,964,488,2021-08-17 19:45:23,2022-08-23 10:02:48
767,277,435,2021-09-08 21:59:05,2022-12-29 02:11:53
768,248,309,2021-08-27 21:25:55,2022-11-07 20:43:02
769,84,217,2021-03-27 17:22:06,2022-03-18 16:47:22
770,250,93,2021-04-29 02:05:22,2022-11-12 08:09:16
771,80,76,2021-04-11 11:01:23,2022-05-16 09:16:07
772,321,301,2021-11-02 06:16:11,2022-07-29 09:39:54
773,468,72,2021-02-28 08:01:18,2022-11-06 21:21:34
774,707,279,2021-11-05 06:23:48,2022-07-18 18:29:58
775,846,89,2021-06-06 18:47:58,2022-09-06 02:31:44
776,951,211,2021-12-10 16:59:02,2022-01-24 22:24:38
777,169,48,2021-01-21 20:49:35,2022-10-09 05:05:48
778,525,32,2021-01-06 01:39:15,2022-09-14 07:14:39
779,801,209,2021-11-07 22:34:43,2022-10-19 03:12:04
780,485,311,2021-09-07 19:29:05,2022-10-29 12:23:32
781,316,91,2021-05-08 06:45:17,2022-07-12 06:42:07
782,835,68,2021-11-17 02:11:39,2022-11-20 16:56:50
783,910,226,2021-11-29 15:49:26,2022-06-20 11:15:53
784,399,493,2021-06-26 21:11:12,2022-11-06 20:18:56
785,526,378,2021-10-16 06:35:10,2022-03-19 09:33:34
786,957,356,2021-09-09 05:26:41,2022-05-19 17:11:34
787,210,21,2021-05-09 19:31:01,2022-03-25 01:27:56
788,817,37,2021-02-26 20:52:00,2022-03-15 21:38:09
789,416,63,2021-06-04 07:09:01,2022-06-22 08:13:48
790,152,33,2021-08-07 17:41:17,2022-05-20 21:49:25
791,303,331,2021-08-09 20:57:16,2022-01-21 10:11:19
792,774,458,2021-05-05 05:33:57,2022-08-20 03:49:23
793,100,377,2021-06-02 18:39:17,2022-03-22 18:40:54
794,10,159,2021-04-01 06:18:17,2022-12-09 19:37:01
795,417,75,2021-05-12 19:49:43,2022-04-22 15:30:11
796,316,387,2021-01-25 06:50:56,2022-08-16 01:15:36
797,380,22,2021-04-17 02:32:40,2022-08-07 14:21:38
798,717,401,2021-07-12 11:09:12,2022-11-08 20:58:48
799,17,219,2021-10-30 13:58:17,2022-03-08 04:16:13
800,928,83,2021-05-03 11:36:38,2022-08-21 08:47:08
801,64,372,2021-06-21 19:11:36,2022-10-01 17:41:48
802,127,460,2021-12-08 10:07:56,2022-07-30 12:25:26
803,869,113,2021-11-13 05:39:44,2022-02-08 07:08:14
804,466,318,2021-05-27 14:47:06,2022-02-02 18:11:28
805,779,393,2021-11-24 13:57:09,2022-10-10 22:16:56
806,276,106,2021-09-25 15:56:06,2022-09-04 06:06:33
807,578,455,2021-08-18 04:22:06,2022-10-19 10:38:39
808,712,265,2021-10-16 18:14:21,2022-07-07 17:00:27
809,980,358,2021-04-16 08:29:57,2022-04-18 04:04:30
810,206,83,2021-07-30 23:50:25,2022-08-15 02:56:39
811,826,152,2021-03-27 22:20:00,2022-05-15 04:02:19
812,309,345,2021-03-22 00:52:11,2022-10-17 04:15:32
813,810,74,2021-05-19 09:45:04,2022-09-01 10:47:42
814,114,190,2021-05-25 22:11:27,2022-06-24 13:40:39
815,821,187,2021-06-19 00:19:01,2022-03-17 17:56:18
816,801,429,2021-12-25 01:15:24,2022-04-14 12:42:53
817,358,105,2021-02-12 09:05:48,2022-08-29 21:27:19
818,201,250,2021-11-15 15:09:10,2022-05-16 10:28:20
819,582,43,2021-08-10 14:00:53,2022-12-08 10:20:43
820,464,23,2021-07-29 20:35:42,2022-07-31 21:25:47
821,566,293,2021-09-06 07:12:04,2022-04-18 07:29:31
822,353,179,2021-04-23 20:03:09,2022-09-22 02:09:13
823,829,417,2021-04-27 10:49:04,2022-03-28 21:32:44
824,352,55,2021-12-27 21:40:56,2022-05-31 18:56:31
825,196,266,2021-06-22 22:13:56,2022-04-18 02:49:14
826,337,170,2021-09-14 20:20:31,2022-06-15 00:18:53
827,910,19,2021-02-23 12:37:56,2022-06-02 12:19:30
828,355,152,2021-02-09 07:34:28,2022-12-09 18:48:23
829,891,168,2021-01-24 03:04:28,2022-08-03 12:55:38
830,404,239,2021-01-18 23:35:19,2022-09-28 23:22:06
831,931,67,2021-01-19 21:40:58,2022-01-06 03:43:26
832,289,212,2021-01-12 14:26:18,2022-10-30 13:14:24
833,540,45,2021-05-04 20:43:18,2022-05-20 02:24:42
834,970,133,2021-01-29 18:49:56,2022-02-07 03:01:43
835,195,397,2021-10-16 17:13:26,2022-01-05 23:17:20
836,997,386,2021-06-11 08:49:04,2022-11-09 15:54:29
837,288,328,2021-11-30 21:11:13,2022-01-26 22:22:20
838,833,392,2021-07-05 18:41:13,2022-09-14 23:27:45
839,993,76,2021-03-05 13:22:30,2022-12-02 18:23:35
840,89,310,2021-12-04 21:26:52,2022-11-23 14:13:43
841,422,366,2021-06-12 00:32:38,2022-04-09 19:49:37
842,238,158,2021-06-01 23:01:10,2022-06-23 09:50:52
843,6,106,2021-02-15 11:02:02,2022-08-13 03:04:24
844,71,184,2021-09-30 03:03:26,2022-10-16 05:02:44
845,965,389,2021-09-12 08:12:42,2022-04-16 08:01:02
846,177,49,2021-11-27 03:50:51,2022-09-27 07:45:59
847,162,407,2021-05-26 15:53:49,2022-06-22 22:10:23
848,365,228,2021-06-10 14:14:10,2022-06-01 03:06:22
849,8,76,2021-05-23 21:08:01,2022-12-21 00:59:03
850,643,131,2021-01-19 07:01:24,2022-01-04 09:14:00
851,469,195,2021-05-11 20:32:29,2022-01-04 16:04:58
852,96,140,2021-01-07 10:34:16,2022-12-15 10:15:59
853,280,252,2021-05-24 06:55:34,2022-02-03 13:40:48
854,32,367,2021-09-27 09:34:51,2022-06-03 01:05:39
855,310,448,2021-12-08 05:03:04,2022-11-02 20:31:47
856,449,163,2021-08-15 17:55:28,2022-07-19 18:16:42
857,139,330,2021-01-08 00:26:18,2022-12-06 03:22:08
858,725,14,2021-01-16 00:53:11,2022-06-17 15:57:20
859,462,154,2021-12-17 14:50:51,2022-05-03 10:43:21
860,850,66,2021-03-29 14:40:06,2022-07-02 14:57:39
861,701,441,2021-11-10 22:54:45,2022-12-16 07:54:27
862,907,42,2021-03-11 00:23:47,2022-01-08 03:59:36
863,150,461,2021-03-11 12:37:21,2022-10-04 04:43:20
864,373,451,2021-11-19 13:19:59,2022-08-31 14:22:50
865,140,137,2021-12-27 03:10:56,2022-02-28 10:46:43
866,40,157,2021-06-13 02:21:46,2022-09-16 14:08:04
867,94,437,2021-04-08 12:54:22,2022-02-23 23:35:19
868,575,405,2021-12-05 04:18:24,2022-02-03 20:15:55
869,513,104,2021-06-20 08:21:50,2022-10-05 16:49:01
870,18,368,2021-09-14 22:15:32,2022-08-10 14:56:18
871,432,226,2021-10-15 02:45:51,2022-08-13 06:39:34
872,664,278,2021-08-29 03:51:27,2022-05-02 17:20:41
873,805,358,2021-08-19 19:07:41,2022-04-12 20:25:07
874,233,399,2021-04-15 16:54:21,2022-10-28 04:41:25
875,275,384,2021-06-21 17:36:50,2022-05-10 02:35:49
876,864,168,2021-08-17 19:55:20,2022-01-31 12:46:53
877,220,435,2021-03-06 12:34:13,2022-12-24 02:02:18
878,986,244,2021-10-15 14:47:19,2022-01-24 04:02:59
879,860,402,2021-08-08 16:57:55,2022-11-16 03:38:51
880,230,435,2021-03-27 03:51:44,2022-07-10 08:46:12
881,806,365,2021-07-03 06:35:11,2022-07-13 17:27:32
882,664,356,2021-12-08 11:35:49,2022-11-01 23:55:02
883,810,500,2021-04-30 02:58:27,2022-10-05 01:34:12
884,296,69,2021-09-25 17:54:34,2022-09-19 17:20:32
885,43,43,2021-10-29 22:56:22,2022-09-20 16:13:23
886,97,141,2021-09-25 22:51:12,2022-11-12 15:15:17
887,504,309,2021-07-22 16:44:16,2022-01-31 04:27:38
888,472,450,2021-10-21 18:28:04,2022-08-28 15:44:57
889,555,295,2021-03-14 00:46:56,2022-03-23 13:41:05
890,606,17,2021-03-12 12:16:55,2022-10-20 15:36:44
891,547,308,2021-11-15 12:20:23,2022-03-22 23:58:45
892,223,4,2021-10-30 04:05:43,2022-03-16 03:26:24
893,559,9,2021-04-16 15:00:14,2022-06-19 14:22:56
894,166,73,2021-12-24 12:31:11,2022-04-14 20:20:06
895,251,234,2021-06-12 06:46:42,2022-05-25 16:15:23
896,434,498,2021-12-05 09:30:52,2022-12-28 05:52:42
897,541,413,2021-07-31 00:20:10,2022-01-06 00:47:53
898,816,485,2021-04-19 22:20:18,2022-03-16 17:20:15
899,546,220,2021-03-12 23:08:13,2022-03-17 19:37:32
900,750,99,2021-04-16 05:14:10,2022-02-07 23:10:06
901,349,221,2021-03-29 20:20:11,2022-06-30 01:56:46
902,444,55,2021-05-25 08:08:31,2022-11-05 15:18:55
903,765,102,2021-06-24 07:13:47,2022-06-29 01:35:54
904,684,200,2021-03-13 17:59:18,2022-05-06 06:01:58
905,294,183,2021-05-29 05:08:52,2022-09-03 08:42:00
906,490,482,2021-04-30 23:57:33,2022-03-29 17:35:07
907,556,58,2021-08-04 14:40:15,2022-10-14 20:28:58
908,529,163,2021-02-03 13:41:50,2022-08-29 03:17:56
909,633,420,2021-04-12 12:16:17,2022-01-07 20:45:24
910,136,307,2021-09-01 15:22:36,2022-01-14 00:36:49
911,53,357,2021-12-23 05:31:19,2022-07-23 11:25:52
912,555,317,2021-05-17 18:21:00,2022-04-19 06:11:42
913,468,58,2021-04-17 04:13:45,2022-03-03 11:00:39
914,54,19,2021-06-19 16:23:20,2022-07-03 16:24:37
915,432,429,2021-11-03 13:00:38,2022-10-17 00:36:27
916,790,51,2021-10-06 11:08:56,2022-07-06 20:51:04
917,940,212,2021-06-04 18:59:10,2022-09-28 22:16:31
918,306,250,2021-12-01 13:14:17,2022-08-15 00:55:04
919,853,108,2021-09-18 01:20:00,2022-08-02 00:14:31
920,189,447,2021-05-02 04:15:47,2022-10-23 18:05:41
921,972,113,2021-06-04 17:55:59,2022-11-29 04:33:16
922,333,316,2021-03-19 01:56:27,2022-07-24 21:32:30
923,462,53,2021-01-24 07:04:23,2022-07-27 14:57:58
924,877,114,2021-06-04 09:16:04,2022-06-19 02:55:50
925,522,242,2021-08-12 19:16:11,2022-07-29 21:51:00
926,695,249,2021-02-24 18:53:39,2022-02-10 01:15:09
927,6,85,2021-01-15 06:04:43,2022-10-19 05:41:57
928,889,326,2021-10-13 12:58:21,2022-06-01 08:08:48
929,59,212,2021-07-31 15:59:37,2022-12-28 08:37:28
930,701,459,2021-12-10 07:04:51,2022-03-31 06:27:56
931,307,500,2021-10-17 03:34:36,2022-12-21 03:25:39
932,617,314,2021-06-11 13:36:47,2022-04-25 19:23:28
933,993,206,2021-08-30 09:14:37,2022-09-04 08:23:06
934,95,283,2021-07-14 12:08:49,2022-02-26 20:30:02
935,769,404,2021-02-25 00:11:35,2022-08-25 22:21:13
936,286,405,2021-06-01 10:44:22,2022-04-25 14:29:35
937,657,373,2021-08-04 15:11:00,2022-08-18 08:34:21
938,329,421,2021-11-07 22:34:43,2022-10-19 06:21:46
939,115,8,2021-07-10 02:11:08,2022-10-11 14:45:59
940,323,420,2021-07-06 08:13:13,2022-02-14 19:32:26
941,494,300,2021-12-26 13:49:07,2022-02-15 21:59:12
942,506,144,2021-12-13 03:00:17,2022-04-09 08:43:49
943,749,216,2021-11-04 11:16:09,2022-02-14 05:07:48
944,977,149,2021-03-19 22:56:46,2022-01-12 14:15:21
945,84,188,2021-01-14 07:57:49,2022-10-24 03:58:57
946,563,436,2021-01-04 18:42:38,2022-05-06 11:58:22
947,165,75,2021-11-12 16:46:18,2022-07-17 05:57:54
948,44,424,2021-06-28 23:00:50,2022-01-14 20:23:20
949,249,401,2021-10-01 05:05:12,2022-11-01 09:00:49
950,497,292,2021-09-02 03:16:40,2022-06-07 11:30:11
951,860,350,2021-06-24 21:00:17,2022-03-03 08:14:13
952,431,371,2021-12-27 05:53:06,2022-09-23 08:55:54
953,726,468,2021-06-30 21:47:26,2022-04-28 13:26:56
954,229,389,2021-05-26 15:12:21,2022-12-26 22:11:28
955,568,240,2021-12-24 04:33:56,2022-03-13 14:07:23
956,850,168,2021-09-13 06:41:46,2022-12-16 17:14:57
957,222,3,2021-03-31 21:11:33,2022-11-08 01:21:41
958,167,276,2021-02-06 02:30:57,2022-03-18 01:19:46
959,930,294,2021-12-16 12:19:21,2022-07-07 15:44:39
960,976,123,2021-06-23 00:16:09,2022-06-26 11:06:34
961,492,362,2021-06-08 11:53:15,2022-08-29 03:11:12
962,387,111,2021-03-18 04:26:14,2022-03-31 01:46:42
963,210,137,2021-04-22 02:18:32,2022-07-04 08:47:48
964,849,27,2021-06-02 02:09:01,2022-04-29 14:48:36
965,592,111,2021-11-13 21:53:27,2022-10-18 10:42:45
966,495,46,2021-12-24 11:31:25,2022-05-25 18:28:16
967,226,284,2021-05-25 14:14:57,2022-08-12 23:18:55
968,416,295,2021-06-14 03:37:49,2022-10-11 04:57:16
969,82,321,2021-02-25 12:44:51,2022-12-19 00:23:02
970,735,383,2021-12-17 05:08:30,2022-09-04 10:39:06
971,985,232,2021-09-29 08:03:12,2022-01-20 08:35:53
972,364,306,2021-06-06 13:02:30,2022-09-05 16:01:51
973,962,165,2021-10-23 10:19:59,2022-09-06 14:48:45
974,333,253,2021-06-28 22:56:38,2022-01-02 20:56:45
975,337,81,2021-08-25 02:48:05,2022-09-21 15:43:00
976,666,158,2021-01-24 18:47:37,2022-05-12 22:29:05
977,81,481,2021-05-10 19:04:19,2022-05-28 03:01:41
978,873,156,2021-11-08 14:26:17,2022-09-23 22:59:57
979,668,394,2021-03-31 09:02:41,2022-06-18 20:06:56
980,439,163,2021-11-08 14:38:58,2022-12-11 11:35:58
981,236,463,2021-04-15 22:09:14,2022-01-26 01:25:15
982,698,74,2021-02-03 16:36:23,2022-03-29 02:25:36
983,338,105,2021-10-01 22:43:23,2022-10-14 19:07:07
984,615,224,2021-11-11 00:05:57,2022-02-28 04:12:54
985,844,374,2021-06-01 10:22:51,2022-07-11 22:36:50
986,970,380,2021-06-09 13:27:19,2022-07-19 03:47:43
987,489,154,2021-02-10 00:22:45,2022-04-23 23:38:03
988,887,464,2021-11-19 00:27:09,2022-03-23 16:08:12
989,134,198,2021-05-02 22:37:44,2022-04-13 10:51:57
990,379,397,2021-12-15 13:52:56,2022-02-20 00:17:59
991,129,111,2021-01-30 00:10:23,2022-09-09 17:49:11
992,445,67,2021-07-03 02:59:54,2022-01-12 23:42:19
993,190,274,2021-02-24 19:44:27,2022-08-16 16:25:13
994,266,212,2021-06-24 18:11:57,2022-06-16 02:31:18
995,528,269,2021-12-02 22:16:41,2022-02-24 14:47:10
996,826,164,2021-05-01 08:37:14,2022-10-23 12:42:06
997,378,1,2021-10-12 13:37:31,2022-04-04 11:54:29
998,402,433,2021-01-12 03:25:39,2022-09-09 12:44:32
999,978,426,2021-12-23 01:01:38,2022-08-30 14:14:44
1000,443,328,2021-02-01 00:53:42,2022-03-05 17:31:16
